/*
MySQL Backup
Source Server Version: 5.0.22
Source Database: jsh_erp
Date: 2017-11-19 23:19:30
*/

SET FOREIGN_KEY_CHECKS=0;

-- ----------------------------
--  Table structure for `databasechangelog`
-- ----------------------------
DROP TABLE IF EXISTS `databasechangelog`;
CREATE TABLE `databasechangelog` (
  `ID` varchar(255) NOT NULL,
  `AUTHOR` varchar(255) NOT NULL,
  `FILENAME` varchar(255) NOT NULL,
  `DATEEXECUTED` datetime NOT NULL,
  `ORDEREXECUTED` int(11) NOT NULL,
  `EXECTYPE` varchar(10) NOT NULL,
  `MD5SUM` varchar(35) default NULL,
  `DESCRIPTION` varchar(255) default NULL,
  `COMMENTS` varchar(255) default NULL,
  `TAG` varchar(255) default NULL,
  `LIQUIBASE` varchar(20) default NULL
) ENGINE=InnoDB DEFAULT CHARSET=utf8;

-- ----------------------------
--  Table structure for `databasechangeloglock`
-- ----------------------------
DROP TABLE IF EXISTS `databasechangeloglock`;
CREATE TABLE `databasechangeloglock` (
  `ID` int(11) NOT NULL,
  `LOCKED` bit(1) NOT NULL,
  `LOCKGRANTED` datetime default NULL,
  `LOCKEDBY` varchar(255) default NULL,
  PRIMARY KEY  (`ID`)
) ENGINE=InnoDB DEFAULT CHARSET=utf8;

-- ----------------------------
--  Table structure for `jsh_account`
-- ----------------------------
DROP TABLE IF EXISTS `jsh_account`;
CREATE TABLE `jsh_account` (
  `Id` bigint(20) NOT NULL auto_increment,
  `Name` varchar(50) default NULL COMMENT '名称',
  `SerialNo` varchar(50) default NULL COMMENT '编号',
  `InitialAmount` double default NULL COMMENT '期初金额',
  `CurrentAmount` double default NULL COMMENT '当前余额',
  `Remark` varchar(100) default NULL COMMENT '备注',
  PRIMARY KEY  (`Id`)
) ENGINE=InnoDB DEFAULT CHARSET=utf8;

-- ----------------------------
--  Table structure for `jsh_accounthead`
-- ----------------------------
DROP TABLE IF EXISTS `jsh_accounthead`;
CREATE TABLE `jsh_accounthead` (
  `Id` bigint(20) NOT NULL auto_increment,
  `Type` varchar(50) default NULL COMMENT '类型(支出/收入/收款/付款/转账)',
  `OrganId` bigint(20) default NULL COMMENT '单位Id(收款/付款单位)',
  `HandsPersonId` bigint(20) default NULL COMMENT '经手人Id',
  `ChangeAmount` double default NULL COMMENT '变动金额(优惠/收款/付款/实付)',
  `TotalPrice` double default NULL COMMENT '合计金额',
  `AccountId` bigint(20) default NULL COMMENT '账户(收款/付款)',
  `BillNo` varchar(50) default NULL COMMENT '单据编号',
  `BillTime` datetime default NULL COMMENT '单据日期',
  `Remark` varchar(100) default NULL COMMENT '备注',
  PRIMARY KEY  (`Id`),
  KEY `FK9F4C0D8DB610FC06` (`OrganId`),
  KEY `FK9F4C0D8DAAE50527` (`AccountId`),
  KEY `FK9F4C0D8DC4170B37` (`HandsPersonId`),
  CONSTRAINT `FK9F4C0D8DAAE50527` FOREIGN KEY (`AccountId`) REFERENCES `jsh_account` (`Id`),
  CONSTRAINT `FK9F4C0D8DB610FC06` FOREIGN KEY (`OrganId`) REFERENCES `jsh_supplier` (`id`),
  CONSTRAINT `FK9F4C0D8DC4170B37` FOREIGN KEY (`HandsPersonId`) REFERENCES `jsh_person` (`Id`)
) ENGINE=InnoDB DEFAULT CHARSET=utf8;

-- ----------------------------
--  Table structure for `jsh_accountitem`
-- ----------------------------
DROP TABLE IF EXISTS `jsh_accountitem`;
CREATE TABLE `jsh_accountitem` (
  `Id` bigint(20) NOT NULL auto_increment,
  `HeaderId` bigint(20) NOT NULL COMMENT '表头Id',
  `AccountId` bigint(20) default NULL COMMENT '账户Id',
  `InOutItemId` bigint(20) default NULL COMMENT '收支项目Id',
  `EachAmount` double default NULL COMMENT '单项金额',
  `Remark` varchar(100) default NULL COMMENT '单据备注',
  PRIMARY KEY  (`Id`),
  KEY `FK9F4CBAC0AAE50527` (`AccountId`),
  KEY `FK9F4CBAC0C5FE6007` (`HeaderId`),
  KEY `FK9F4CBAC0D203EDC5` (`InOutItemId`),
  CONSTRAINT `FK9F4CBAC0AAE50527` FOREIGN KEY (`AccountId`) REFERENCES `jsh_account` (`Id`),
  CONSTRAINT `FK9F4CBAC0C5FE6007` FOREIGN KEY (`HeaderId`) REFERENCES `jsh_accounthead` (`Id`) ON DELETE CASCADE,
  CONSTRAINT `FK9F4CBAC0D203EDC5` FOREIGN KEY (`InOutItemId`) REFERENCES `jsh_inoutitem` (`Id`)
) ENGINE=InnoDB DEFAULT CHARSET=utf8;

-- ----------------------------
--  Table structure for `jsh_app`
-- ----------------------------
DROP TABLE IF EXISTS `jsh_app`;
CREATE TABLE `jsh_app` (
  `Id` bigint(20) NOT NULL auto_increment,
  `Number` varchar(50) default NULL,
  `Name` varchar(50) default NULL,
  `Type` varchar(50) default NULL,
  `Icon` varchar(50) default NULL,
  `URL` varchar(50) default NULL,
  `Width` varchar(50) default NULL,
  `Height` varchar(50) default NULL,
  `ReSize` bit(1) default NULL,
  `OpenMax` bit(1) default NULL,
  `Flash` bit(1) default NULL,
  `ZL` varchar(50) default NULL,
  `Sort` varchar(50) default NULL,
  `Remark` varchar(200) default NULL,
  `Enabled` bit(1) default NULL,
  PRIMARY KEY  (`Id`)
) ENGINE=InnoDB DEFAULT CHARSET=utf8;

-- ----------------------------
--  Table structure for `jsh_asset`
-- ----------------------------
DROP TABLE IF EXISTS `jsh_asset`;
CREATE TABLE `jsh_asset` (
  `id` bigint(20) NOT NULL auto_increment,
  `assetnameID` bigint(20) NOT NULL,
  `location` varchar(255) default NULL COMMENT '位置',
  `labels` varchar(255) default NULL COMMENT '标签：以空格为分隔符',
  `status` smallint(6) default NULL COMMENT '资产的状态：0==在库，1==在用，2==消费',
  `userID` bigint(20) default NULL,
  `price` double default NULL COMMENT '购买价格',
  `purchasedate` datetime default NULL COMMENT '购买日期',
  `periodofvalidity` datetime default NULL COMMENT '有效日期',
  `warrantydate` datetime default NULL COMMENT '保修日期',
  `assetnum` varchar(255) default NULL COMMENT '资产编号',
  `serialnum` varchar(255) default NULL COMMENT '资产序列号',
  `supplier` bigint(20) NOT NULL,
  `description` longtext COMMENT '描述信息',
  `addMonth` longtext COMMENT '资产添加时间，统计报表使用',
  `createtime` datetime default NULL,
  `creator` bigint(20) default NULL,
  `updatetime` datetime default NULL,
  `updator` bigint(20) default NULL,
  PRIMARY KEY  (`id`),
  KEY `FK353690ED9B6CB285` (`assetnameID`),
  KEY `FK353690EDAD45B659` (`creator`),
  KEY `FK353690ED27D23FE4` (`supplier`),
  KEY `FK353690ED61FE182C` (`updator`),
  KEY `FK353690ED3E226853` (`userID`),
  CONSTRAINT `FK353690ED27D23FE4` FOREIGN KEY (`supplier`) REFERENCES `jsh_supplier` (`id`),
  CONSTRAINT `FK353690ED3E226853` FOREIGN KEY (`userID`) REFERENCES `jsh_user` (`id`),
  CONSTRAINT `FK353690ED61FE182C` FOREIGN KEY (`updator`) REFERENCES `jsh_user` (`id`),
  CONSTRAINT `FK353690ED9B6CB285` FOREIGN KEY (`assetnameID`) REFERENCES `jsh_assetname` (`id`),
  CONSTRAINT `FK353690EDAD45B659` FOREIGN KEY (`creator`) REFERENCES `jsh_user` (`id`)
) ENGINE=InnoDB DEFAULT CHARSET=utf8;

-- ----------------------------
--  Table structure for `jsh_assetcategory`
-- ----------------------------
DROP TABLE IF EXISTS `jsh_assetcategory`;
CREATE TABLE `jsh_assetcategory` (
  `id` bigint(20) NOT NULL auto_increment,
  `assetname` varchar(255) NOT NULL COMMENT '资产类型名称',
  `isystem` tinyint(4) NOT NULL COMMENT '是否系统自带 0==系统 1==非系统',
  `description` varchar(500) default NULL COMMENT '描述信息',
  PRIMARY KEY  (`id`)
) ENGINE=InnoDB DEFAULT CHARSET=utf8;

-- ----------------------------
--  Table structure for `jsh_assetname`
-- ----------------------------
DROP TABLE IF EXISTS `jsh_assetname`;
CREATE TABLE `jsh_assetname` (
  `id` bigint(20) NOT NULL auto_increment,
  `assetname` varchar(255) NOT NULL COMMENT '资产名称',
  `assetcategoryID` bigint(20) NOT NULL,
  `isystem` smallint(6) NOT NULL COMMENT '是否系统自带 0==系统 1==非系统',
  `description` longtext COMMENT '描述信息',
  `isconsumables` smallint(6) default NULL COMMENT '是否为耗材 0==否 1==是 耗材状态只能是消费',
  PRIMARY KEY  (`id`),
  KEY `FKA4ADCCF866BC8AD3` (`assetcategoryID`),
  CONSTRAINT `FKA4ADCCF866BC8AD3` FOREIGN KEY (`assetcategoryID`) REFERENCES `jsh_assetcategory` (`id`)
) ENGINE=InnoDB DEFAULT CHARSET=utf8;

-- ----------------------------
--  Table structure for `jsh_depot`
-- ----------------------------
DROP TABLE IF EXISTS `jsh_depot`;
CREATE TABLE `jsh_depot` (
  `id` bigint(20) NOT NULL auto_increment COMMENT '主键',
  `name` varchar(20) default NULL COMMENT '仓库名称',
  `address` varchar(50) default NULL COMMENT '仓库地址',
  `warehousing` double default NULL COMMENT '仓储费',
  `truckage` double default NULL COMMENT '搬运费',
  `type` int(10) default NULL COMMENT '类型',
  `sort` varchar(10) default NULL COMMENT '排序',
  `remark` varchar(100) default NULL COMMENT '描述',
  PRIMARY KEY  (`id`)
) ENGINE=InnoDB DEFAULT CHARSET=utf8;

-- ----------------------------
--  Table structure for `jsh_depothead`
-- ----------------------------
DROP TABLE IF EXISTS `jsh_depothead`;
CREATE TABLE `jsh_depothead` (
  `Id` bigint(20) NOT NULL auto_increment,
  `Type` varchar(50) default NULL COMMENT '类型(出库/入库)',
  `SubType` varchar(50) default NULL COMMENT '出入库分类',
  `ProjectId` bigint(20) default NULL COMMENT '项目Id',
  `DefaultNumber` varchar(50) default NULL COMMENT '初始票据号',
  `Number` varchar(50) default NULL COMMENT '票据号',
  `OperPersonName` varchar(50) default NULL COMMENT '操作员名字',
  `CreateTime` datetime default NULL COMMENT '创建时间',
  `OperTime` datetime default NULL COMMENT '出入库时间',
  `OrganId` bigint(20) default NULL COMMENT '供应商Id',
  `HandsPersonId` bigint(20) default NULL COMMENT '采购/领料-经手人Id',
  `AccountId` bigint(20) default NULL COMMENT '账户Id',
  `ChangeAmount` double default NULL COMMENT '变动金额(收款/付款)',
  `AllocationProjectId` bigint(20) default NULL COMMENT '调拨时，对方项目Id',
  `TotalPrice` double default NULL COMMENT '合计金额',
  `PayType` varchar(50) default NULL,
  `Remark` varchar(1000) default NULL COMMENT '备注',
  `Salesman` varchar(50) default NULL COMMENT '业务员（可以多个）',
  `AccountIdList` varchar(50) default NULL COMMENT '多账户ID列表',
  `AccountMoneyList` varchar(200) default '' COMMENT '多账户金额列表',
  `Discount` double default NULL COMMENT '优惠率',
  `DiscountMoney` double default NULL COMMENT '优惠金额',
  `DiscountLastMoney` double default NULL COMMENT '优惠后金额',
  `OtherMoney` double default NULL COMMENT '销售或采购费用合计',
  `OtherMoneyList` varchar(200) default NULL COMMENT '销售或采购费用涉及项目Id数组（包括快递、招待等）',
  `OtherMoneyItem` varchar(200) default NULL COMMENT '销售或采购费用涉及项目（包括快递、招待等）',
  `AccountDay` int(10) default NULL COMMENT '结算天数',
  `Status` bit(1) default NULL COMMENT '单据状态(未审核、已审核)',
  PRIMARY KEY  (`Id`),
  KEY `FK2A80F214CA633ABA` (`AllocationProjectId`),
  KEY `FK2A80F214C4170B37` (`HandsPersonId`),
  KEY `FK2A80F214B610FC06` (`OrganId`),
  KEY `FK2A80F2142888F9A` (`ProjectId`),
  KEY `FK2A80F214AAE50527` (`AccountId`),
  CONSTRAINT `FK2A80F214AAE50527` FOREIGN KEY (`AccountId`) REFERENCES `jsh_account` (`Id`),
  CONSTRAINT `jsh_depothead_ibfk_1` FOREIGN KEY (`ProjectId`) REFERENCES `jsh_depot` (`id`),
  CONSTRAINT `jsh_depothead_ibfk_3` FOREIGN KEY (`OrganId`) REFERENCES `jsh_supplier` (`id`),
  CONSTRAINT `jsh_depothead_ibfk_4` FOREIGN KEY (`HandsPersonId`) REFERENCES `jsh_person` (`Id`),
  CONSTRAINT `jsh_depothead_ibfk_5` FOREIGN KEY (`AllocationProjectId`) REFERENCES `jsh_depot` (`id`)
) ENGINE=InnoDB DEFAULT CHARSET=utf8;

-- ----------------------------
--  Table structure for `jsh_depotitem`
-- ----------------------------
DROP TABLE IF EXISTS `jsh_depotitem`;
CREATE TABLE `jsh_depotitem` (
  `Id` bigint(20) NOT NULL auto_increment,
  `HeaderId` bigint(20) NOT NULL COMMENT '表头Id',
  `MaterialId` bigint(20) NOT NULL COMMENT '材料Id',
  `MUnit` varchar(20) default NULL COMMENT '商品计量单位',
  `OperNumber` double default NULL COMMENT '数量',
  `BasicNumber` double default NULL COMMENT '基础数量，如kg、瓶',
  `UnitPrice` double default NULL COMMENT '单价',
  `TaxUnitPrice` double default NULL COMMENT '含税单价',
  `AllPrice` double default NULL COMMENT '金额',
  `Remark` varchar(200) default NULL COMMENT '描述',
  `Img` varchar(50) default NULL COMMENT '图片',
  `Incidentals` double default NULL COMMENT '运杂费',
  `DepotId` bigint(20) default NULL COMMENT '仓库ID（库存是统计出来的）',
  `AnotherDepotId` bigint(20) default NULL COMMENT '调拨时，对方仓库Id',
  `TaxRate` double default NULL COMMENT '税率',
  `TaxMoney` double default NULL COMMENT '税额',
  `TaxLastMoney` double default NULL COMMENT '价税合计',
  `OtherField1` varchar(50) default NULL COMMENT '自定义字段1-品名',
  `OtherField2` varchar(50) default NULL COMMENT '自定义字段2-型号',
  `OtherField3` varchar(50) default NULL COMMENT '自定义字段3-制造商',
  `OtherField4` varchar(50) default NULL COMMENT '自定义字段4',
  `OtherField5` varchar(50) default NULL COMMENT '自定义字段5',
  `MType` varchar(20) default NULL COMMENT '商品类型',
  PRIMARY KEY  (`Id`),
  KEY `FK2A819F475D61CCF7` (`MaterialId`),
  KEY `FK2A819F474BB6190E` (`HeaderId`),
  KEY `FK2A819F479485B3F5` (`DepotId`),
  KEY `FK2A819F47729F5392` (`AnotherDepotId`),
  CONSTRAINT `FK2A819F47729F5392` FOREIGN KEY (`AnotherDepotId`) REFERENCES `jsh_depot` (`id`),
  CONSTRAINT `FK2A819F479485B3F5` FOREIGN KEY (`DepotId`) REFERENCES `jsh_depot` (`id`),
  CONSTRAINT `jsh_depotitem_ibfk_1` FOREIGN KEY (`HeaderId`) REFERENCES `jsh_depothead` (`Id`) ON DELETE CASCADE,
  CONSTRAINT `jsh_depotitem_ibfk_2` FOREIGN KEY (`MaterialId`) REFERENCES `jsh_material` (`Id`)
) ENGINE=InnoDB DEFAULT CHARSET=utf8;

-- ----------------------------
--  Table structure for `jsh_functions`
-- ----------------------------
DROP TABLE IF EXISTS `jsh_functions`;
CREATE TABLE `jsh_functions` (
  `Id` bigint(20) NOT NULL auto_increment,
  `Number` varchar(50) default NULL,
  `Name` varchar(50) default NULL,
  `PNumber` varchar(50) default NULL,
  `URL` varchar(100) default NULL,
  `State` bit(1) default NULL,
  `Sort` varchar(50) default NULL,
  `Enabled` bit(1) default NULL,
  `Type` varchar(50) default NULL,
  `PushBtn` varchar(50) default NULL COMMENT '功能按钮',
  PRIMARY KEY  (`Id`)
) ENGINE=InnoDB DEFAULT CHARSET=utf8;

-- ----------------------------
--  Table structure for `jsh_inoutitem`
-- ----------------------------
DROP TABLE IF EXISTS `jsh_inoutitem`;
CREATE TABLE `jsh_inoutitem` (
  `Id` bigint(20) NOT NULL auto_increment,
  `Name` varchar(50) default NULL COMMENT '名称',
  `Type` varchar(20) default NULL COMMENT '类型',
  `Remark` varchar(100) default NULL COMMENT '备注',
  PRIMARY KEY  (`Id`)
) ENGINE=InnoDB DEFAULT CHARSET=utf8;

-- ----------------------------
--  Table structure for `jsh_log`
-- ----------------------------
DROP TABLE IF EXISTS `jsh_log`;
CREATE TABLE `jsh_log` (
  `id` bigint(20) NOT NULL auto_increment,
  `userID` bigint(20) NOT NULL COMMENT '操作用户ID',
  `operation` varchar(500) default NULL COMMENT '操作模块名称',
  `clientIP` varchar(50) default NULL COMMENT '客户端IP',
  `createtime` datetime default NULL COMMENT '创建时间',
  `status` tinyint(4) default NULL COMMENT '操作状态 0==成功，1==失败',
  `contentdetails` varchar(1000) default NULL COMMENT '操作详情',
  `remark` varchar(500) default NULL COMMENT '备注信息',
  PRIMARY KEY  (`id`),
  KEY `FKF2696AA13E226853` (`userID`),
  CONSTRAINT `FKF2696AA13E226853` FOREIGN KEY (`userID`) REFERENCES `jsh_user` (`id`)
) ENGINE=InnoDB DEFAULT CHARSET=utf8;

-- ----------------------------
--  Table structure for `jsh_material`
-- ----------------------------
DROP TABLE IF EXISTS `jsh_material`;
CREATE TABLE `jsh_material` (
  `Id` bigint(20) NOT NULL auto_increment,
  `CategoryId` bigint(20) default NULL,
  `Name` varchar(50) default NULL COMMENT '名称',
  `Mfrs` varchar(50) default NULL COMMENT '制造商',
  `Packing` double default NULL COMMENT '包装（KG/包）',
  `SafetyStock` double default NULL COMMENT '安全存量（KG）',
  `Model` varchar(50) default NULL COMMENT '型号',
  `Standard` varchar(50) default NULL COMMENT '规格',
  `Color` varchar(50) default NULL COMMENT '颜色',
  `Unit` varchar(50) default NULL COMMENT '单位-单个',
  `Remark` varchar(100) default NULL COMMENT '备注',
  `RetailPrice` double default NULL COMMENT '零售价',
  `LowPrice` double default NULL COMMENT '最低售价',
  `PresetPriceOne` double default NULL COMMENT '预设售价一',
  `PresetPriceTwo` double default NULL COMMENT '预设售价二',
  `UnitId` bigint(20) default NULL COMMENT '计量单位Id',
  `FirstOutUnit` varchar(50) default NULL COMMENT '首选出库单位',
  `FirstInUnit` varchar(50) default NULL COMMENT '首选入库单位',
  `PriceStrategy` varchar(500) default NULL COMMENT '价格策略',
  `Enabled` bit(1) default NULL COMMENT '启用 0-禁用  1-启用',
  `OtherField1` varchar(50) default NULL COMMENT '自定义1',
  `OtherField2` varchar(50) default NULL COMMENT '自定义2',
  `OtherField3` varchar(50) default NULL COMMENT '自定义3',
  PRIMARY KEY  (`Id`),
  KEY `FK675951272AB6672C` (`CategoryId`),
  KEY `UnitId` (`UnitId`),
  CONSTRAINT `FK675951272AB6672C` FOREIGN KEY (`CategoryId`) REFERENCES `jsh_materialcategory` (`Id`),
  CONSTRAINT `jsh_material_ibfk_1` FOREIGN KEY (`UnitId`) REFERENCES `jsh_unit` (`id`)
) ENGINE=InnoDB DEFAULT CHARSET=utf8;

-- ----------------------------
--  Table structure for `jsh_materialcategory`
-- ----------------------------
DROP TABLE IF EXISTS `jsh_materialcategory`;
CREATE TABLE `jsh_materialcategory` (
  `Id` bigint(20) NOT NULL auto_increment,
  `Name` varchar(50) default NULL COMMENT '名称',
  `CategoryLevel` smallint(6) default NULL COMMENT '等级',
  `ParentId` bigint(20) default NULL,
  PRIMARY KEY  (`Id`),
  KEY `FK3EE7F725237A77D8` (`ParentId`),
  CONSTRAINT `FK3EE7F725237A77D8` FOREIGN KEY (`ParentId`) REFERENCES `jsh_materialcategory` (`Id`)
) ENGINE=InnoDB DEFAULT CHARSET=utf8;

-- ----------------------------
--  Table structure for `jsh_materialproperty`
-- ----------------------------
DROP TABLE IF EXISTS `jsh_materialproperty`;
CREATE TABLE `jsh_materialproperty` (
  `id` bigint(20) NOT NULL auto_increment,
  `nativeName` varchar(50) default NULL COMMENT '原始名称',
  `enabled` bit(1) default NULL COMMENT '是否启用',
  `sort` varchar(10) default NULL COMMENT '排序',
  `anotherName` varchar(50) default NULL COMMENT '别名',
  PRIMARY KEY  (`id`)
) ENGINE=InnoDB DEFAULT CHARSET=utf8;

-- ----------------------------
--  Table structure for `jsh_person`
-- ----------------------------
DROP TABLE IF EXISTS `jsh_person`;
CREATE TABLE `jsh_person` (
  `Id` bigint(20) NOT NULL auto_increment,
  `Type` varchar(20) default NULL COMMENT '类型',
  `Name` varchar(50) default NULL COMMENT '姓名',
  PRIMARY KEY  (`Id`)
) ENGINE=InnoDB DEFAULT CHARSET=utf8;

-- ----------------------------
--  Table structure for `jsh_role`
-- ----------------------------
DROP TABLE IF EXISTS `jsh_role`;
CREATE TABLE `jsh_role` (
  `Id` bigint(20) NOT NULL auto_increment,
  `Name` varchar(50) default NULL,
  `type` varchar(50) default NULL COMMENT '类型',
  `value` varchar(200) default NULL COMMENT '值',
  `description` varchar(100) default NULL COMMENT '描述',
  PRIMARY KEY  (`Id`)
) ENGINE=InnoDB DEFAULT CHARSET=utf8;

-- ----------------------------
--  Table structure for `jsh_supplier`
-- ----------------------------
DROP TABLE IF EXISTS `jsh_supplier`;
CREATE TABLE `jsh_supplier` (
  `id` bigint(20) NOT NULL auto_increment,
  `supplier` varchar(255) NOT NULL COMMENT '供应商名称',
  `contacts` varchar(100) default NULL COMMENT '联系人',
  `phonenum` varchar(30) default NULL COMMENT '联系电话',
  `email` varchar(50) default NULL COMMENT '电子邮箱',
  `description` varchar(500) default NULL,
  `isystem` tinyint(4) default NULL,
  `type` varchar(20) default NULL COMMENT '类型',
  `enabled` bit(1) default NULL COMMENT '启用',
  `AdvanceIn` double default '0',
  `BeginNeedGet` double default NULL COMMENT '期初应收',
  `BeginNeedPay` double default NULL COMMENT '期初应付',
  `AllNeedGet` double default NULL COMMENT '累计应收',
  `AllNeedPay` double default NULL COMMENT '累计应付',
  `fax` varchar(30) default NULL COMMENT '传真',
  `telephone` varchar(30) default NULL COMMENT '手机',
  `address` varchar(50) default NULL COMMENT '地址',
  `taxNum` varchar(50) default NULL COMMENT '纳税人识别号',
  `bankName` varchar(50) default NULL COMMENT '开户行',
  `accountNumber` varchar(50) default NULL COMMENT '账号',
  `taxRate` double default NULL COMMENT '税率',
  PRIMARY KEY  (`id`)
) ENGINE=InnoDB DEFAULT CHARSET=utf8;

-- ----------------------------
--  Table structure for `jsh_systemconfig`
-- ----------------------------
DROP TABLE IF EXISTS `jsh_systemconfig`;
CREATE TABLE `jsh_systemconfig` (
  `id` bigint(20) NOT NULL auto_increment COMMENT '编号',
  `type` varchar(50) default NULL COMMENT '类型',
  `name` varchar(100) default NULL COMMENT '名称',
  `value` varchar(200) default NULL COMMENT '值',
  `description` varchar(100) default NULL COMMENT '描述',
  PRIMARY KEY  (`id`)
) ENGINE=InnoDB DEFAULT CHARSET=utf8 ROW_FORMAT=COMPACT COMMENT='系统参数';

-- ----------------------------
--  Table structure for `jsh_unit`
-- ----------------------------
DROP TABLE IF EXISTS `jsh_unit`;
CREATE TABLE `jsh_unit` (
  `id` bigint(20) NOT NULL auto_increment,
  `UName` varchar(50) default NULL COMMENT '名称，支持多单位',
  PRIMARY KEY  (`id`)
) ENGINE=InnoDB DEFAULT CHARSET=utf8;

-- ----------------------------
--  Table structure for `jsh_user`
-- ----------------------------
DROP TABLE IF EXISTS `jsh_user`;
CREATE TABLE `jsh_user` (
  `id` bigint(20) NOT NULL auto_increment,
  `username` varchar(255) NOT NULL COMMENT '用户姓名--例如张三',
  `loginame` varchar(255) default NULL COMMENT '登录用户名--可能为空',
  `password` varchar(50) default NULL COMMENT '登陆密码',
  `position` varchar(200) default NULL COMMENT '职位',
  `department` varchar(255) default NULL COMMENT '所属部门',
  `email` varchar(100) default NULL COMMENT '电子邮箱',
  `phonenum` varchar(100) default NULL COMMENT '手机号码',
  `ismanager` tinyint(4) NOT NULL default '1' COMMENT '是否为管理者 0==管理者 1==员工',
  `isystem` tinyint(4) NOT NULL default '1' COMMENT '是否系统自带数据 ',
  `status` tinyint(4) default NULL COMMENT '用户状态',
  `description` varchar(500) default NULL COMMENT '用户描述信息',
  `remark` varchar(500) default NULL,
  PRIMARY KEY  (`id`)
) ENGINE=InnoDB DEFAULT CHARSET=utf8;

-- ----------------------------
--  Table structure for `jsh_userbusiness`
-- ----------------------------
DROP TABLE IF EXISTS `jsh_userbusiness`;
CREATE TABLE `jsh_userbusiness` (
  `Id` bigint(20) NOT NULL auto_increment,
  `Type` varchar(50) default NULL COMMENT '类别',
  `KeyId` varchar(50) default NULL COMMENT '主ID',
  `Value` varchar(10000) default NULL COMMENT '值',
  `BtnStr` varchar(2000) default NULL COMMENT '按钮权限',
  PRIMARY KEY  (`Id`)
) ENGINE=InnoDB DEFAULT CHARSET=utf8;

-- ----------------------------
--  Table structure for `jsh_visitaccount`
-- ----------------------------
DROP TABLE IF EXISTS `jsh_visitaccount`;
CREATE TABLE `jsh_visitaccount` (
  `Id` bigint(20) NOT NULL auto_increment,
  `ProjectId` bigint(20) NOT NULL,
  `LouHao` varchar(50) default NULL,
  `HuHao` varchar(50) default NULL,
  `HuiFang` varchar(50) default NULL,
  `LuoShi` varchar(50) default NULL,
  `Name` varchar(50) default NULL,
  `Tel` varchar(50) default NULL,
  `AddTime` datetime default NULL,
  PRIMARY KEY  (`Id`),
  KEY `FKFF4AAE822888F9A` (`ProjectId`),
  CONSTRAINT `FKFF4AAE822888F9A` FOREIGN KEY (`ProjectId`) REFERENCES `jsh_depot` (`id`)
) ENGINE=InnoDB DEFAULT CHARSET=utf8;

-- ----------------------------
--  Records 
-- ----------------------------
INSERT INTO `databasechangelog` VALUES ('201709282202','jishenghua','liquibase/jsh_erp/db.changelog-jsh_erp-1.0.xml','2017-09-28 23:34:07','1','EXECUTED','7:ca3a38c3a43ee96bf6c7bbf56123d1fc','sql','增加角色bbbb-测试',NULL,'3.1.1'), ('201709282227','jishenghua','liquibase/jsh_erp/db.changelog-jsh_erp-1.0.xml','2017-09-28 23:34:07','2','EXECUTED','7:fa335b3dcabb52f38c4300e35b7c0b4c','sql','删除角色bbbb-测试',NULL,'3.1.1'), ('201709282322','jishenghua','liquibase/jsh_erp/db.changelog-jsh_erp-1.0.xml','2017-09-29 22:39:46','3','EXECUTED','7:adeea7031bd16af361001ce7d93b1e1a','sql','新增系统配置表',NULL,'3.1.1'), ('201709292218','jishenghua','liquibase/jsh_erp/db.changelog-jsh_erp-1.0.xml','2017-09-29 22:39:46','4','EXECUTED','7:f7079f8d7b3fdb92fb6d319789ea9117','sql','新增系统参数数据-公司相关',NULL,'3.1.1'), ('201710122314','jishenghua','liquibase/jsh_erp/db.changelog-jsh_erp-1.0.xml','2017-10-18 22:39:27','5','EXECUTED','7:c0885501076d6473461f074cc68535e7','sql','新增商品属性-数据',NULL,'3.1.1');
INSERT INTO `databasechangeloglock` VALUES ('1','\0',NULL,NULL);
INSERT INTO `jsh_account` VALUES ('4','南通建行','652346523465234623','1200','215','建行账户'), ('9','流动总账','65234624523452364','2000','393','现在账户'), ('10','支付宝','123456789@qq.com','10000',NULL,''), ('11','微信','13000000000','10000',NULL,''), ('12','上海农行','65324345234523211','10000','0','');
INSERT INTO `jsh_accounthead` VALUES ('57','收预付款','8','3',NULL,'1000',NULL,'2342134','2017-06-27 00:00:00',''), ('61','收预付款','9','3',NULL,'33',NULL,'SYF2017062901721','2017-06-29 00:00:00','aaaaaa'), ('67','收预付款','10','4',NULL,'2100',NULL,'SYF2017070222414','2017-07-02 00:00:00',''), ('70','支出','4','3','-60','-60','4','ZC20170703233735','2017-07-03 00:00:00',''), ('72','付款','4','3','0','-200',NULL,'FK20170703233852','2017-07-03 00:00:00',''), ('74','转账',NULL,'3','-100','-100','4','ZZ2017070323489','2017-07-03 00:00:00',''), ('75','付款','4','3','0','-300',NULL,'FK201707040746','2017-07-04 00:00:00',''), ('77','收入','2','3','40','40','4','SR20170704222634','2017-07-04 00:00:00',''), ('78','收预付款','9','3',NULL,'200',NULL,'SYF201707050257','2017-07-05 00:00:00',''), ('79','收预付款','9','3',NULL,'100',NULL,'SYF20170705076','2017-07-05 00:00:00',''), ('80','付款','1','3','2','-200',NULL,'FK20170705088','2017-07-05 00:00:00',''), ('82','收款','2','3','0','2.6',NULL,'SK20171008191440','2017-10-09 00:08:11',''), ('83','付款','1','4','0','-20',NULL,'FK20171008232825','2017-10-08 00:00:00',''), ('84','收入','2','4','0','21','10','SR20171009000300','2017-10-09 00:03:00',''), ('85','收入','2','3','22','22','11','SR20171009000637','2017-10-09 00:06:37',''), ('86','转账',NULL,'4','-22','-22','10','ZZ20171009000719','2017-10-09 00:07:19',''), ('87','付款','4','4','10','-33',NULL,'FK20171009000747','2017-10-09 00:07:47',''), ('88','收款','2','4','0','2.8',NULL,'SK20171024220754','2017-10-24 22:07:54',''), ('89','收款','2','4','0','11',NULL,'SK20171030232535','2017-10-30 23:25:35',''), ('90','收款','2','4','0','10',NULL,'SK20171119231440','2017-11-19 23:14:40','');
INSERT INTO `jsh_accountitem` VALUES ('58','57','9',NULL,'1000',''), ('62','61','4',NULL,'33',''), ('68','67','4',NULL,'2100',''), ('71','70',NULL,'11','60',''), ('73','72','9',NULL,'200',''), ('75','74','9',NULL,'100',''), ('76','75','9',NULL,'-300',''), ('78','77',NULL,'14','40',''), ('79','78','9',NULL,'200',''), ('80','79','9',NULL,'100',''), ('81','80','9',NULL,'-200',''), ('83','82','10',NULL,'2.6',''), ('84','83','10',NULL,'-20',''), ('85','84',NULL,'13','21',''), ('86','85',NULL,'12','22','44'), ('87','86','11',NULL,'22',''), ('88','87','10',NULL,'-33',''), ('89','88','10',NULL,'2.8',''), ('90','89','11',NULL,'11',''), ('91','90','12',NULL,'10','');
INSERT INTO `jsh_app` VALUES ('3','00','系统管理','app','0000000004.png','','1240','600','','\0','\0','desk','198','',''), ('6','','个人信息','app','0000000005.png','../user/password.jsp','600','400','\0','\0','\0','dock','200','',''), ('7','01','基础数据','app','0000000006.png','','1240','600','','\0','\0','desk','120','',''), ('8','02','组装拆卸','app','0000000007.png','','1350','630','','\0','','desk','030','',''), ('22','03','报表查询','app','0000000022.png','','1240','600','','\0','\0','desk','115','',''), ('23','04','零售管理','app','resizeApi.png','','1350','630','','\0','','desk','025','',''), ('24','05','入库管理','app','buy.png','','1350','630','','\0','','desk','027','',''), ('25','06','出库管理','app','sale.png','','1350','630','','\0','','desk','028','',''), ('26','07','财务管理','app','money.png','','1350','630','','\0','\0','desk','035','','');
INSERT INTO `jsh_asset` VALUES ('1','27','weizhi','','0',NULL,'11','2016-10-22 00:00:00','2016-10-21 00:00:00','2016-11-03 00:00:00','1231241','123124123','2','','2016-10','2016-10-22 20:04:48','63','2016-10-22 20:04:48','63'), ('3','29','weizhi',NULL,'0',NULL,'11','2016-10-22 00:00:00','2016-10-21 00:00:00','2016-11-03 00:00:00','1231241','123124123','2',NULL,NULL,'2017-07-22 18:42:14',NULL,'2017-07-22 18:42:14',NULL);
INSERT INTO `jsh_assetcategory` VALUES ('14','递延资产','1','递延资产'), ('15','无形资产','1','无形资产'), ('16','长期投资','1','长期投资'), ('17','固定资产','1','固定资产'), ('18','流动资产','1','流动资产');
INSERT INTO `jsh_assetname` VALUES ('1','联想Y450','17','1','','1'), ('2','惠普打印机','15','1','','0'), ('12','乐萌水杯','16','1','','1'), ('13','机顶盒','17','1','机顶盒','0'), ('14','TCL电视','17','1','','1'), ('15','手机','17','1','','1'), ('16','硬盘','16','1','','0'), ('17','毛笔','17','1','','0'), ('18','杯子','17','1','','0'), ('19','建造师证书','15','1','','0'), ('20','算量软件','14','1','','1'), ('21','cad软件','15','1','','0'), ('22','办公桌','17','1','','0'), ('23','笔记本','17','1','笔记本','1'), ('24','打印机','17','1','打印机','0'), ('25','电脑','17','1','电脑','0'), ('26','电动车','16','1','电动车','0'), ('27','电源线','17','1','电源线','0'), ('28','电源线666','17','1','','0'), ('29','电源线777','17','1','','0'), ('30','电源线8','17','1','','0'), ('31','电源线9','17','1','','0');
INSERT INTO `jsh_depot` VALUES ('1','叠石桥店','地址222','33','22','0','2','上海33'), ('2','公司总部','地址12355','44','22.22','0','1','总部'), ('3','金沙店','地址666','31','4','0','3','苏州'), ('4','1268200294','',NULL,NULL,'1','1',''), ('5','1268787965',NULL,NULL,NULL,'1','3',''), ('6','1269520625',NULL,NULL,NULL,'1','2','');
INSERT INTO `jsh_depothead` VALUES ('7','入库','采购',NULL,'GHDD201708120002','GHDD201708120002','季圣华','2017-08-12 12:04:07','2017-08-12 12:03:23','1',NULL,'12','-30',NULL,'-36','现付','abcdefg','',NULL,NULL,'10','3.6','32.4','30','[\"10\",\"9\"]','[\"10\",\"20\"]','45',''), ('8','出库','销售',NULL,'XHDD201708120001','XHDD201708120001','季圣华','2017-08-12 18:10:14','2017-08-12 18:09:45','2',NULL,'11','17',NULL,'24','现付','','<7>,<6>',NULL,NULL,'22','5.28','18.72',NULL,NULL,NULL,NULL,'\0'), ('9','入库','采购',NULL,'GHDD201708120003','GHDD201708120003','季圣华','2017-08-12 21:01:09','2017-08-12 21:00:36','1',NULL,'11','-100',NULL,'-120','现付','','',NULL,NULL,'10','12','108',NULL,NULL,NULL,NULL,''), ('10','入库','采购',NULL,'GHDD201708120004','GHDD201708120004','季圣华','2017-08-12 21:10:42','2017-08-12 21:10:16','1',NULL,'4','-10',NULL,'-12','现付','','',NULL,NULL,'10','1.2','10.8',NULL,NULL,NULL,NULL,''), ('11','入库','采购',NULL,'GHDD201708120005','jshenghua001','季圣华','2017-08-12 22:07:44','2017-08-12 22:06:37','1',NULL,'12','-20',NULL,'-24','现付','','',NULL,NULL,'10','2.4','21.6',NULL,NULL,NULL,NULL,''), ('12','入库','采购',NULL,'GHDD201708120006','GHDD201708120006','季圣华','2017-08-12 22:17:11','2017-08-12 22:16:35','1',NULL,'11','-10',NULL,'-12','现付','','',NULL,NULL,'10','1.2','10.8','0','[\"undefined\"]','[\"undefined\"]',NULL,''), ('13','入库','采购',NULL,'GHDD201708120007','jishenghua3','季圣华','2017-08-12 22:17:52','2017-08-12 22:17:14','1',NULL,'4','-20',NULL,'-24','现付','','',NULL,NULL,'10','2.4','21.6',NULL,NULL,NULL,NULL,''), ('14','入库','采购',NULL,'GHDD201708120008','jishenghua004','季圣华','2017-08-12 22:19:37','2017-08-12 22:19:07','1',NULL,'11','-30',NULL,'-36','现付','','',NULL,NULL,'10','3.6','32.4','0','[\"undefined\"]','[\"undefined\"]',NULL,''), ('16','入库','采购',NULL,'GHDD201708120009','jishenghua005','季圣华','2017-08-12 22:26:23','2017-08-12 22:25:14','1',NULL,'10','-20',NULL,'-24','现付','','',NULL,NULL,'10','2.4','21.6','0','[\"undefined\"]','[\"undefined\"]',NULL,'\0'), ('17','入库','采购',NULL,'GHDD201708120010','GHDD201708120010','季圣华','2017-08-12 22:28:20','2017-08-12 22:28:02','1',NULL,'9','-30',NULL,'-36','现付','','',NULL,NULL,'10','3.6','32.4',NULL,'[\"undefined\"]','[\"undefined\"]',NULL,'\0'), ('18','入库','采购',NULL,'GHDD201708120011','GHDD201708120011','季圣华','2017-08-12 22:30:08','2017-08-12 22:29:48','1',NULL,'4','-20',NULL,'-24','现付','','',NULL,NULL,'10','2.4','21.6',NULL,NULL,NULL,NULL,'\0'), ('19','入库','采购',NULL,'GHDD201708120012','GHDD201708120012','季圣华','2017-08-12 22:30:57','2017-08-12 22:29:32','1',NULL,NULL,'-10',NULL,'-26.4','现付','','','[\"4\"]','[\"-10\"]','10','2.64','23.76','0','[\"undefined\"]','[\"undefined\"]',NULL,'\0'), ('20','入库','采购',NULL,'GHDD201708120013','GHDD201708120013','季圣华','2017-08-12 22:46:43','2017-08-12 22:45:55','1',NULL,'10','-23',NULL,'-36','现付','','',NULL,NULL,'20','7.2','28.8',NULL,NULL,NULL,NULL,''), ('21','入库','采购',NULL,'GHDD201708120014','GHDD201708120014','季圣华','2017-08-12 22:46:52','2017-08-12 22:45:59','1',NULL,'11','-20',NULL,'-26.4','现付','','',NULL,NULL,'10','2.64','23.76','0','[\"undefined\"]','[\"undefined\"]',NULL,'\0'), ('22','入库','采购',NULL,'GHDD201708120015','GHDD201708120015','季圣华','2017-08-12 23:49:32','2017-08-12 23:48:24','1',NULL,'11','-20',NULL,'-24','现付','','',NULL,NULL,'10','2.4','21.6',NULL,NULL,NULL,NULL,'\0'), ('23','入库','采购',NULL,'GHDD201708140001','GHDD201708140001','季圣华','2017-08-14 20:41:54','2017-08-14 20:40:49','1',NULL,'4','-300',NULL,'-360','现付','','',NULL,NULL,'10','36','324',NULL,NULL,NULL,NULL,'\0'), ('24','入库','采购',NULL,'GHDD201708150001','GHDD201708150001','季圣华','2017-08-15 21:36:25','2017-08-15 21:35:38','1',NULL,'11','-675',NULL,'-750','现付','','',NULL,NULL,'10','75','675',NULL,NULL,NULL,NULL,'\0'), ('25','入库','采购',NULL,'GHDD201708150002','GHDD201708150002','季圣华','2017-08-15 22:31:46','2017-08-15 22:29:47','1',NULL,NULL,'-33',NULL,'-75','现付','ababab','','[\"9\",\"10\"]','[\"-22\",\"-11\"]','10','7.5','67.5','22','[\"10\",\"8\"]','[\"11\",\"11\"]',NULL,'\0'), ('26','入库','采购',NULL,'GHDD201708160001','GHDD201708160001','季圣华','2017-08-16 23:50:35','2017-08-16 23:47:42','4',NULL,'9','-162',NULL,'-150','现付','','',NULL,NULL,'10','18','162',NULL,NULL,NULL,NULL,'\0'), ('27','入库','采购',NULL,'GHDD201708180001','GHDD201708180001','季圣华','2017-08-18 00:25:58','2017-08-18 00:25:43','1',NULL,'11','-74.25',NULL,'-75','现付','','',NULL,NULL,'10','8.25','74.25',NULL,NULL,NULL,NULL,'\0'), ('28','入库','采购',NULL,'GHDD201708270001','GHDD201708270001','季圣华','2017-08-27 23:10:44','2017-08-27 23:06:05','46',NULL,'10','-64.8',NULL,'-72','现付','','',NULL,NULL,'10','7.2','64.8','10','[\"10\"]','[\"10\"]',NULL,'\0'), ('29','出库','销售',NULL,'XSCK201708280001','XSCK201708280001','季圣华','2017-08-28 23:06:40','2017-08-28 23:05:11','2',NULL,'11','120.85',NULL,'130','现付','','<7>',NULL,NULL,'10','13.65','122.85','0','[\"undefined\"]','[\"undefined\"]',NULL,'\0'), ('30','入库','销售退货',NULL,'XSTH201708280001','XSTH201708280001','季圣华','2017-08-28 23:13:08','2017-08-28 23:12:48','2',NULL,'10','-48',NULL,'-48','现付','','<5>,<6>',NULL,NULL,'0','0','48','0','[\"undefined\"]','[\"undefined\"]',NULL,'\0'), ('31','出库','采购退货',NULL,'CGTH201708280001','CGTH201708280001','季圣华','2017-08-28 23:15:45','2017-08-28 23:15:21','1',NULL,'10','28.6',NULL,'26','现付','','',NULL,NULL,'0','0','28.6','12','[\"10\"]','[\"12\"]',NULL,'\0'), ('32','入库','其它',NULL,'QTRK201708280001','QTRK201708280001','季圣华','2017-08-28 23:17:55','2017-08-28 23:17:33','1',NULL,NULL,NULL,NULL,'12','现付','','',NULL,NULL,NULL,NULL,NULL,NULL,NULL,NULL,NULL,'\0'), ('33','出库','其它',NULL,'QTCK201708280001','QTCK201708280001','季圣华','2017-08-28 23:21:14','2017-08-28 23:20:36','2',NULL,NULL,NULL,NULL,'65','现付','','',NULL,NULL,NULL,NULL,NULL,NULL,NULL,NULL,NULL,'\0'), ('37','出库','调拨',NULL,'DBCK201708280002','DBCK201708280002','季圣华','2017-08-28 23:56:34','2017-08-28 23:56:10',NULL,NULL,NULL,NULL,NULL,'1.3','现付','','',NULL,NULL,NULL,NULL,NULL,NULL,NULL,NULL,NULL,'\0'), ('38','出库','调拨',NULL,'DBCK201708290001','DBCK201708290001','季圣华','2017-08-29 00:20:11','2017-08-29 00:19:58',NULL,NULL,NULL,NULL,NULL,'2.6','现付','','',NULL,NULL,NULL,NULL,NULL,NULL,NULL,NULL,NULL,'\0'), ('41','出库','零售',NULL,'LSCK201708290002','LSCK201708290002','季圣华','2017-08-29 23:29:39','2017-08-29 23:29:06','7',NULL,'10','42',NULL,'42','现付','','',NULL,NULL,NULL,NULL,NULL,NULL,NULL,NULL,NULL,'\0'), ('42','出库','零售',NULL,'LSCK201708290003','LSCK201708290003','季圣华','2017-08-29 23:35:12','2017-08-29 23:33:21','7',NULL,'11','11',NULL,'11','现付','','',NULL,NULL,NULL,NULL,NULL,NULL,NULL,NULL,NULL,'\0'), ('43','出库','零售',NULL,'LSCK201708290004','LSCK201708290004','季圣华','2017-08-29 23:39:44','2017-08-29 23:39:28','7',NULL,'9','12.1',NULL,'12.1','现付','','',NULL,NULL,NULL,NULL,NULL,NULL,NULL,NULL,NULL,'\0'), ('44','入库','零售退货',NULL,'LSTH201708290001','LSTH201708290001','季圣华','2017-08-29 23:48:43','2017-08-29 23:46:35','7',NULL,'10','-2.2',NULL,'-2.2','现付','','',NULL,NULL,NULL,NULL,NULL,NULL,NULL,NULL,NULL,'\0'), ('45','入库','零售退货',NULL,'LSTH201708290002','LSTH201708290002','季圣华','2017-08-29 23:51:55','2017-08-29 23:51:31','7',NULL,'12','-3.3',NULL,'-3.3','现付','','',NULL,NULL,NULL,NULL,NULL,NULL,NULL,NULL,NULL,''), ('48','出库','零售',NULL,'LSCK201708310001','LSCK201708310001','季圣华','2017-08-31 00:30:31','2017-08-31 00:29:10','7',NULL,NULL,'12',NULL,'12','现付','','','[\"10\",\"11\"]','[\"15\",\"20\"]',NULL,NULL,NULL,NULL,NULL,NULL,NULL,'\0'), ('49','出库','零售',NULL,'LSCK201708310002','LSCK201708310002','季圣华','2017-08-31 00:57:40','2017-08-31 00:57:08','7',NULL,NULL,'12',NULL,'12','现付','','','[\"9\",\"11\"]','[\"22\",\"11\"]',NULL,NULL,NULL,NULL,NULL,NULL,NULL,'\0'), ('50','出库','零售',NULL,'LSCK201709030001','LSCK201709030001','季圣华','2017-09-03 12:51:50','2017-09-03 12:51:21','10',NULL,'10','22',NULL,'22','现付','','',NULL,NULL,NULL,NULL,NULL,NULL,NULL,NULL,NULL,''), ('52','出库','零售',NULL,'LSCK201709040001','LSCK201709040001','季圣华','2017-09-04 21:32:49','2017-09-04 21:31:24','7',NULL,'11','24.2',NULL,'24.2','现付','','',NULL,NULL,NULL,NULL,NULL,NULL,NULL,NULL,NULL,'\0'), ('53','出库','零售',NULL,'LSCK201709040002','LSCK201709040002','季圣华','2017-09-04 21:34:02','2017-09-04 21:33:30','7',NULL,'9','36.3',NULL,'36.3','现付','','',NULL,NULL,NULL,NULL,NULL,NULL,NULL,NULL,NULL,''), ('54','入库','采购',NULL,'CGRK201709040001','CGRK201709040001','季圣华','2017-09-04 22:20:12','2017-09-04 22:13:00','1',NULL,'10','-10.8',NULL,'-12','现付','','',NULL,NULL,'10','1.2','10.8','12','[\"9\"]','[\"12\"]',NULL,'\0'), ('57','入库','采购',NULL,'CGRK201709050001','CGRK201709050001','季圣华','2017-09-05 22:37:54','2017-09-05 22:37:31','1',NULL,'11','-182.52',NULL,'-182.4','现付','','',NULL,NULL,'0','0','182.52','0','[\"undefined\"]','[\"undefined\"]',NULL,'\0'), ('60','出库','礼品充值',NULL,'LPCZ201709050001','LPCZ201709050001','季圣华','2017-09-05 23:45:48','2017-09-05 23:42:17',NULL,NULL,NULL,NULL,NULL,'13','现付','','',NULL,NULL,NULL,NULL,NULL,NULL,NULL,NULL,NULL,'\0'), ('61','出库','礼品销售',NULL,'LPXS201709050001','LPXS201709050001','季圣华','2017-09-05 23:48:10','2017-09-05 23:46:04',NULL,NULL,NULL,NULL,NULL,'6.5','现付','','',NULL,NULL,NULL,NULL,NULL,NULL,NULL,NULL,NULL,'\0'), ('62','出库','礼品充值',NULL,'LPCZ201709050002','LPCZ201709050002','季圣华','2017-09-05 23:52:41','2017-09-05 23:51:26',NULL,NULL,NULL,NULL,NULL,'4','现付','','',NULL,NULL,NULL,NULL,NULL,NULL,NULL,NULL,NULL,'\0'), ('63','入库','采购',NULL,'CGRK201709170001','CGRK201709170001','季圣华','2017-09-17 21:45:14','2017-09-17 21:44:50','1',NULL,'10','-13.2',NULL,'-12','现付','','',NULL,NULL,'0','0','13.2',NULL,NULL,NULL,NULL,''), ('65','入库','采购',NULL,'CGRK201709170002','CGRK201709170002','季圣华','2017-09-17 21:47:07','2017-09-17 20:45:55','1',NULL,NULL,'-42',NULL,'-39','现付','','','[\"12\",\"9\"]','[\"-20\",\"-22\"]','0','0','42.9','0','[\"undefined\"]','[\"undefined\"]',NULL,'\0'), ('68','其它','组装单',NULL,'ZZD2017092000001','ZZD2017092000001','季圣华','2017-09-20 23:29:28','2017-09-20 23:29:13',NULL,NULL,NULL,NULL,NULL,'7','现付','','',NULL,NULL,NULL,NULL,NULL,NULL,NULL,NULL,NULL,'\0'), ('69','其它','拆卸单',NULL,'CSD2017092000001','CSD2017092000001','季圣华','2017-09-20 23:40:55','2017-09-20 23:40:41',NULL,NULL,NULL,NULL,NULL,'0','现付','','',NULL,NULL,NULL,NULL,NULL,NULL,NULL,NULL,NULL,'\0'), ('70','入库','采购',NULL,'CGRK201709210001','CGRK201709210001','季圣华','2017-09-21 22:37:20','2017-09-21 22:36:37','1',NULL,NULL,'-50',NULL,'-50','现付','','','[\"4\",\"9\"]','[\"-10\",\"-40\"]','0','0','50','0','[\"undefined\"]','[\"undefined\"]',NULL,'\0'), ('71','入库','销售退货',NULL,'XSTH201709210001','XSTH201709210001','季圣华','2017-09-21 22:39:00','2017-09-21 22:38:37','2',NULL,'11','-48',NULL,'-48','现付','','<6>,<7>',NULL,NULL,'0','0','48',NULL,NULL,NULL,NULL,'\0'), ('72','入库','其它',NULL,'QTRK201709210001','QTRK201709210001','季圣华','2017-09-21 22:39:26','2017-09-21 22:39:14','4',NULL,NULL,NULL,NULL,'24','现付','','',NULL,NULL,NULL,NULL,NULL,NULL,NULL,NULL,NULL,'\0'), ('73','出库','销售',NULL,'XSCK201709210001','XSCK201709210001','季圣华','2017-09-21 22:40:01','2017-09-21 22:39:44','2',NULL,'11','10',NULL,'10','现付','','<6>',NULL,NULL,'0','0','10','0','[\"undefined\"]','[\"undefined\"]',NULL,'\0'), ('74','出库','采购退货',NULL,'CGTH201709210001','CGTH201709210001','季圣华','2017-09-21 22:40:57','2017-09-21 22:40:38','4',NULL,'4','5',NULL,'5','现付','','',NULL,NULL,'0','0','5',NULL,NULL,NULL,NULL,'\0'), ('75','出库','其它',NULL,'QTCK201709210001','QTCK201709210001','季圣华','2017-09-21 22:41:15','2017-09-21 22:41:02','2',NULL,NULL,NULL,NULL,'13','现付','','',NULL,NULL,NULL,NULL,NULL,NULL,NULL,NULL,NULL,'\0'), ('76','出库','调拨',NULL,'DBCK201709210001','DBCK201709210001','季圣华','2017-09-21 22:41:36','2017-09-21 22:41:19',NULL,NULL,NULL,NULL,NULL,'10','现付','','',NULL,NULL,NULL,NULL,NULL,NULL,NULL,NULL,NULL,'\0'), ('77','出库','零售',NULL,'LSCK201709210001','LSCK201709210001','季圣华','2017-09-21 22:42:44','2017-09-21 22:42:21','7',NULL,'4','2.2',NULL,'2.2','现付','','',NULL,NULL,NULL,NULL,NULL,NULL,NULL,NULL,NULL,'\0'), ('78','入库','零售退货',NULL,'LSTH201709210001','LSTH201709210001','季圣华','2017-09-21 22:46:07','2017-09-21 22:45:49','7',NULL,'4','-2.2',NULL,'-2.2','现付','','',NULL,NULL,NULL,NULL,NULL,NULL,NULL,NULL,NULL,'\0'), ('79','入库','采购',NULL,'CGRK201709210002','CGRK201709210002','季圣华','2017-09-21 23:16:37','2017-09-21 23:16:21','1',NULL,'11','-23.76',NULL,'-21.6','现付','','',NULL,NULL,'0','0','23.76',NULL,NULL,NULL,NULL,'\0'), ('80','其它','组装单',NULL,'ZZD2017092100001','ZZD2017092100001','季圣华','2017-09-21 23:17:16','2017-09-21 23:16:59',NULL,NULL,NULL,NULL,NULL,'5','现付','','',NULL,NULL,NULL,NULL,NULL,NULL,NULL,NULL,NULL,''), ('82','入库','采购',NULL,'CGRK201709220001','CGRK201709220001','季圣华','2017-09-22 23:06:01','2017-09-22 23:05:39','1',NULL,NULL,'-50',NULL,'-52','现付','','','[\"11\",\"9\"]','[\"-20\",\"-30\"]','10','5.72','51.48','5','[\"11\",\"10\"]','[\"2\",\"3\"]',NULL,'\0'), ('84','入库','采购',NULL,'CGRK201709220002','CGRK201709220002','季圣华','2017-09-22 23:22:02','2017-09-22 23:21:48','1',NULL,'10','-26.4',NULL,'-24','现付','','',NULL,NULL,'0','0','26.4',NULL,NULL,NULL,NULL,'\0'), ('85','入库','采购',NULL,'CGRK201709240001','CGRK201709240001','季圣华','2017-09-24 22:46:00','2017-09-24 22:44:35','4',NULL,NULL,'-85',NULL,'-75','现付','','','[\"10\",\"9\"]','[\"-20\",\"-65\"]','0','0','87.75',NULL,NULL,NULL,NULL,'\0'), ('87','出库','销售',NULL,'XSCK201709250001','XSCK201709250001','季圣华','2017-09-25 22:24:08','2017-09-25 22:23:47','2',NULL,'10','4',NULL,'4','现付','','<6>',NULL,NULL,'0','0','4',NULL,NULL,NULL,NULL,'\0'), ('88','出库','销售',NULL,'XSCK201709250002','XSCK201709250002','季圣华','2017-09-25 22:36:51','2017-09-25 22:35:09','2',NULL,'10','39.6',NULL,'40','现付','','<7>',NULL,NULL,'10','4.4','39.6',NULL,NULL,NULL,NULL,'\0'), ('89','入库','零售退货',NULL,'LSTH201709260001','LSTH201709260001','季圣华','2017-09-26 00:26:52','2017-09-26 00:26:19','7',NULL,'9','-18',NULL,'-18','现付','','',NULL,NULL,NULL,NULL,NULL,NULL,NULL,NULL,NULL,'\0'), ('90','出库','零售',NULL,'LSCK201709260001','LSCK201709260001','季圣华','2017-09-26 22:31:24','2017-09-26 22:29:50','7',NULL,NULL,'100',NULL,'100','现付','','','[\"10\",\"11\"]','[\"60\",\"40\"]',NULL,NULL,NULL,NULL,NULL,NULL,NULL,'\0'), ('93','出库','销售',NULL,'XSCK201710080001','XSCK201710080001','季圣华','2017-10-08 19:12:23','2017-10-08 19:11:44','2',NULL,'10','0',NULL,'2.6','现付','','<7>',NULL,NULL,'0','0','2.6',NULL,NULL,NULL,NULL,'\0'), ('94','出库','销售',NULL,'XSCK201710080002','XSCK201710080002','季圣华','2017-10-08 19:58:55','2017-10-08 19:58:27','5',NULL,'9','0',NULL,'8','现付','','<6>',NULL,NULL,'0','0','8','0','[\"undefined\"]','[\"undefined\"]',NULL,'\0'), ('95','入库','采购',NULL,'CGRK201710180001','CGRK201710180001','季圣华','2017-10-18 23:21:24','2017-10-18 23:21:12','1',NULL,'11','-2.86',NULL,'-2.6','现付','','',NULL,NULL,'0','0','2.86',NULL,NULL,NULL,NULL,'\0'), ('96','出库','销售',NULL,'XSCK201710240001','XSCK201710240001','季圣华','2017-10-24 22:04:06','2017-10-24 22:03:08','2',NULL,'9','0',NULL,'2.8','现付','','<7>',NULL,NULL,'10','0.28','2.52','0','[\"undefined\"]','[\"undefined\"]',NULL,'\0'), ('97','入库','采购',NULL,'CGRK201710290001','CGRK201710290001','季圣华','2017-10-29 23:30:47','2017-10-29 23:30:08','4',NULL,'10','0',NULL,'-200','现付','','',NULL,NULL,'0','0','234',NULL,NULL,NULL,NULL,'\0'), ('98','入库','采购',NULL,'CGRK201710290002','CGRK201710290002','季圣华','2017-10-29 23:32:07','2017-10-29 23:30:52','4',NULL,'10','0',NULL,'-300','现付','','',NULL,NULL,'0','0','351',NULL,NULL,NULL,NULL,''), ('99','入库','采购',NULL,'CGRK201710290003','CGRK201710290003','季圣华','2017-10-29 23:33:45','2017-10-29 23:32:11','4',NULL,'11','-10',NULL,'-720','现付','','',NULL,NULL,'0','0','842.4',NULL,NULL,NULL,NULL,'\0'), ('100','出库','礼品销售',NULL,'LPXS201711010001','LPXS201711010001','季圣华','2017-11-01 23:06:40','2017-11-01 23:06:13',NULL,NULL,NULL,'0',NULL,'1','现付','','',NULL,NULL,NULL,NULL,NULL,NULL,NULL,NULL,NULL,'\0'), ('101','出库','调拨',NULL,'DBCK201711020001','DBCK201711020001','季圣华','2017-11-02 22:51:17','2017-11-02 22:48:58',NULL,NULL,NULL,'0',NULL,'50','现付','','',NULL,NULL,NULL,NULL,NULL,NULL,NULL,NULL,NULL,'\0'), ('102','出库','零售',NULL,'LSCK201711060001','LSCK201711060001','季圣华','2017-11-06 20:38:46','2017-11-06 20:38:01','7',NULL,NULL,'12',NULL,'12','现付','','','[\"9\",\"12\"]','[\"10\",\"2\"]',NULL,NULL,NULL,NULL,NULL,NULL,NULL,'\0'), ('103','入库','采购',NULL,'CGRK201711070001','CGRK201711070001','季圣华','2017-11-07 21:07:05','2017-11-07 21:06:53','1',NULL,'10','-26.4',NULL,'-24','现付','','',NULL,'','0','0','26.4',NULL,NULL,NULL,NULL,'\0'), ('104','入库','采购',NULL,'CGRK201711070002','CGRK201711070002','季圣华','2017-11-07 21:07:40','2017-11-07 21:07:08','4',NULL,NULL,'-11',NULL,'-10','现付','','','[\"9\",\"11\"]','[\"-10\",\"-1\"]','0','0','11.7',NULL,NULL,NULL,NULL,'\0'), ('105','出库','销售',NULL,'XSCK201711070001','XSCK201711070001','季圣华','2017-11-07 21:08:48','2017-11-07 21:08:34','2',NULL,'10','13',NULL,'13','现付','','<6>',NULL,'','0','0','13',NULL,NULL,NULL,NULL,'\0'), ('106','出库','销售',NULL,'XSCK201711070002','XSCK201711070002','季圣华','2017-11-07 21:09:20','2017-11-07 21:08:51','2',NULL,NULL,'13',NULL,'13','现付','','<5>','[\"9\",\"10\"]','[\"5\",\"8\"]','0','0','13',NULL,NULL,NULL,NULL,'\0');
INSERT INTO `jsh_depotitem` VALUES ('7','7','500','码','30','30','1.2','1.32','36','remark',NULL,NULL,'3',NULL,'10','3.6','39.6','a','b','c','','',NULL), ('8','8','500','码','20','20','1.2','1.2','24','',NULL,NULL,'3',NULL,NULL,'0','24','','','','','',NULL), ('9','9','500','码','100','100','1.2','1.32','120','',NULL,NULL,'3',NULL,'10','12','132','','','','','',NULL), ('10','10','500','码','10','10','1.2','1.32','12','',NULL,NULL,'3',NULL,'10','1.2','13.2','','','','','',NULL), ('11','11','500','码','20','20','1.2','1.32','24','',NULL,NULL,'3',NULL,'10','2.4','26.4','','','','','',NULL), ('12','12','500','码','10','10','1.2','1.32','12','',NULL,NULL,'3',NULL,'10','1.2','13.2','','','','','',NULL), ('13','13','500','码','20','20','1.2','1.32','24','',NULL,NULL,'3',NULL,'10','2.4','26.4','','','','','',NULL), ('14','14','500','码','30','30','1.2','1.32','36','',NULL,NULL,'3',NULL,'10','3.6','39.6','','','','','',NULL), ('16','16','500','码','20','20','1.2','1.32','24','',NULL,NULL,'3',NULL,'10','2.4','26.4','','','','','',NULL), ('17','17','500','码','30','30','1.2','1.32','36','',NULL,NULL,'3',NULL,'10','3.6','39.6','','','','','',NULL), ('18','18','500','码','20','20','1.2','1.32','24','',NULL,NULL,'3',NULL,'10','2.4','26.4','','','','','',NULL), ('19','19','500','码','22','22','1.2','1.32','26.4','',NULL,NULL,'3',NULL,'10','2.64','29.04','','','','','',NULL), ('20','20','500','码','30','30','1.2','1.32','36','',NULL,NULL,'3',NULL,'10','3.6','39.6','','','','','',NULL), ('21','21','500','码','22','22','1.2','1.32','26.4','',NULL,NULL,'3',NULL,'10','2.64','29.04','','','','','',NULL), ('22','22','500','码','20','20','1.2','1.32','24','',NULL,NULL,'3',NULL,'10','2.4','26.4','','','','','',NULL), ('23','23','517','箱','10','120','36','36','360','',NULL,NULL,'3',NULL,'0','0','360','','','','','',NULL), ('24','24','518','包','10','250','75','75','750','',NULL,NULL,'3',NULL,'0','0','750','','','','','',NULL), ('25','25','518','包','1','25','75','75','75','',NULL,NULL,'3',NULL,'0','0','75','','','','','',NULL), ('26','26','518','包','2','50','75','90','150','',NULL,NULL,'3',NULL,'20','30','180','','','','','',NULL), ('27','27','518','包','1','25','75','82.5','75','',NULL,NULL,'3',NULL,'10','7.5','82.5','','','','','',NULL), ('28','28','517','箱','2','24','36','36','72','',NULL,NULL,'3',NULL,'0','0','72','','','','','',NULL), ('29','29','500','码','100','100','1.3','1.37','130','',NULL,NULL,'3',NULL,'5','6.5','136.5','','','','','',''), ('30','30','500','码','40','40','1.2','1.2','48','',NULL,NULL,'3',NULL,'0','0','48','','','','','',NULL), ('31','31','500','码','20','20','1.3','1.43','26','',NULL,NULL,'3',NULL,'10','2.6','28.6','','','','','',NULL), ('32','32','500','码','10','10','1.2','1.32','12','',NULL,NULL,'3',NULL,'10','1.2','13.2','','','','','',NULL), ('33','33','500','码','50','50','1.3','1.43','65','',NULL,NULL,'3',NULL,'10','6.5','71.5','','','','','',NULL), ('37','37','500','码','1','1','1.3','1.3','1.3','',NULL,NULL,'3','1','0','0','1.3','','','','','',NULL), ('38','38','500','码','2','2','1.3','1.3','2.6','',NULL,NULL,'3','1','0','0','2.6','','','','','',NULL), ('41','41','500','码','20','20','2.1','2.31','42','',NULL,NULL,'3',NULL,'10','4.2','46.2','','','','','',NULL), ('42','42','500','码','10','10','1.1','1.1','11','',NULL,NULL,'3',NULL,'0','0','11','','','','','',NULL), ('43','43','500','码','11','11','1.1','1.1','12.1','',NULL,NULL,'3',NULL,'0','0','12.1','','','','','',NULL), ('44','44','499','码','1','1','2.2','2.2','2.2','',NULL,NULL,'3',NULL,'0','0','2.2','','','','','',NULL), ('45','45','500','码','3','3','1.1','1.1','3.3','',NULL,NULL,'3',NULL,'0','0','3.3','','','','','',NULL), ('48','48','498','码','10','10','1.2','1.2','12','',NULL,NULL,'3',NULL,'0','0','12','','','','','',NULL), ('49','49','498','码','10','10','1.2','1.2','12','',NULL,NULL,'3',NULL,'0','0','12','','','','','',NULL), ('50','50','500','码','20','20','1.1','1.1','22','',NULL,NULL,'3',NULL,'0','0','22','','','','','',NULL), ('52','52','500','码','22','22','1.1','1.1','24.2','',NULL,NULL,'3',NULL,'0','0','24.2','','','','','',NULL), ('53','53','500','码','33','33','1.1','1.1','36.3','',NULL,NULL,'3',NULL,'0','0','36.3','','','','','',NULL), ('54','54','500','码','10','10','1.2','1.2','12','',NULL,NULL,'1',NULL,'10','0','12','','','','','',''), ('57','57','500','码','2','2','1.2','1.26','2.4','',NULL,NULL,'3',NULL,'0','0.12','2.52','','','','','',NULL), ('60','60','500','码','10','10','1.3','1.3','13','',NULL,NULL,'3','4','0','0','13','','','','','',NULL), ('61','61','500','码','5','5','1.3','1.3','6.5','',NULL,NULL,'4',NULL,'0','0','6.5','','','','','',NULL), ('62','62','517','瓶','1','1','4','4','4','',NULL,NULL,'1','6','0','0','4','','','','','',NULL), ('63','57','517','箱','5','60','36','36','180','',NULL,NULL,'3',NULL,'0','0','180','','','','','',NULL), ('64','63','500','码','10','10','1.2','1.32','12','',NULL,NULL,'3',NULL,'10','1.2','13.2','','','','','',NULL), ('66','65','498','码','30','30','1.3','1.43','39','',NULL,NULL,'3',NULL,'10','3.9','42.9','','','','','',NULL), ('71','68','498','码','1','1','3','3','3','',NULL,NULL,'3',NULL,'0','0','3','','','','','','组合件'), ('72','68','499','码','1','1','4','4','4','',NULL,NULL,'3',NULL,'0','0','4','','','','','','普通子件'), ('73','69','498','码','1','1','0','0','0','',NULL,NULL,'1',NULL,'0','0','0','','','','','','组合件'), ('74','69','499','码','1','1','0','0','0','',NULL,NULL,'1',NULL,'0','0','0','','','','','','普通子件'), ('75','70','487','码','50','50','1','1','50','',NULL,NULL,'1',NULL,'10','0','50','','','','','',''), ('76','71','499','码','20','20','2.4','2.4','48','',NULL,NULL,'3',NULL,'0','0','48','','','','','',''), ('77','72','499','码','10','10','2.4','2.81','24','',NULL,NULL,'3',NULL,'17','4.08','28.08','','','','','',''), ('78','73','487','码','10','10','1','1','10','',NULL,NULL,'1',NULL,'0','0','10','','','','','',''), ('79','74','487','码','5','5','1','1','5','',NULL,NULL,'3',NULL,'0','0','5','','','','','',''), ('80','75','500','码','10','10','1.3','1.3','13','',NULL,NULL,'3',NULL,'0','0','13','','','','','',''), ('81','76','487','码','10','10','1','1','10','',NULL,NULL,'3','1','0','0','10','','','','','',''), ('82','77','499','码','1','1','2.2','2.2','2.2','',NULL,NULL,'3',NULL,'0','0','2.2','','','','','',''), ('83','78','499','码','1','1','2.2','2.2','2.2','',NULL,NULL,'3',NULL,'0','0','2.2','','','','','',''), ('84','79','499','码','9','9','2.4','2.64','21.6','',NULL,NULL,'3',NULL,'10','2.16','23.76','','','','','',''), ('85','80','500','码','1','1','2','2','2','',NULL,NULL,'3',NULL,'0','0','2','','','','','','组合件'), ('86','80','498','码','1','1','3','3','3','',NULL,NULL,'3',NULL,'0','0','3','','','','','','普通子件'), ('88','82','498','码','40','40','1.3','1.43','52','',NULL,NULL,'3',NULL,'10','5.2','57.2','','','','','',''), ('90','84','499','码','10','10','2.4','2.64','24','',NULL,NULL,'1',NULL,'10','2.4','26.4','','','','','',''), ('91','85','518','包','1','25','75','87.75','75','',NULL,NULL,'3',NULL,'17','12.75','87.75','','','','','',''), ('93','87','518','kg','1','1','4','4','4','',NULL,NULL,'3',NULL,'0','0','4','','','','','',''), ('94','88','517','瓶','10','10','4','4.4','40','',NULL,NULL,'3',NULL,'10','4','44','','','','','',''), ('95','89','517','箱','1','12','18','18','18','',NULL,NULL,'3',NULL,'0','0','18','','','','','',''), ('96','90','518','包','2','50','50','50','100','',NULL,NULL,'3',NULL,'0','0','100','','','','','',''), ('100','93','500','码','2','2','1.3','1.3','2.6','',NULL,NULL,'1',NULL,'0','0','2.6','','','','','',''), ('101','94','517','瓶','2','2','4','4','8','',NULL,NULL,'3',NULL,'0','0','8','','','','','',''), ('102','95','498','码','2','2','1.3','1.43','2.6','',NULL,NULL,'3',NULL,'10','0.26','2.86','','','','','',''), ('103','96','498','码','2','2','1.4','1.4','2.8','',NULL,NULL,'3',NULL,'0','0','2.8','','','','','',''), ('104','97','485','码','200','200','1','1.17','200','',NULL,NULL,'3',NULL,'17','34','234','','','','','',''), ('105','98','487','码','300','300','1','1.17','300','',NULL,NULL,'3',NULL,'17','51','351','','','','','',''), ('106','99','517','箱','20','240','36','42.12','720','',NULL,NULL,'3',NULL,'17','122.4','842.4','','','','','',''), ('107','100','487','码','1','1','1','1','1','',NULL,NULL,'4',NULL,'0','0','1','','','','','',''), ('108','101','485','码','50','50','1','1','50','',NULL,NULL,'3','1','0','0','50','','','','','',''), ('109','102','498','码','10','10','1.2','1.2','12','',NULL,NULL,'3',NULL,'0','0','12','','','','','',''), ('110','103','499','码','10','10','2.4','2.64','24','',NULL,NULL,'3',NULL,'10','2.4','26.4','','','','','',''), ('111','104','487','码','10','10','1','1.17','10','',NULL,NULL,'3',NULL,'17','1.7','11.7','','','','','',''), ('112','105','499','码','5','5','2.6','2.6','13','',NULL,NULL,'3',NULL,'0','0','13','','','','','',''), ('113','106','499','码','5','5','2.6','2.6','13','',NULL,NULL,'3',NULL,'0','0','13','','','','','','');
INSERT INTO `jsh_functions` VALUES ('1','00','系统管理','0','','','0010','','电脑版',''), ('2','01','基础数据','0','','','0020','','电脑版',''), ('11','0001','系统管理','00','','\0','0110','','电脑版',NULL), ('12','000101','应用管理','0001','../manage/app.jsp','\0','0132','','电脑版',''), ('13','000102','角色管理','0001','../manage/role.jsp','\0','0130','','电脑版',''), ('14','000103','用户管理','0001','../manage/user.jsp','\0','0140','','电脑版',NULL), ('15','000104','日志管理','0001','../manage/log.jsp','\0','0160','','电脑版',NULL), ('16','000105','功能管理','0001','../manage/functions.jsp','\0','0135','','电脑版',NULL), ('21','0101','商品管理','01','','\0','0220','','电脑版',NULL), ('22','010101','商品类别','0101','../materials/materialcategory.jsp','\0','0230','','电脑版',NULL), ('23','010102','商品信息','0101','../materials/material.jsp','\0','0240','','电脑版',NULL), ('24','0102','基本资料','01','','\0','0250','','电脑版',NULL), ('25','01020101','供应商信息','0102','../manage/vendor.jsp','\0','0260','','电脑版','1,2'), ('26','010202','仓库信息','0102','../manage/depot.jsp','\0','0270','','电脑版',NULL), ('31','010206','经手人管理','0102','../materials/person.jsp','\0','0284','','电脑版',NULL), ('32','0502','入库管理','05','','\0','0330','','电脑版',''), ('33','050201','采购入库','0502','../materials/purchase_in_list.jsp','\0','0340','','电脑版','3,4,5'), ('38','0603','出库管理','06','','\0','0390','','电脑版',''), ('40','060306','调拨出库','0603','../materials/allocation_out_list.jsp','\0','0420','','电脑版','3,4,5'), ('41','060303','销售出库','0603','../materials/sale_out_list.jsp','\0','0410','','电脑版','3,4,5'), ('44','0704','财务管理','07','','\0','0450','','电脑版',''), ('59','030101','库存状况','0301','../reports/in_out_stock_report.jsp','\0','0600','','电脑版',NULL), ('194','010204','收支项目','0102','../manage/inOutItem.jsp','\0','0282','','电脑版',NULL), ('195','010205','结算账户','0102','../manage/account.jsp','\0','0283','','电脑版',NULL), ('196','03','报表查询','0','','','0025','','电脑版',''), ('197','070402','收入单','0704','../financial/item_in.jsp','\0','0465','','电脑版',''), ('198','0301','报表查询','03','','\0','0570','','电脑版',NULL), ('199','060304','采购退货','0603','../materials/purchase_back_list.jsp','\0','0415','','电脑版','3,4,5'), ('200','050203','销售退货','0502','../materials/sale_back_list.jsp','\0','0350','','电脑版','3,4,5'), ('201','050204','其它入库','0502','../materials/other_in_list.jsp','\0','0360','','电脑版','3,4,5'), ('202','060305','其它出库','0603','../materials/other_out_list.jsp','\0','0418','','电脑版','3,4,5'), ('203','070403','支出单','0704','../financial/item_out.jsp','\0','0470','','电脑版',''), ('204','070404','收款单','0704','../financial/money_in.jsp','\0','0475','','电脑版',''), ('205','070405','付款单','0704','../financial/money_out.jsp','\0','0480','','电脑版',''), ('206','070406','转账单','0704','../financial/giro.jsp','\0','0490','','电脑版',''), ('207','030102','结算账户','0301','../reports/account_report.jsp','\0','0610','','电脑版',NULL), ('208','030103','进货统计','0301','../reports/buy_in_report.jsp','\0','0620','','电脑版',NULL), ('209','030104','销售统计','0301','../reports/sale_out_report.jsp','\0','0630','','电脑版',NULL), ('210','040102','零售出库','0401','../materials/retail_out_list.jsp','\0','0405','','电脑版','3,4,5'), ('211','040104','零售退货','0401','../materials/retail_back_list.jsp','\0','0407','','电脑版','3,4,5'), ('212','070407','收预付款','0704','../financial/advance_in.jsp','\0','0495','','电脑版',''), ('213','010207','礼品卡管理','0102','../manage/depotGift.jsp','\0','0290','','电脑版',''), ('214','040106','礼品充值','0401','../materials/gift_recharge_list.jsp','\0','0408','','电脑版','3,4,5'), ('215','040108','礼品销售','0401','../materials/gift_out_list.jsp','\0','0409','','电脑版','3,4,5'), ('216','030105','礼品卡统计','0301','../reports/gift_manage_report.jsp','\0','0635','','电脑版',''), ('217','01020102','客户信息','0102','../manage/customer.jsp','\0','0262','','电脑版','1,2'), ('218','01020103','会员信息','0102','../manage/member.jsp','\0','0263','','电脑版','1,2'), ('219','000107','资产管理','0001','../asset/asset.jsp','\0','0170','\0','电脑版',NULL), ('220','010103','计量单位','0101','../manage/unit.jsp','\0','0245','','电脑版',NULL), ('221','04','零售管理','0','','','0028','','电脑版',''), ('222','05','入库管理','0','','','0030','','电脑版',''), ('223','06','出库管理','0','','','0035','','电脑版',''), ('224','07','财务管理','0','','','0040','','电脑版',''), ('225','0401','零售管理','04','','\0','0401','','电脑版',''), ('226','030106','入库明细','0301','../reports/in_detail.jsp','\0','0640','','电脑版',''), ('227','030107','出库明细','0301','../reports/out_detail.jsp','\0','0645','','电脑版',''), ('228','030108','入库汇总','0301','../reports/in_material_count.jsp','\0','0650','','电脑版',''), ('229','030109','出库汇总','0301','../reports/out_material_count.jsp','\0','0655','','电脑版',''), ('230','02','组装拆卸','0','','','0022','','电脑版',''), ('231','0201','组装拆卸','02','','\0','0310','','电脑版',''), ('232','020101','组装单','0201','../materials/assemble_list.jsp','\0','0315','','电脑版','3,4,5'), ('233','020102','拆卸单','0201','../materials/disassemble_list.jsp','\0','0320','','电脑版','3,4,5'), ('234','000105','系统配置','0001','../manage/systemConfig.jsp','\0','0165','','电脑版',''), ('235','030110','客户对账','0301','../reports/customer_account.jsp','\0','0660','','电脑版',''), ('236','000106','商品属性','0001','../materials/materialProperty.jsp','\0','0168','','电脑版',''), ('237','030111','供应商对账','0301','../reports/vendor_account.jsp','\0','0665','','电脑版','');
INSERT INTO `jsh_inoutitem` VALUES ('1','办公耗材','支出','办公耗材'), ('5','房租收入','收入','房租收入'), ('7','利息收入','收入','利息收入'), ('8','水电费','支出','水电费水电费'), ('9','快递费','支出','快递费'), ('10','交通报销费','支出','交通报销费'), ('11','差旅费','支出','差旅费'), ('12','全车贴膜-普通','收入',''), ('13','全车贴膜-高档','收入',''), ('14','洗车','收入',''), ('15','保养汽车','收入','');
INSERT INTO `jsh_log` VALUES ('1722','63','登录系统','192.168.1.104','2016-11-27 13:17:17','0','管理用户：jsh 登录系统','jsh 登录系统'), ('1723','63','登录系统','192.168.1.104','2016-11-27 13:17:30','0','管理用户：jsh 登录系统','jsh 登录系统'), ('1724','63','退出系统','192.168.1.104','2016-11-27 13:17:48','0','管理用户：jsh 退出系统','jsh 退出系统'), ('1725','65','登录系统','192.168.1.104','2016-11-27 13:17:52','0','管理用户：ls 登录系统','ls 登录系统'), ('1726','65','退出系统','192.168.1.104','2016-11-27 13:18:18','0','管理用户：ls 退出系统','ls 退出系统'), ('1727','63','登录系统','192.168.1.104','2016-11-27 13:18:22','0','管理用户：jsh 登录系统','jsh 登录系统'), ('1728','63','更新UserBusiness','192.168.1.104','2016-11-27 13:18:44','0','更新UserBusiness的ID为  6 成功！','更新UserBusiness成功'), ('1729','63','退出系统','192.168.1.104','2016-11-27 13:18:48','0','管理用户：jsh 退出系统','jsh 退出系统'), ('1730','65','登录系统','192.168.1.104','2016-11-27 13:18:53','0','管理用户：ls 登录系统','ls 登录系统'), ('1731','63','登录系统','192.168.1.104','2016-12-04 10:38:50','0','管理用户：jsh 登录系统','jsh 登录系统'), ('1732','63','增加物料','192.168.1.104','2016-12-04 10:40:52','0','增加物料名称为  11 成功！','增加物料成功'), ('1733','63','更新物料','192.168.1.104','2016-12-04 10:59:57','0','更新物料ID为  499 成功！','更新物料成功'), ('1734','63','更新物料','192.168.1.104','2016-12-04 11:00:13','0','更新物料ID为  499 成功！','更新物料成功'), ('1735','63','删除物料','192.168.1.104','2016-12-04 11:00:38','0','删除物料ID为  499 成功！','删除物料成功'), ('1736','63','增加物料','192.168.1.104','2016-12-04 11:02:35','0','增加物料名称为  11 成功！','增加物料成功'), ('1737','63','批量删除物料','192.168.1.104','2016-12-04 11:02:41','0','批量删除物料ID为  500 成功！','批量删除物料成功'), ('1738','63','更新功能','192.168.1.104','2016-12-04 11:04:43','0','更新功能ID为  26 成功！','更新功能成功'), ('1739','63','增加供应商','192.168.1.104','2016-12-04 11:38:13','0','增加供应商名称为  aa 成功！','增加供应商成功'), ('1740','63','增加供应商','192.168.1.104','2016-12-04 11:48:36','0','增加供应商名称为  aaaa 成功！','增加供应商成功'), ('1741','63','删除供应商','192.168.1.104','2016-12-04 11:48:53','0','删除供应商ID为  3,名称为  aa成功！','删除供应商成功'), ('1742','63','更新供应商','192.168.1.104','2016-12-04 11:48:59','0','更新供应商ID为  4 成功！','更新供应商成功'), ('1743','63','更新功能','192.168.1.104','2016-12-04 13:06:24','0','更新功能ID为  31 成功！','更新功能成功'), ('1744','63','删除功能','192.168.1.104','2016-12-04 13:06:47','0','删除功能ID为  30 成功！','删除功能成功'), ('1745','63','更新功能','192.168.1.104','2016-12-04 13:08:35','0','更新功能ID为  24 成功！','更新功能成功'), ('1746','63','更新功能','192.168.1.104','2016-12-04 13:09:52','0','更新功能ID为  24 成功！','更新功能成功'), ('1747','63','更新功能','192.168.1.104','2016-12-04 13:11:00','0','更新功能ID为  21 成功！','更新功能成功'), ('1748','63','更新功能','192.168.1.104','2016-12-04 13:11:08','0','更新功能ID为  22 成功！','更新功能成功'), ('1749','63','更新功能','192.168.1.104','2016-12-04 13:11:16','0','更新功能ID为  23 成功！','更新功能成功'), ('1750','63','更新功能','192.168.1.104','2016-12-04 13:11:31','0','更新功能ID为  23 成功！','更新功能成功'), ('1751','63','更新应用','192.168.1.104','2016-12-04 13:34:39','0','更新应用ID为  22 成功！','更新应用成功'), ('1752','63','更新应用','192.168.1.104','2016-12-04 13:35:13','0','更新应用ID为  22 成功！','更新应用成功'), ('1753','63','登录系统','192.168.1.104','2016-12-04 13:36:45','0','管理用户：jsh 登录系统','jsh 登录系统'), ('1754','63','登录系统','192.168.1.104','2016-12-04 13:38:31','0','管理用户：jsh 登录系统','jsh 登录系统'), ('1755','63','增加功能','192.168.1.104','2016-12-04 13:40:10','0','增加功能名称为  报表管理 成功！','增加功能成功'), ('1756','63','更新功能','192.168.1.104','2016-12-04 13:40:38','0','更新功能ID为  58 成功！','更新功能成功'), ('1757','63','更新功能','192.168.1.104','2016-12-04 13:40:54','0','更新功能ID为  59 成功！','更新功能成功'), ('1758','63','更新应用','192.168.1.104','2016-12-04 13:42:15','0','更新应用ID为  22 成功！','更新应用成功'), ('1759','63','更新功能','192.168.1.104','2016-12-04 13:43:23','0','更新功能ID为  58 成功！','更新功能成功'), ('1760','63','更新应用','192.168.1.104','2016-12-04 13:43:44','0','更新应用ID为  22 成功！','更新应用成功'), ('1761','63','更新应用','192.168.1.104','2016-12-04 13:47:17','0','更新应用ID为  22 成功！','更新应用成功'), ('1762','63','登录系统','192.168.112.102','2016-12-04 21:00:14','0','管理用户：jsh 登录系统','jsh 登录系统'), ('1763','63','更新应用','192.168.112.102','2016-12-04 21:01:40','0','更新应用ID为  7 成功！','更新应用成功'), ('1764','63','更新应用','192.168.112.102','2016-12-04 21:02:40','0','更新应用ID为  7 成功！','更新应用成功'), ('1765','63','登录系统','192.168.112.102','2016-12-04 21:14:18','0','管理用户：jsh 登录系统','jsh 登录系统'), ('1766','63','登录系统','192.168.112.102','2016-12-04 21:49:44','0','管理用户：jsh 登录系统','jsh 登录系统'), ('1767','63','登录系统','192.168.4.108','2016-12-10 14:24:27','0','管理用户：jsh 登录系统','jsh 登录系统'), ('1768','63','登录系统','192.168.4.108','2016-12-10 14:30:33','0','管理用户：jsh 登录系统','jsh 登录系统'), ('1769','63','退出系统','192.168.4.108','2016-12-10 14:31:27','0','管理用户：jsh 退出系统','jsh 退出系统'), ('1770','63','登录系统','192.168.4.108','2016-12-10 14:31:33','0','管理用户：jsh 登录系统','jsh 登录系统'), ('1771','63','增加经手人','192.168.4.108','2016-12-10 14:55:24','0','增加经手人名称为  赵五-财务 成功！','增加经手人成功'), ('1772','63','更新经手人','192.168.4.108','2016-12-10 14:55:33','0','更新经手人ID为  2 成功！','更新经手人成功'), ('1773','63','更新经手人','192.168.4.108','2016-12-10 14:55:45','0','更新经手人ID为  1 成功！','更新经手人成功'), ('1774','63','增加功能','192.168.4.108','2016-12-10 15:29:27','0','增加功能名称为  收入单 成功！','增加功能成功'), ('1775','63','更新UserBusiness','192.168.4.108','2016-12-10 15:30:47','0','更新UserBusiness的ID为  5 成功！','更新UserBusiness成功'), ('1776','63','更新功能','192.168.4.108','2016-12-10 15:35:04','0','更新功能ID为  58 成功！','更新功能成功'), ('1777','63','更新功能','192.168.4.108','2016-12-10 15:35:59','0','更新功能ID为  58 成功！','更新功能成功'), ('1778','63','更新功能','192.168.4.108','2016-12-10 15:37:40','0','更新功能ID为  196 成功！','更新功能成功'), ('1779','63','更新功能','192.168.4.108','2016-12-10 15:39:07','0','更新功能ID为  196 成功！','更新功能成功'), ('1780','63','更新功能','192.168.4.108','2016-12-10 15:39:23','0','更新功能ID为  59 成功！','更新功能成功'), ('1781','63','删除功能','192.168.4.108','2016-12-10 15:39:45','0','删除功能ID为  58 成功！','删除功能成功'), ('1782','63','更新功能','192.168.4.108','2016-12-10 15:40:03','0','更新功能ID为  59 成功！','更新功能成功'), ('1783','63','更新UserBusiness','192.168.4.108','2016-12-10 15:41:52','0','更新UserBusiness的ID为  5 成功！','更新UserBusiness成功'), ('1784','63','增加功能','192.168.4.108','2016-12-10 15:44:39','0','增加功能名称为  报表管理 成功！','增加功能成功'), ('1785','63','更新功能','192.168.4.108','2016-12-10 15:44:51','0','更新功能ID为  59 成功！','更新功能成功'), ('1786','63','更新功能','192.168.4.108','2016-12-10 15:46:30','0','更新功能ID为  198 成功！','更新功能成功'), ('1787','63','增加经手人','192.168.4.108','2016-12-10 16:48:36','0','增加经手人名称为  赵六-财务 成功！','增加经手人成功'), ('1788','63','更新经手人','192.168.4.108','2016-12-10 16:48:43','0','更新经手人ID为  3 成功！','更新经手人成功'), ('1789','63','更新经手人','192.168.4.108','2016-12-10 16:48:49','0','更新经手人ID为  3 成功！','更新经手人成功'), ('1790','63','增加仓库','192.168.4.108','2016-12-10 16:59:41','0','增加仓库名称为  总部 成功！','增加仓库成功'), ('1791','63','更新仓库','192.168.4.108','2016-12-10 16:59:52','0','更新仓库ID为  2 成功！','更新仓库成功'), ('1792','63','更新仓库','192.168.4.108','2016-12-10 17:00:03','0','更新仓库ID为  1 成功！','更新仓库成功'), ('1793','63','更新经手人','192.168.4.108','2016-12-10 17:00:15','0','更新经手人ID为  3 成功！','更新经手人成功'), ('1794','63','更新经手人','192.168.4.108','2016-12-10 17:00:23','0','更新经手人ID为  4 成功！','更新经手人成功'), ('1795','63','登录系统','192.168.4.108','2016-12-10 17:10:40','0','管理用户：jsh 登录系统','jsh 登录系统'), ('1796','63','退出系统','192.168.4.108','2016-12-10 17:39:05','0','管理用户：jsh 退出系统','jsh 退出系统'), ('1797','63','登录系统','192.168.4.108','2016-12-10 17:39:16','0','管理用户：jsh 登录系统','jsh 登录系统'), ('1798','63','批量删除功能','192.168.4.108','2016-12-10 17:44:39','0','批量删除功能ID为  51,193 成功！','批量删除功能成功'), ('1799','63','批量删除功能','192.168.4.108','2016-12-10 17:44:54','0','批量删除功能ID为  46,47,48,49,50 成功！','批量删除功能成功'), ('1800','63','批量删除功能','192.168.4.108','2016-12-10 17:45:26','0','批量删除功能ID为  52,53,54,55 成功！','批量删除功能成功'), ('1801','63','批量删除功能','192.168.4.108','2016-12-10 17:45:49','0','批量删除功能ID为  45 成功！','批量删除功能成功'), ('1802','63','登录系统','192.168.112.102','2016-12-10 20:19:13','0','管理用户：jsh 登录系统','jsh 登录系统'), ('1803','63','增加财务','192.168.112.102','2016-12-10 20:20:06','0','增加财务编号为  33 成功！','增加财务成功'), ('1804','63','增加财务','192.168.112.102','2016-12-10 20:20:11','0','增加财务编号为  33 成功！','增加财务成功'), ('1805','63','增加财务','192.168.112.102','2016-12-10 20:20:12','0','增加财务编号为  33 成功！','增加财务成功'), ('1806','63','增加财务','192.168.112.102','2016-12-10 20:25:48','0','增加财务编号为  123 成功！','增加财务成功'), ('1807','63','登录系统','192.168.112.102','2016-12-10 20:50:11','0','管理用户：jsh 登录系统','jsh 登录系统'), ('1808','63','增加财务','192.168.112.102','2016-12-10 20:51:41','0','增加财务编号为  3123 成功！','增加财务成功'), ('1809','63','增加财务','192.168.112.102','2016-12-10 20:53:58','0','增加财务编号为  3123 成功！','增加财务成功'), ('1810','63','增加财务','192.168.112.102','2016-12-10 21:08:57','0','增加财务编号为  123 成功！','增加财务成功'), ('1811','63','增加财务','192.168.112.102','2016-12-10 21:47:45','0','增加财务编号为  123 成功！','增加财务成功'), ('1812','63','保存财务明细','192.168.112.102','2016-12-10 21:47:46','0','保存财务明细对应主表编号为  8 成功！','保存财务明细成功'), ('1813','63','登录系统','192.168.112.102','2016-12-10 22:49:54','0','管理用户：jsh 登录系统','jsh 登录系统'), ('1814','63','删除财务','192.168.112.102','2016-12-10 22:52:43','0','删除财务ID为  5 成功！','删除财务成功'), ('1815','63','批量删除财务','192.168.112.102','2016-12-10 22:52:49','0','批量删除财务ID为  4 成功！','批量删除财务成功'), ('1816','63','增加财务','192.168.112.102','2016-12-10 22:53:19','0','增加财务编号为  3134 成功！','增加财务成功'), ('1817','63','保存财务明细','192.168.112.102','2016-12-10 22:53:20','0','保存财务明细对应主表编号为  9 成功！','保存财务明细成功'), ('1818','63','删除财务','192.168.112.102','2016-12-10 22:53:35','0','删除财务ID为  7 成功！','删除财务成功'), ('1819','63','增加财务','192.168.112.102','2016-12-10 22:54:05','0','增加财务编号为  N123 成功！','增加财务成功'), ('1820','63','保存财务明细','192.168.112.102','2016-12-10 22:54:06','0','保存财务明细对应主表编号为  10 成功！','保存财务明细成功'), ('1821','63','更新财务','192.168.112.102','2016-12-10 22:54:28','0','更新财务ID为  10 成功！','更新财务成功');
INSERT INTO `jsh_log` VALUES ('1822','63','更新财务','192.168.112.102','2016-12-10 23:06:54','0','更新财务ID为  10 成功！','更新财务成功'), ('1823','63','增加财务','192.168.112.102','2016-12-10 23:07:51','0','增加财务编号为  124 成功！','增加财务成功'), ('1824','63','保存财务明细','192.168.112.102','2016-12-10 23:07:51','0','保存财务明细对应主表编号为  11 成功！','保存财务明细成功'), ('1825','63','登录系统','192.168.112.102','2016-12-10 23:09:32','0','管理用户：jsh 登录系统','jsh 登录系统'), ('1826','63','更新财务','192.168.112.102','2016-12-10 23:09:55','0','更新财务ID为  10 成功！','更新财务成功'), ('1827','63','更新收支项目','192.168.112.102','2016-12-10 23:10:18','0','更新收支项目ID为  7 成功！','更新收支项目成功'), ('1828','63','更新收支项目','192.168.112.102','2016-12-10 23:10:32','0','更新收支项目ID为  5 成功！','更新收支项目成功'), ('1829','63','更新收支项目','192.168.112.102','2016-12-10 23:10:47','0','更新收支项目ID为  1 成功！','更新收支项目成功'), ('1830','63','增加收支项目','192.168.112.102','2016-12-10 23:11:05','0','增加收支项目名称为  水电费 成功！','增加收支项目成功'), ('1831','63','增加收支项目','192.168.112.102','2016-12-10 23:11:18','0','增加收支项目名称为  快递费 成功！','增加收支项目成功'), ('1832','63','增加收支项目','192.168.112.102','2016-12-10 23:11:30','0','增加收支项目名称为  交通报销费 成功！','增加收支项目成功'), ('1833','63','增加收支项目','192.168.112.102','2016-12-10 23:11:50','0','增加收支项目名称为  差旅费 成功！','增加收支项目成功'), ('1834','63','增加财务','192.168.112.102','2016-12-10 23:12:45','0','增加财务编号为  NO123 成功！','增加财务成功'), ('1835','63','保存财务明细','192.168.112.102','2016-12-10 23:12:46','0','保存财务明细对应主表编号为  12 成功！','保存财务明细成功'), ('1836','63','更新财务','192.168.112.102','2016-12-10 23:27:12','0','更新财务ID为  12 成功！','更新财务成功'), ('1837','63','更新财务','192.168.112.102','2016-12-10 23:27:46','0','更新财务ID为  12 成功！','更新财务成功'), ('1838','63','登录系统','192.168.112.102','2016-12-10 23:29:10','0','管理用户：jsh 登录系统','jsh 登录系统'), ('1839','63','更新财务','192.168.112.102','2016-12-10 23:30:01','0','更新财务ID为  12 成功！','更新财务成功'), ('1840','63','更新财务','192.168.112.102','2016-12-10 23:30:43','0','更新财务ID为  12 成功！','更新财务成功'), ('1841','63','更新财务','192.168.112.102','2016-12-10 23:31:17','0','更新财务ID为  12 成功！','更新财务成功'), ('1842','63','更新财务','192.168.112.102','2016-12-10 23:38:58','0','更新财务ID为  12 成功！','更新财务成功'), ('1843','63','更新财务','192.168.112.102','2016-12-10 23:42:13','0','更新财务ID为  12 成功！','更新财务成功'), ('1844','63','登录系统','192.168.112.102','2016-12-10 23:45:16','0','管理用户：jsh 登录系统','jsh 登录系统'), ('1845','63','更新财务','192.168.112.102','2016-12-10 23:45:34','0','更新财务ID为  12 成功！','更新财务成功'), ('1846','63','增加财务','192.168.112.102','2016-12-10 23:46:22','0','增加财务编号为  12312 成功！','增加财务成功'), ('1847','63','保存财务明细','192.168.112.102','2016-12-10 23:46:23','0','保存财务明细对应主表编号为  13 成功！','保存财务明细成功'), ('1848','63','更新财务','192.168.112.102','2016-12-10 23:46:50','0','更新财务ID为  13 成功！','更新财务成功'), ('1849','63','删除财务','192.168.112.102','2016-12-10 23:47:54','1','删除财务ID为  9 失败！','删除财务失败'), ('1850','63','删除财务','192.168.112.102','2016-12-10 23:48:00','1','删除财务ID为  10 失败！','删除财务失败'), ('1851','63','批量删除财务','192.168.112.102','2016-12-10 23:48:07','1','批量删除财务ID为  10 失败！','批量删除财务失败'), ('1852','63','删除财务','192.168.112.102','2016-12-10 23:53:36','0','删除财务ID为  10 成功！','删除财务成功'), ('1853','63','删除财务','192.168.112.102','2016-12-10 23:53:39','0','删除财务ID为  8 成功！','删除财务成功'), ('1854','63','批量删除财务','192.168.112.102','2016-12-10 23:53:44','0','批量删除财务ID为  6 成功！','批量删除财务成功'), ('1855','63','登录系统','192.168.4.107','2016-12-11 09:50:41','0','管理用户：jsh 登录系统','jsh 登录系统'), ('1856','63','删除财务','192.168.4.107','2016-12-11 09:51:09','0','删除财务ID为  11 成功！','删除财务成功'), ('1857','63','增加财务','192.168.4.107','2016-12-11 09:51:42','0','增加财务编号为  N666 成功！','增加财务成功'), ('1858','63','保存财务明细','192.168.4.107','2016-12-11 09:51:43','0','保存财务明细对应主表编号为  13 成功！','保存财务明细成功'), ('1859','63','批量删除功能','192.168.4.107','2016-12-11 10:08:23','0','批量删除功能ID为  34,35,36,37,39 成功！','批量删除功能成功'), ('1860','63','批量删除功能','192.168.4.107','2016-12-11 10:08:49','0','批量删除功能ID为  42,43 成功！','批量删除功能成功'), ('1861','63','更新功能','192.168.4.107','2016-12-11 10:15:14','0','更新功能ID为  40 成功！','更新功能成功'), ('1862','63','更新功能','192.168.4.107','2016-12-11 10:15:32','0','更新功能ID为  41 成功！','更新功能成功'), ('1863','63','更新功能','192.168.4.107','2016-12-11 10:17:58','0','更新功能ID为  3 成功！','更新功能成功'), ('1864','63','更新功能','192.168.4.107','2016-12-11 10:18:32','0','更新功能ID为  3 成功！','更新功能成功'), ('1865','63','删除功能','192.168.4.107','2016-12-11 10:18:56','0','删除功能ID为  10 成功！','删除功能成功'), ('1866','63','更新功能','192.168.4.107','2016-12-11 10:20:32','0','更新功能ID为  196 成功！','更新功能成功'), ('1867','63','更新功能','192.168.4.107','2016-12-11 10:33:16','0','更新功能ID为  15 成功！','更新功能成功'), ('1868','63','更新功能','192.168.4.107','2016-12-11 10:34:36','0','更新功能ID为  14 成功！','更新功能成功'), ('1869','63','登录系统','192.168.4.107','2016-12-11 14:36:43','0','管理用户：jsh 登录系统','jsh 登录系统'), ('1870','63','增加功能','192.168.4.107','2016-12-11 15:11:33','0','增加功能名称为  入库退货 成功！','增加功能成功'), ('1871','63','增加功能','192.168.4.107','2016-12-11 15:12:44','0','增加功能名称为  销售退货 成功！','增加功能成功'), ('1872','63','更新功能','192.168.4.107','2016-12-11 15:13:08','0','更新功能ID为  199 成功！','更新功能成功'), ('1873','63','更新UserBusiness','192.168.4.107','2016-12-11 15:13:39','0','更新UserBusiness的ID为  5 成功！','更新UserBusiness成功'), ('1874','63','增加功能','192.168.4.107','2016-12-11 15:20:11','0','增加功能名称为  其他入库 成功！','增加功能成功'), ('1875','63','增加功能','192.168.4.107','2016-12-11 15:21:11','0','增加功能名称为  其他出库 成功！','增加功能成功'), ('1876','63','更新UserBusiness','192.168.4.107','2016-12-11 15:21:26','0','更新UserBusiness的ID为  5 成功！','更新UserBusiness成功'), ('1877','63','更新功能','192.168.4.107','2016-12-11 15:24:06','0','更新功能ID为  200 成功！','更新功能成功'), ('1878','63','更新功能','192.168.4.107','2016-12-11 15:24:43','0','更新功能ID为  199 成功！','更新功能成功'), ('1879','63','更新UserBusiness','192.168.4.107','2016-12-11 15:25:05','0','更新UserBusiness的ID为  5 成功！','更新UserBusiness成功'), ('1880','63','更新UserBusiness','192.168.4.107','2016-12-11 15:25:28','0','更新UserBusiness的ID为  6 成功！','更新UserBusiness成功'), ('1881','63','更新功能','192.168.4.107','2016-12-11 15:27:25','0','更新功能ID为  197 成功！','更新功能成功'), ('1882','63','更新功能','192.168.4.107','2016-12-11 15:30:42','0','更新功能ID为  197 成功！','更新功能成功'), ('1883','63','增加功能','192.168.4.107','2016-12-11 15:31:43','0','增加功能名称为  支出单 成功！','增加功能成功'), ('1884','63','更新功能','192.168.4.107','2016-12-11 15:31:56','0','更新功能ID为  203 成功！','更新功能成功'), ('1885','63','更新UserBusiness','192.168.4.107','2016-12-11 15:32:12','0','更新UserBusiness的ID为  5 成功！','更新UserBusiness成功'), ('1886','63','更新UserBusiness','192.168.4.107','2016-12-11 15:32:23','0','更新UserBusiness的ID为  6 成功！','更新UserBusiness成功'), ('1887','63','更新功能','192.168.4.107','2016-12-11 15:39:07','0','更新功能ID为  197 成功！','更新功能成功'), ('1888','63','更新功能','192.168.4.107','2016-12-11 15:39:14','0','更新功能ID为  203 成功！','更新功能成功'), ('1889','63','增加功能','192.168.4.107','2016-12-11 15:40:32','0','增加功能名称为  收款单 成功！','增加功能成功'), ('1890','63','增加功能','192.168.4.107','2016-12-11 15:41:18','0','增加功能名称为  付款单 成功！','增加功能成功'), ('1891','63','增加功能','192.168.4.107','2016-12-11 15:42:11','0','增加功能名称为  转账单 成功！','增加功能成功'), ('1892','63','更新功能','192.168.4.107','2016-12-11 15:42:26','0','更新功能ID为  204 成功！','更新功能成功'), ('1893','63','更新UserBusiness','192.168.4.107','2016-12-11 15:42:37','0','更新UserBusiness的ID为  5 成功！','更新UserBusiness成功'), ('1894','63','更新功能','192.168.4.107','2016-12-11 15:43:50','0','更新功能ID为  206 成功！','更新功能成功'), ('1895','63','登录系统','192.168.112.100','2016-12-11 18:02:00','0','管理用户：jsh 登录系统','jsh 登录系统'), ('1896','63','增加仓管通','192.168.112.100','2016-12-11 18:15:39','0','增加仓管通编号为  234234 成功！','增加仓管通成功'), ('1897','63','保存仓管通明细','192.168.112.100','2016-12-11 18:15:40','0','保存仓管通明细对应主表编号为  33 成功！','保存仓管通明细成功'), ('1898','63','更新功能','192.168.112.100','2016-12-11 18:23:48','0','更新功能ID为  201 成功！','更新功能成功'), ('1899','63','更新功能','192.168.112.100','2016-12-11 18:23:58','0','更新功能ID为  202 成功！','更新功能成功'), ('1900','63','增加仓管通','192.168.112.100','2016-12-11 18:44:50','0','增加仓管通编号为  1234 成功！','增加仓管通成功'), ('1901','63','保存仓管通明细','192.168.112.100','2016-12-11 18:44:51','0','保存仓管通明细对应主表编号为  34 成功！','保存仓管通明细成功'), ('1902','63','登录系统','192.168.112.100','2016-12-11 20:14:46','0','管理用户：jsh 登录系统','jsh 登录系统'), ('1903','63','更新财务','192.168.112.100','2016-12-11 21:29:17','0','更新财务ID为  13 成功！','更新财务成功'), ('1904','63','更新财务','192.168.112.100','2016-12-11 21:29:47','0','更新财务ID为  13 成功！','更新财务成功'), ('1905','63','更新财务','192.168.112.100','2016-12-11 21:30:26','0','更新财务ID为  9 成功！','更新财务成功'), ('1906','63','更新财务','192.168.112.100','2016-12-11 21:32:31','0','更新财务ID为  13 成功！','更新财务成功'), ('1907','63','更新财务','192.168.112.100','2016-12-11 21:44:38','0','更新财务ID为  13 成功！','更新财务成功'), ('1908','63','登录系统','192.168.112.100','2016-12-11 21:50:51','0','管理用户：jsh 登录系统','jsh 登录系统'), ('1909','63','更新财务','192.168.112.100','2016-12-11 21:51:18','0','更新财务ID为  13 成功！','更新财务成功'), ('1910','63','更新财务','192.168.112.100','2016-12-11 21:59:18','0','更新财务ID为  13 成功！','更新财务成功'), ('1911','63','保存财务明细','192.168.112.100','2016-12-11 21:59:19','0','保存财务明细对应主表编号为  13 成功！','保存财务明细成功'), ('1912','63','更新财务','192.168.112.100','2016-12-11 22:00:04','0','更新财务ID为  12 成功！','更新财务成功'), ('1913','63','保存财务明细','192.168.112.100','2016-12-11 22:00:05','0','保存财务明细对应主表编号为  12 成功！','保存财务明细成功'), ('1914','63','更新财务','192.168.112.100','2016-12-11 22:01:32','0','更新财务ID为  13 成功！','更新财务成功'), ('1915','63','保存财务明细','192.168.112.100','2016-12-11 22:01:33','0','保存财务明细对应主表编号为  13 成功！','保存财务明细成功'), ('1916','63','更新仓管通','192.168.112.100','2016-12-11 22:08:09','0','更新仓管通ID为  32 成功！','更新仓管通成功'), ('1917','63','保存仓管通明细','192.168.112.100','2016-12-11 22:08:09','0','保存仓管通明细对应主表编号为  32 成功！','保存仓管通明细成功'), ('1918','63','登录系统','192.168.112.100','2016-12-11 22:29:23','0','管理用户：jsh 登录系统','jsh 登录系统'), ('1919','63','登录系统','192.168.112.100','2016-12-11 22:29:44','0','管理用户：jsh 登录系统','jsh 登录系统'), ('1920','63','删除财务','192.168.112.100','2016-12-11 22:30:04','0','删除财务ID为  1 成功！','删除财务成功'), ('1921','63','批量删除财务','192.168.112.100','2016-12-11 22:30:09','0','批量删除财务ID为  2 成功！','批量删除财务成功');
INSERT INTO `jsh_log` VALUES ('1922','63','更新财务','192.168.112.100','2016-12-11 22:30:25','0','更新财务ID为  3 成功！','更新财务成功'), ('1923','63','更新财务','192.168.112.100','2016-12-11 22:30:35','0','更新财务ID为  3 成功！','更新财务成功'), ('1924','63','保存财务明细','192.168.112.100','2016-12-11 22:30:35','0','保存财务明细对应主表编号为  3 成功！','保存财务明细成功'), ('1925','63','更新财务','192.168.112.100','2016-12-11 22:30:44','0','更新财务ID为  3 成功！','更新财务成功'), ('1926','63','保存财务明细','192.168.112.100','2016-12-11 22:30:44','0','保存财务明细对应主表编号为  3 成功！','保存财务明细成功'), ('1927','63','更新财务','192.168.112.100','2016-12-11 22:30:53','0','更新财务ID为  3 成功！','更新财务成功'), ('1928','63','增加仓管通','192.168.112.100','2016-12-11 22:31:49','0','增加仓管通编号为  bbb 成功！','增加仓管通成功'), ('1929','63','保存仓管通明细','192.168.112.100','2016-12-11 22:31:50','0','保存仓管通明细对应主表编号为  35 成功！','保存仓管通明细成功'), ('1930','63','更新仓管通','192.168.112.100','2016-12-11 22:32:16','0','更新仓管通ID为  35 成功！','更新仓管通成功'), ('1931','63','增加仓管通','192.168.112.100','2016-12-11 22:32:52','0','增加仓管通编号为  bb22 成功！','增加仓管通成功'), ('1932','63','保存仓管通明细','192.168.112.100','2016-12-11 22:32:53','0','保存仓管通明细对应主表编号为  36 成功！','保存仓管通明细成功'), ('1933','63','增加财务','192.168.112.100','2016-12-11 22:37:44','0','增加财务编号为  aa 成功！','增加财务成功'), ('1934','63','保存财务明细','192.168.112.100','2016-12-11 22:37:45','0','保存财务明细对应主表编号为  14 成功！','保存财务明细成功'), ('1935','63','增加财务','192.168.112.100','2016-12-11 22:38:12','0','增加财务编号为  34124 成功！','增加财务成功'), ('1936','63','保存财务明细','192.168.112.100','2016-12-11 22:38:12','0','保存财务明细对应主表编号为  15 成功！','保存财务明细成功'), ('1937','63','增加财务','192.168.112.100','2016-12-11 22:38:44','0','增加财务编号为  234234 成功！','增加财务成功'), ('1938','63','保存财务明细','192.168.112.100','2016-12-11 22:38:44','0','保存财务明细对应主表编号为  16 成功！','保存财务明细成功'), ('1939','63','增加财务','192.168.112.100','2016-12-11 22:39:23','0','增加财务编号为  234 成功！','增加财务成功'), ('1940','63','保存财务明细','192.168.112.100','2016-12-11 22:39:23','0','保存财务明细对应主表编号为  17 成功！','保存财务明细成功'), ('1941','63','登录系统','192.168.1.103','2016-12-18 11:47:14','0','管理用户：jsh 登录系统','jsh 登录系统'), ('1942','63','增加财务','192.168.1.103','2016-12-18 12:57:39','0','增加财务编号为  123123 成功！','增加财务成功'), ('1943','63','保存财务明细','192.168.1.103','2016-12-18 12:57:40','0','保存财务明细对应主表编号为  18 成功！','保存财务明细成功'), ('1944','63','更新供应商','192.168.1.103','2016-12-18 13:02:15','0','更新供应商ID为  4 成功！','更新供应商成功'), ('1945','63','更新财务','192.168.1.103','2016-12-18 13:02:40','0','更新财务ID为  18 成功！','更新财务成功'), ('1946','63','保存财务明细','192.168.1.103','2016-12-18 13:02:41','0','保存财务明细对应主表编号为  18 成功！','保存财务明细成功'), ('1947','63','更新财务','192.168.1.103','2016-12-18 13:03:01','0','更新财务ID为  18 成功！','更新财务成功'), ('1948','63','保存财务明细','192.168.1.103','2016-12-18 13:03:02','0','保存财务明细对应主表编号为  18 成功！','保存财务明细成功'), ('1949','63','更新财务','192.168.1.103','2016-12-18 13:05:58','0','更新财务ID为  15 成功！','更新财务成功'), ('1950','63','保存财务明细','192.168.1.103','2016-12-18 13:05:58','0','保存财务明细对应主表编号为  15 成功！','保存财务明细成功'), ('1951','63','登录系统','192.168.112.101','2016-12-18 21:32:52','0','管理用户：jsh 登录系统','jsh 登录系统'), ('1952','63','更新UserBusiness','192.168.112.101','2016-12-18 22:00:16','0','更新UserBusiness的ID为  18 成功！','更新UserBusiness成功'), ('1953','63','登录系统','127.0.0.1','2016-12-20 12:30:58','0','管理用户：jsh 登录系统','jsh 登录系统'), ('1954','63','登录系统','127.0.0.1','2016-12-20 12:45:18','0','管理用户：jsh 登录系统','jsh 登录系统'), ('1955','63','登录系统','192.168.112.102','2016-12-23 22:08:55','0','管理用户：jsh 登录系统','jsh 登录系统'), ('1956','63','增加仓管通','192.168.112.102','2016-12-23 23:12:33','1','增加仓管通编号为  wrwq 失败！','增加仓管通失败'), ('1957','63','登录系统','192.168.112.102','2016-12-24 08:45:28','0','管理用户：jsh 登录系统','jsh 登录系统'), ('1958','63','登录系统','192.168.112.102','2016-12-24 12:12:45','0','管理用户：jsh 登录系统','jsh 登录系统'), ('1959','63','增加仓库','192.168.112.102','2016-12-24 12:33:18','0','增加仓库名称为  苏州花边店 成功！','增加仓库成功'), ('1960','63','更新UserBusiness','192.168.112.102','2016-12-24 12:44:03','0','更新UserBusiness的ID为  18 成功！','更新UserBusiness成功'), ('1961','63','更新UserBusiness','192.168.112.102','2016-12-24 13:10:12','0','更新UserBusiness的ID为  18 成功！','更新UserBusiness成功'), ('1962','63','增加经手人','192.168.112.102','2016-12-24 13:28:51','1','增加经手人名称为   失败！','增加经手人失败'), ('1963','63','增加经手人','192.168.112.102','2016-12-24 13:36:27','0','增加经手人名称为   成功！','增加经手人成功'), ('1964','63','增加经手人','192.168.112.102','2016-12-24 13:40:00','0','增加经手人名称为   成功！','增加经手人成功'), ('1965','63','增加经手人','192.168.112.102','2016-12-24 13:40:06','0','增加经手人名称为   成功！','增加经手人成功'), ('1966','63','增加经手人','192.168.112.102','2016-12-24 13:42:26','0','增加经手人名称为   成功！','增加经手人成功'), ('1967','63','增加经手人','192.168.112.102','2016-12-24 13:45:11','0','增加经手人名称为   成功！','增加经手人成功'), ('1968','63','增加经手人','192.168.112.102','2016-12-24 13:46:29','0','增加经手人名称为   成功！','增加经手人成功'), ('1969','63','批量删除经手人','192.168.112.102','2016-12-24 13:48:20','0','批量删除经手人ID为  5,6,7,8,9,10 成功！','批量删除经手人成功'), ('1970','63','增加经手人','192.168.112.102','2016-12-24 13:49:03','0','增加经手人名称为  655aaaa 成功！','增加经手人成功'), ('1971','63','增加经手人','192.168.112.102','2016-12-24 13:50:08','0','增加经手人名称为  11111 成功！','增加经手人成功'), ('1972','63','删除经手人','192.168.112.102','2016-12-24 13:50:11','0','删除经手人ID为  12 成功！','删除经手人成功'), ('1973','63','删除经手人','192.168.112.102','2016-12-24 13:50:15','0','删除经手人ID为  11 成功！','删除经手人成功'), ('1974','63','增加经手人','192.168.112.102','2016-12-24 13:50:31','0','增加经手人名称为  rrrrr 成功！','增加经手人成功'), ('1975','63','更新经手人','192.168.112.102','2016-12-24 13:50:36','0','更新经手人ID为  13 成功！','更新经手人成功'), ('1976','63','删除经手人','192.168.112.102','2016-12-24 13:53:27','0','删除经手人ID为  13 成功！','删除经手人成功'), ('1977','63','删除经手人','192.168.112.102','2016-12-24 13:55:13','1','删除经手人ID为  2 失败！','删除经手人失败'), ('1978','63','删除经手人','192.168.112.102','2016-12-24 13:55:19','1','删除经手人ID为  2 失败！','删除经手人失败'), ('1979','63','增加经手人','192.168.112.102','2016-12-24 13:55:25','0','增加经手人名称为  123123 成功！','增加经手人成功'), ('1980','63','删除经手人','192.168.112.102','2016-12-24 13:55:28','0','删除经手人ID为  14 成功！','删除经手人成功'), ('1981','63','删除经手人','192.168.112.102','2016-12-24 13:55:32','1','删除经手人ID为  2 失败！','删除经手人失败'), ('1982','63','删除经手人','192.168.112.102','2016-12-24 13:56:05','1','删除经手人ID为  2 失败！','删除经手人失败'), ('1983','63','更新经手人','192.168.112.102','2016-12-24 13:56:18','0','更新经手人ID为  2 成功！','更新经手人成功'), ('1984','63','更新经手人','192.168.112.102','2016-12-24 13:56:33','0','更新经手人ID为  2 成功！','更新经手人成功'), ('1985','63','增加仓管通','192.168.112.102','2016-12-24 14:07:11','1','增加仓管通编号为  1111 失败！','增加仓管通失败'), ('1986','63','增加仓管通','192.168.112.102','2016-12-24 14:07:20','1','增加仓管通编号为  1111 失败！','增加仓管通失败'), ('1987','63','增加仓管通','192.168.112.102','2016-12-24 14:17:53','1','增加仓管通编号为  33 失败！','增加仓管通失败'), ('1988','63','增加仓管通','192.168.112.102','2016-12-24 14:18:15','1','增加仓管通编号为  33 失败！','增加仓管通失败'), ('1989','63','增加仓管通','192.168.112.102','2016-12-24 14:33:03','0','增加仓管通编号为  123 成功！','增加仓管通成功'), ('1990','63','保存仓管通明细','192.168.112.102','2016-12-24 14:33:03','0','保存仓管通明细对应主表编号为  37 成功！','保存仓管通明细成功'), ('1991','63','更新仓管通','192.168.112.102','2016-12-24 14:35:40','0','更新仓管通ID为  37 成功！','更新仓管通成功'), ('1992','63','更新仓管通','192.168.112.102','2016-12-24 14:37:08','0','更新仓管通ID为  37 成功！','更新仓管通成功'), ('1993','63','保存仓管通明细','192.168.112.102','2016-12-24 14:37:08','0','保存仓管通明细对应主表编号为  37 成功！','保存仓管通明细成功'), ('1994','63','更新仓管通','192.168.112.102','2016-12-24 14:37:32','0','更新仓管通ID为  37 成功！','更新仓管通成功'), ('1995','63','更新仓管通','192.168.112.102','2016-12-24 14:51:08','0','更新仓管通ID为  37 成功！','更新仓管通成功'), ('1996','63','更新仓管通','192.168.112.102','2016-12-24 14:51:47','0','更新仓管通ID为  37 成功！','更新仓管通成功'), ('1997','63','保存仓管通明细','192.168.112.102','2016-12-24 14:51:48','0','保存仓管通明细对应主表编号为  37 成功！','保存仓管通明细成功'), ('1998','63','登录系统','192.168.112.102','2016-12-24 15:32:37','0','管理用户：jsh 登录系统','jsh 登录系统'), ('1999','63','登录系统','192.168.112.102','2016-12-24 16:14:10','0','管理用户：jsh 登录系统','jsh 登录系统'), ('2000','63','登录系统','192.168.112.102','2016-12-24 17:43:55','0','管理用户：jsh 登录系统','jsh 登录系统'), ('2001','63','登录系统','192.168.112.102','2016-12-24 17:45:17','0','管理用户：jsh 登录系统','jsh 登录系统'), ('2002','63','登录系统','192.168.112.102','2016-12-24 19:47:51','0','管理用户：jsh 登录系统','jsh 登录系统'), ('2003','63','更新仓管通','192.168.112.102','2016-12-24 22:12:26','0','更新仓管通ID为  37 成功！','更新仓管通成功'), ('2004','63','保存仓管通明细','192.168.112.102','2016-12-24 22:12:27','0','保存仓管通明细对应主表编号为  37 成功！','保存仓管通明细成功'), ('2005','63','更新仓管通','192.168.112.102','2016-12-24 22:54:10','0','更新仓管通ID为  37 成功！','更新仓管通成功'), ('2006','63','保存仓管通明细','192.168.112.102','2016-12-24 22:54:11','0','保存仓管通明细对应主表编号为  37 成功！','保存仓管通明细成功'), ('2007','63','更新仓管通','192.168.112.102','2016-12-24 23:01:32','0','更新仓管通ID为  37 成功！','更新仓管通成功'), ('2008','63','保存仓管通明细','192.168.112.102','2016-12-24 23:01:32','0','保存仓管通明细对应主表编号为  37 成功！','保存仓管通明细成功'), ('2009','63','增加仓管通','192.168.112.102','2016-12-24 23:14:22','0','增加仓管通编号为  123132 成功！','增加仓管通成功'), ('2010','63','更新仓管通','192.168.112.102','2016-12-24 23:29:31','0','更新仓管通ID为  38 成功！','更新仓管通成功'), ('2011','63','更新仓管通','192.168.112.102','2016-12-24 23:33:25','0','更新仓管通ID为  38 成功！','更新仓管通成功'), ('2012','63','更新仓管通','192.168.112.102','2016-12-24 23:37:28','0','更新仓管通ID为  38 成功！','更新仓管通成功'), ('2013','63','保存仓管通明细','192.168.112.102','2016-12-24 23:37:29','0','保存仓管通明细对应主表编号为  38 成功！','保存仓管通明细成功'), ('2014','63','更新仓管通','192.168.112.102','2016-12-24 23:41:41','0','更新仓管通ID为  38 成功！','更新仓管通成功'), ('2015','63','保存仓管通明细','192.168.112.102','2016-12-24 23:41:41','0','保存仓管通明细对应主表编号为  38 成功！','保存仓管通明细成功'), ('2016','63','增加仓管通','192.168.112.102','2016-12-24 23:43:50','0','增加仓管通编号为  222 成功！','增加仓管通成功'), ('2017','63','保存仓管通明细','192.168.112.102','2016-12-24 23:43:51','0','保存仓管通明细对应主表编号为  39 成功！','保存仓管通明细成功'), ('2018','63','更新仓管通','192.168.112.102','2016-12-24 23:44:16','0','更新仓管通ID为  39 成功！','更新仓管通成功'), ('2019','63','保存仓管通明细','192.168.112.102','2016-12-24 23:44:17','0','保存仓管通明细对应主表编号为  39 成功！','保存仓管通明细成功'), ('2020','63','更新仓管通','192.168.112.102','2016-12-24 23:46:56','0','更新仓管通ID为  39 成功！','更新仓管通成功'), ('2021','63','保存仓管通明细','192.168.112.102','2016-12-24 23:46:57','0','保存仓管通明细对应主表编号为  39 成功！','保存仓管通明细成功');
INSERT INTO `jsh_log` VALUES ('2022','63','更新仓管通','192.168.112.102','2016-12-24 23:50:37','0','更新仓管通ID为  39 成功！','更新仓管通成功'), ('2023','63','登录系统','192.168.112.102','2016-12-25 19:58:24','0','管理用户：jsh 登录系统','jsh 登录系统'), ('2024','63','登录系统','192.168.112.102','2016-12-25 20:28:58','0','管理用户：jsh 登录系统','jsh 登录系统'), ('2025','63','更新结算账户','192.168.112.102','2016-12-25 21:06:07','0','更新结算账户ID为  9 成功！','更新结算账户成功'), ('2026','63','更新结算账户','192.168.112.102','2016-12-25 21:06:15','0','更新结算账户ID为  4 成功！','更新结算账户成功'), ('2027','63','登录系统','192.168.1.102','2017-01-02 12:49:25','0','管理用户：jsh 登录系统','jsh 登录系统'), ('2028','63','增加仓管通','192.168.1.102','2017-01-02 13:17:47','1','增加仓管通编号为  12 失败！','增加仓管通失败'), ('2029','63','增加仓管通','192.168.1.102','2017-01-02 13:18:35','1','增加仓管通编号为  12 失败！','增加仓管通失败'), ('2030','63','增加仓管通','192.168.1.102','2017-01-02 13:19:41','1','增加仓管通编号为  12 失败！','增加仓管通失败'), ('2031','63','增加仓管通','192.168.1.102','2017-01-02 13:21:06','1','增加仓管通编号为  12 失败！','增加仓管通失败'), ('2032','63','增加仓管通','192.168.1.102','2017-01-02 13:23:30','1','增加仓管通编号为  222 失败！','增加仓管通失败'), ('2033','63','增加仓管通','192.168.1.102','2017-01-02 13:28:34','1','增加仓管通编号为  222 失败！','增加仓管通失败'), ('2034','63','增加仓管通','192.168.1.102','2017-01-02 13:32:18','0','增加仓管通编号为  222 成功！','增加仓管通成功'), ('2035','63','保存仓管通明细','192.168.1.102','2017-01-02 13:32:18','0','保存仓管通明细对应主表编号为  40 成功！','保存仓管通明细成功'), ('2036','63','登录系统','127.0.0.1','2017-01-02 15:52:22','0','管理用户：jsh 登录系统','jsh 登录系统'), ('2037','63','增加仓管通','127.0.0.1','2017-01-02 15:53:30','0','增加仓管通编号为  555 成功！','增加仓管通成功'), ('2038','63','保存仓管通明细','127.0.0.1','2017-01-02 15:53:30','0','保存仓管通明细对应主表编号为  41 成功！','保存仓管通明细成功'), ('2039','63','删除仓管通','127.0.0.1','2017-01-02 15:55:22','0','删除仓管通ID为  40 成功！','删除仓管通成功'), ('2040','63','增加仓管通','127.0.0.1','2017-01-02 15:58:29','0','增加仓管通编号为  aaa 成功！','增加仓管通成功'), ('2041','63','保存仓管通明细','127.0.0.1','2017-01-02 15:58:29','0','保存仓管通明细对应主表编号为  42 成功！','保存仓管通明细成功'), ('2042','63','增加仓管通','127.0.0.1','2017-01-02 15:59:30','0','增加仓管通编号为  aaa 成功！','增加仓管通成功'), ('2043','63','增加仓管通','127.0.0.1','2017-01-02 15:59:33','0','增加仓管通编号为  aaa 成功！','增加仓管通成功'), ('2044','63','登录系统','192.168.112.102','2017-01-02 20:29:47','0','管理用户：jsh 登录系统','jsh 登录系统'), ('2045','63','增加仓管通','192.168.112.102','2017-01-02 20:30:33','1','增加仓管通编号为  1212 失败！','增加仓管通失败'), ('2046','63','增加仓管通','192.168.112.102','2017-01-02 20:47:06','0','增加仓管通编号为  1212 成功！','增加仓管通成功'), ('2047','63','更新结算账户','','2017-01-02 20:47:06','0','更新结算账户ID为  9 成功！','更新结算账户成功'), ('2048','63','保存仓管通明细','192.168.112.102','2017-01-02 20:47:07','0','保存仓管通明细对应主表编号为  45 成功！','保存仓管通明细成功'), ('2049','63','增加仓管通','192.168.112.102','2017-01-02 21:11:45','0','增加仓管通编号为  555 成功！','增加仓管通成功'), ('2050','63','保存仓管通明细','192.168.112.102','2017-01-02 21:11:45','0','保存仓管通明细对应主表编号为  46 成功！','保存仓管通明细成功'), ('2051','63','增加仓管通','192.168.112.102','2017-01-02 21:13:01','0','增加仓管通编号为  66 成功！','增加仓管通成功'), ('2052','63','保存仓管通明细','192.168.112.102','2017-01-02 21:13:02','0','保存仓管通明细对应主表编号为  47 成功！','保存仓管通明细成功'), ('2053','63','更新结算账户','','2017-01-02 21:13:02','0','更新结算账户ID为  9 成功！','更新结算账户成功'), ('2054','63','增加仓管通','192.168.112.102','2017-01-02 21:27:19','0','增加仓管通编号为  344 成功！','增加仓管通成功'), ('2055','63','保存仓管通明细','192.168.112.102','2017-01-02 21:27:20','0','保存仓管通明细对应主表编号为  48 成功！','保存仓管通明细成功'), ('2056','63','增加仓管通','192.168.112.102','2017-01-02 21:33:19','0','增加仓管通编号为  333 成功！','增加仓管通成功'), ('2057','63','保存仓管通明细','192.168.112.102','2017-01-02 21:33:20','0','保存仓管通明细对应主表编号为  49 成功！','保存仓管通明细成功'), ('2058','63','更新结算账户','','2017-01-02 21:33:22','0','更新结算账户ID为  9 成功！','更新结算账户成功'), ('2059','63','更新仓管通','192.168.112.102','2017-01-02 21:33:50','0','更新仓管通ID为  49 成功！','更新仓管通成功'), ('2060','63','更新仓管通','192.168.112.102','2017-01-02 21:33:52','0','更新仓管通ID为  49 成功！','更新仓管通成功'), ('2061','63','更新仓管通','192.168.112.102','2017-01-02 21:33:54','0','更新仓管通ID为  49 成功！','更新仓管通成功'), ('2062','63','更新仓管通','192.168.112.102','2017-01-02 21:33:55','0','更新仓管通ID为  49 成功！','更新仓管通成功'), ('2063','63','更新仓管通','192.168.112.102','2017-01-02 21:33:57','0','更新仓管通ID为  49 成功！','更新仓管通成功'), ('2064','63','更新仓管通','192.168.112.102','2017-01-02 21:35:22','0','更新仓管通ID为  49 成功！','更新仓管通成功'), ('2065','63','更新结算账户','','2017-01-02 21:35:24','0','更新结算账户ID为  9 成功！','更新结算账户成功'), ('2066','63','更新仓管通','192.168.112.102','2017-01-02 21:35:38','0','更新仓管通ID为  49 成功！','更新仓管通成功'), ('2067','63','更新结算账户','','2017-01-02 21:35:40','0','更新结算账户ID为  9 成功！','更新结算账户成功'), ('2068','63','更新仓管通','192.168.112.102','2017-01-02 21:36:30','0','更新仓管通ID为  49 成功！','更新仓管通成功'), ('2069','63','更新结算账户','','2017-01-02 21:36:31','0','更新结算账户ID为  9 成功！','更新结算账户成功'), ('2070','63','更新仓管通','192.168.112.102','2017-01-02 21:37:44','0','更新仓管通ID为  49 成功！','更新仓管通成功'), ('2071','63','更新结算账户','','2017-01-02 21:37:44','0','更新结算账户ID为  9 成功！','更新结算账户成功'), ('2072','63','更新仓管通','192.168.112.102','2017-01-02 21:43:52','0','更新仓管通ID为  49 成功！','更新仓管通成功'), ('2073','63','更新结算账户','','2017-01-02 21:43:52','0','更新结算账户ID为  9 成功！','更新结算账户成功'), ('2074','63','登录系统','192.168.112.102','2017-01-02 21:57:41','0','管理用户：jsh 登录系统','jsh 登录系统'), ('2075','63','增加仓管通','192.168.112.102','2017-01-02 21:58:30','0','增加仓管通编号为  4444 成功！','增加仓管通成功'), ('2076','63','保存仓管通明细','192.168.112.102','2017-01-02 21:58:31','0','保存仓管通明细对应主表编号为  50 成功！','保存仓管通明细成功'), ('2077','63','更新结算账户','','2017-01-02 21:58:31','0','更新结算账户ID为  9 成功！','更新结算账户成功'), ('2078','63','登录系统','192.168.8.100','2017-01-05 12:56:43','0','管理用户：jsh 登录系统','jsh 登录系统'), ('2079','63','登录系统','192.168.4.108','2017-01-07 13:24:07','0','管理用户：jsh 登录系统','jsh 登录系统'), ('2080','63','登录系统','192.168.4.108','2017-01-07 13:42:12','0','管理用户：jsh 登录系统','jsh 登录系统'), ('2081','63','登录系统','192.168.4.108','2017-01-07 14:48:20','0','管理用户：jsh 登录系统','jsh 登录系统'), ('2082','63','登录系统','192.168.4.108','2017-01-07 15:00:14','0','管理用户：jsh 登录系统','jsh 登录系统'), ('2083','63','登录系统','192.168.4.108','2017-01-07 15:03:54','0','管理用户：jsh 登录系统','jsh 登录系统'), ('2084','63','登录系统','192.168.4.108','2017-01-07 15:26:02','0','管理用户：jsh 登录系统','jsh 登录系统'), ('2085','63','登录系统','192.168.4.108','2017-01-07 15:34:44','0','管理用户：jsh 登录系统','jsh 登录系统'), ('2086','63','登录系统','192.168.4.108','2017-01-07 15:53:08','0','管理用户：jsh 登录系统','jsh 登录系统'), ('2087','63','登录系统','192.168.4.108','2017-01-07 16:07:15','0','管理用户：jsh 登录系统','jsh 登录系统'), ('2088','63','登录系统','192.168.4.108','2017-01-07 16:31:48','0','管理用户：jsh 登录系统','jsh 登录系统'), ('2089','63','登录系统','192.168.4.108','2017-01-07 18:00:11','0','管理用户：jsh 登录系统','jsh 登录系统'), ('2090','63','登录系统','192.168.4.108','2017-01-07 18:11:37','0','管理用户：jsh 登录系统','jsh 登录系统'), ('2091','63','增加仓管通','192.168.4.108','2017-01-07 18:25:34','0','增加仓管通编号为  aaa 成功！','增加仓管通成功'), ('2092','63','保存仓管通明细','192.168.4.108','2017-01-07 18:25:34','0','保存仓管通明细对应主表编号为  51 成功！','保存仓管通明细成功'), ('2093','63','更新结算账户','','2017-01-07 18:25:34','0','更新结算账户ID为  9 成功！','更新结算账户成功'), ('2094','63','删除仓管通','192.168.4.108','2017-01-07 18:30:40','0','删除仓管通ID为  43 成功！','删除仓管通成功'), ('2095','63','删除仓管通','192.168.4.108','2017-01-07 18:30:42','0','删除仓管通ID为  42 成功！','删除仓管通成功'), ('2096','63','更新仓管通','192.168.4.108','2017-01-07 18:31:07','0','更新仓管通ID为  51 成功！','更新仓管通成功'), ('2097','63','保存仓管通明细','192.168.4.108','2017-01-07 18:31:07','0','保存仓管通明细对应主表编号为  51 成功！','保存仓管通明细成功'), ('2098','63','更新结算账户','','2017-01-07 18:31:07','0','更新结算账户ID为  9 成功！','更新结算账户成功'), ('2099','63','增加仓管通','192.168.4.108','2017-01-07 18:32:28','0','增加仓管通编号为  aaaaaa 成功！','增加仓管通成功'), ('2100','63','更新结算账户','','2017-01-07 18:32:29','0','更新结算账户ID为  9 成功！','更新结算账户成功'), ('2101','63','保存仓管通明细','192.168.4.108','2017-01-07 18:32:29','0','保存仓管通明细对应主表编号为  52 成功！','保存仓管通明细成功'), ('2102','63','更新仓管通','192.168.4.108','2017-01-07 18:33:01','0','更新仓管通ID为  52 成功！','更新仓管通成功'), ('2103','63','更新结算账户','','2017-01-07 18:33:01','0','更新结算账户ID为  9 成功！','更新结算账户成功'), ('2104','63','更新仓管通','192.168.4.108','2017-01-07 18:33:13','0','更新仓管通ID为  52 成功！','更新仓管通成功'), ('2105','63','保存仓管通明细','192.168.4.108','2017-01-07 18:33:14','0','保存仓管通明细对应主表编号为  52 成功！','保存仓管通明细成功'), ('2106','63','更新结算账户','','2017-01-07 18:33:14','0','更新结算账户ID为  9 成功！','更新结算账户成功'), ('2107','63','删除仓管通','192.168.4.108','2017-01-07 18:33:49','0','删除仓管通ID为  52 成功！','删除仓管通成功'), ('2108','63','增加仓管通','192.168.4.108','2017-01-07 18:34:16','0','增加仓管通编号为  aaaa 成功！','增加仓管通成功'), ('2109','63','保存仓管通明细','192.168.4.108','2017-01-07 18:34:17','0','保存仓管通明细对应主表编号为  53 成功！','保存仓管通明细成功'), ('2110','63','更新结算账户','','2017-01-07 18:34:17','0','更新结算账户ID为  9 成功！','更新结算账户成功'), ('2111','63','更新仓管通','192.168.4.108','2017-01-07 18:34:29','0','更新仓管通ID为  53 成功！','更新仓管通成功'), ('2112','63','保存仓管通明细','192.168.4.108','2017-01-07 18:34:29','0','保存仓管通明细对应主表编号为  53 成功！','保存仓管通明细成功'), ('2113','63','更新结算账户','','2017-01-07 18:34:29','0','更新结算账户ID为  9 成功！','更新结算账户成功'), ('2114','63','批量删除仓管通','192.168.4.108','2017-01-07 18:34:41','0','批量删除仓管通ID为  53 成功！','批量删除仓管通成功'), ('2115','63','登录系统','192.168.4.108','2017-01-07 20:50:44','0','管理用户：jsh 登录系统','jsh 登录系统'), ('2116','63','增加供应商','192.168.4.108','2017-01-07 21:01:21','0','增加供应商名称为  客户BBBB 成功！','增加供应商成功'), ('2117','63','登录系统','192.168.4.108','2017-01-08 10:44:51','0','管理用户：jsh 登录系统','jsh 登录系统'), ('2118','63','增加仓管通','192.168.4.108','2017-01-08 10:49:21','0','增加仓管通编号为  aaa 成功！','增加仓管通成功'), ('2119','63','保存仓管通明细','192.168.4.108','2017-01-08 10:49:21','0','保存仓管通明细对应主表编号为  52 成功！','保存仓管通明细成功'), ('2120','63','更新结算账户','','2017-01-08 10:49:21','0','更新结算账户ID为  9 成功！','更新结算账户成功'), ('2121','63','增加仓管通','192.168.4.108','2017-01-08 10:50:58','0','增加仓管通编号为  dddd 成功！','增加仓管通成功');
INSERT INTO `jsh_log` VALUES ('2122','63','保存仓管通明细','192.168.4.108','2017-01-08 10:50:59','0','保存仓管通明细对应主表编号为  53 成功！','保存仓管通明细成功'), ('2123','63','更新结算账户','','2017-01-08 10:50:59','0','更新结算账户ID为  9 成功！','更新结算账户成功'), ('2124','63','增加仓管通','192.168.4.108','2017-01-08 10:56:45','0','增加仓管通编号为  abcde 成功！','增加仓管通成功'), ('2125','63','保存仓管通明细','192.168.4.108','2017-01-08 10:56:45','0','保存仓管通明细对应主表编号为  54 成功！','保存仓管通明细成功'), ('2126','63','增加仓管通','192.168.4.108','2017-01-08 10:58:41','0','增加仓管通编号为  abbbb 成功！','增加仓管通成功'), ('2127','63','更新结算账户','','2017-01-08 10:58:41','0','更新结算账户ID为  9 成功！','更新结算账户成功'), ('2128','63','登录系统','192.168.4.108','2017-01-08 11:19:36','0','管理用户：jsh 登录系统','jsh 登录系统'), ('2129','63','更新仓管通','192.168.4.108','2017-01-08 11:42:30','0','更新仓管通ID为  54 成功！','更新仓管通成功'), ('2130','63','更新仓管通','192.168.4.108','2017-01-08 11:42:34','0','更新仓管通ID为  54 成功！','更新仓管通成功'), ('2131','63','更新仓管通','192.168.4.108','2017-01-08 11:47:06','0','更新仓管通ID为  54 成功！','更新仓管通成功'), ('2132','63','更新仓管通','192.168.4.108','2017-01-08 11:47:08','0','更新仓管通ID为  54 成功！','更新仓管通成功'), ('2133','63','更新仓管通','192.168.4.108','2017-01-08 11:49:38','0','更新仓管通ID为  54 成功！','更新仓管通成功'), ('2134','63','增加仓管通','192.168.4.108','2017-01-08 11:50:13','0','增加仓管通编号为  AAF 成功！','增加仓管通成功'), ('2135','63','保存仓管通明细','192.168.4.108','2017-01-08 11:50:14','0','保存仓管通明细对应主表编号为  56 成功！','保存仓管通明细成功'), ('2136','63','增加仓管通','192.168.4.108','2017-01-08 11:53:00','0','增加仓管通编号为  666aaa 成功！','增加仓管通成功'), ('2137','63','保存仓管通明细','192.168.4.108','2017-01-08 11:53:00','0','保存仓管通明细对应主表编号为  57 成功！','保存仓管通明细成功'), ('2138','63','删除仓管通','192.168.4.108','2017-01-08 11:53:31','0','删除仓管通ID为  55 成功！','删除仓管通成功'), ('2139','63','增加仓管通','192.168.4.108','2017-01-08 11:53:59','0','增加仓管通编号为  34234ww 成功！','增加仓管通成功'), ('2140','63','保存仓管通明细','192.168.4.108','2017-01-08 11:53:59','0','保存仓管通明细对应主表编号为  58 成功！','保存仓管通明细成功'), ('2141','63','增加仓管通','192.168.4.108','2017-01-08 11:55:00','0','增加仓管通编号为  22 成功！','增加仓管通成功'), ('2142','63','保存仓管通明细','192.168.4.108','2017-01-08 11:55:00','0','保存仓管通明细对应主表编号为  59 成功！','保存仓管通明细成功'), ('2143','63','增加仓管通','192.168.4.108','2017-01-08 11:55:53','0','增加仓管通编号为  we 成功！','增加仓管通成功'), ('2144','63','保存仓管通明细','192.168.4.108','2017-01-08 11:55:54','0','保存仓管通明细对应主表编号为  60 成功！','保存仓管通明细成功'), ('2145','63','更新仓管通','192.168.4.108','2017-01-08 11:56:10','0','更新仓管通ID为  60 成功！','更新仓管通成功'), ('2146','63','保存仓管通明细','192.168.4.108','2017-01-08 11:56:11','0','保存仓管通明细对应主表编号为  60 成功！','保存仓管通明细成功'), ('2147','63','更新仓管通','192.168.4.108','2017-01-08 11:56:58','0','更新仓管通ID为  52 成功！','更新仓管通成功'), ('2148','63','保存仓管通明细','192.168.4.108','2017-01-08 11:56:59','0','保存仓管通明细对应主表编号为  52 成功！','保存仓管通明细成功'), ('2149','63','更新仓管通','192.168.4.108','2017-01-08 11:57:10','0','更新仓管通ID为  52 成功！','更新仓管通成功'), ('2150','63','更新仓管通','192.168.4.108','2017-01-08 11:57:39','0','更新仓管通ID为  31 成功！','更新仓管通成功'), ('2151','63','保存仓管通明细','192.168.4.108','2017-01-08 11:57:39','0','保存仓管通明细对应主表编号为  31 成功！','保存仓管通明细成功'), ('2152','63','增加仓管通','192.168.4.108','2017-01-08 11:58:58','0','增加仓管通编号为  rrrr 成功！','增加仓管通成功'), ('2153','63','保存仓管通明细','192.168.4.108','2017-01-08 11:58:59','0','保存仓管通明细对应主表编号为  61 成功！','保存仓管通明细成功'), ('2154','63','批量删除仓管通','192.168.4.108','2017-01-08 11:59:17','0','批量删除仓管通ID为  35 成功！','批量删除仓管通成功'), ('2155','63','批量删除仓管通','192.168.4.108','2017-01-08 11:59:21','0','批量删除仓管通ID为  34 成功！','批量删除仓管通成功'), ('2156','63','增加仓管通','192.168.4.108','2017-01-08 12:15:56','0','增加仓管通编号为  asas 成功！','增加仓管通成功'), ('2157','63','保存仓管通明细','192.168.4.108','2017-01-08 12:16:05','0','保存仓管通明细对应主表编号为  62 成功！','保存仓管通明细成功'), ('2158','63','删除仓管通','192.168.4.108','2017-01-08 12:20:42','0','删除仓管通ID为  36 成功！','删除仓管通成功'), ('2159','63','更新仓管通','192.168.4.108','2017-01-08 12:20:58','0','更新仓管通ID为  62 成功！','更新仓管通成功'), ('2160','63','删除仓管通','192.168.4.108','2017-01-08 12:21:57','0','删除仓管通ID为  62 成功！','删除仓管通成功'), ('2161','63','增加仓管通','192.168.4.108','2017-01-08 12:22:19','0','增加仓管通编号为  aaaa 成功！','增加仓管通成功'), ('2162','63','保存仓管通明细','192.168.4.108','2017-01-08 12:22:19','0','保存仓管通明细对应主表编号为  63 成功！','保存仓管通明细成功'), ('2163','63','增加仓管通','192.168.4.108','2017-01-08 12:33:19','0','增加仓管通编号为  42342qqq 成功！','增加仓管通成功'), ('2164','63','保存仓管通明细','192.168.4.108','2017-01-08 12:33:20','0','保存仓管通明细对应主表编号为  64 成功！','保存仓管通明细成功'), ('2165','63','增加仓管通','192.168.4.108','2017-01-08 12:33:46','0','增加仓管通编号为  42 成功！','增加仓管通成功'), ('2166','63','保存仓管通明细','192.168.4.108','2017-01-08 12:33:47','0','保存仓管通明细对应主表编号为  65 成功！','保存仓管通明细成功'), ('2167','63','更新仓管通','192.168.4.108','2017-01-08 12:34:07','0','更新仓管通ID为  65 成功！','更新仓管通成功'), ('2168','63','更新仓管通','192.168.4.108','2017-01-08 12:34:42','0','更新仓管通ID为  65 成功！','更新仓管通成功'), ('2169','63','保存仓管通明细','192.168.4.108','2017-01-08 12:34:42','0','保存仓管通明细对应主表编号为  65 成功！','保存仓管通明细成功'), ('2170','63','更新用户','','2017-01-08 12:46:53','0','更新用户ID为  63密码信息 成功！','更新用户成功'), ('2171','63','登录系统','192.168.4.108','2017-01-08 12:47:01','0','管理用户：jsh 登录系统','jsh 登录系统'), ('2172','63','更新用户','','2017-01-08 12:47:22','1','更新用户ID为  63密码信息 失败！','更新用户失败'), ('2173','63','更新用户','','2017-01-08 12:47:34','0','更新用户ID为  63密码信息 成功！','更新用户成功'), ('2174','63','登录系统','192.168.4.108','2017-01-08 12:47:40','0','管理用户：jsh 登录系统','jsh 登录系统'), ('2175','63','登录系统','192.168.4.108','2017-01-08 12:47:57','0','管理用户：jsh 登录系统','jsh 登录系统'), ('2176','63','登录系统','192.168.4.108','2017-01-08 16:28:18','0','管理用户：jsh 登录系统','jsh 登录系统'), ('2177','63','更新仓管通','192.168.4.108','2017-01-08 16:30:24','0','更新仓管通ID为  64 成功！','更新仓管通成功'), ('2178','63','保存仓管通明细','192.168.4.108','2017-01-08 16:30:25','0','保存仓管通明细对应主表编号为  64 成功！','保存仓管通明细成功'), ('2179','63','增加仓管通','192.168.4.108','2017-01-08 16:45:12','0','增加仓管通编号为  ababab 成功！','增加仓管通成功'), ('2180','63','保存仓管通明细','192.168.4.108','2017-01-08 16:45:12','0','保存仓管通明细对应主表编号为  66 成功！','保存仓管通明细成功'), ('2181','63','登录系统','192.168.4.108','2017-01-08 16:46:01','0','管理用户：jsh 登录系统','jsh 登录系统'), ('2182','63','删除仓管通','192.168.4.108','2017-01-08 16:46:16','0','删除仓管通ID为  66 成功！','删除仓管通成功'), ('2183','63','增加仓管通','192.168.4.108','2017-01-08 16:46:53','0','增加仓管通编号为  abcdefg 成功！','增加仓管通成功'), ('2184','63','保存仓管通明细','192.168.4.108','2017-01-08 16:46:54','0','保存仓管通明细对应主表编号为  67 成功！','保存仓管通明细成功'), ('2185','63','更新仓管通','192.168.4.108','2017-01-08 16:55:47','0','更新仓管通ID为  67 成功！','更新仓管通成功'), ('2186','63','保存仓管通明细','192.168.4.108','2017-01-08 16:55:47','0','保存仓管通明细对应主表编号为  67 成功！','保存仓管通明细成功'), ('2187','63','更新仓管通','192.168.4.108','2017-01-08 16:59:12','0','更新仓管通ID为  32 成功！','更新仓管通成功'), ('2188','63','保存仓管通明细','192.168.4.108','2017-01-08 16:59:12','0','保存仓管通明细对应主表编号为  32 成功！','保存仓管通明细成功'), ('2189','63','更新仓管通','192.168.4.108','2017-01-08 16:59:24','0','更新仓管通ID为  30 成功！','更新仓管通成功'), ('2190','63','保存仓管通明细','192.168.4.108','2017-01-08 16:59:24','0','保存仓管通明细对应主表编号为  30 成功！','保存仓管通明细成功'), ('2191','63','删除仓管通','192.168.4.108','2017-01-08 16:59:28','0','删除仓管通ID为  29 成功！','删除仓管通成功'), ('2192','63','更新仓管通','192.168.4.108','2017-01-08 16:59:41','0','更新仓管通ID为  41 成功！','更新仓管通成功'), ('2193','63','删除仓管通','192.168.4.108','2017-01-08 16:59:57','0','删除仓管通ID为  44 成功！','删除仓管通成功'), ('2194','63','更新仓管通','192.168.4.108','2017-01-08 17:00:03','0','更新仓管通ID为  45 成功！','更新仓管通成功'), ('2195','63','更新仓管通','192.168.4.108','2017-01-08 17:00:08','0','更新仓管通ID为  46 成功！','更新仓管通成功'), ('2196','63','更新仓管通','192.168.4.108','2017-01-08 17:00:11','0','更新仓管通ID为  47 成功！','更新仓管通成功'), ('2197','63','更新仓管通','192.168.4.108','2017-01-08 17:00:14','0','更新仓管通ID为  48 成功！','更新仓管通成功'), ('2198','63','更新仓管通','192.168.4.108','2017-01-08 17:00:17','0','更新仓管通ID为  49 成功！','更新仓管通成功'), ('2199','63','更新仓管通','192.168.4.108','2017-01-08 17:00:20','0','更新仓管通ID为  50 成功！','更新仓管通成功'), ('2200','63','更新仓管通','192.168.4.108','2017-01-08 17:00:22','0','更新仓管通ID为  51 成功！','更新仓管通成功'), ('2201','63','更新仓管通','192.168.4.108','2017-01-08 17:00:25','0','更新仓管通ID为  59 成功！','更新仓管通成功'), ('2202','63','更新仓管通','192.168.4.108','2017-01-08 17:00:27','0','更新仓管通ID为  67 成功！','更新仓管通成功'), ('2203','63','更新仓管通','192.168.4.108','2017-01-08 17:00:33','0','更新仓管通ID为  39 成功！','更新仓管通成功'), ('2204','63','删除仓管通','192.168.4.108','2017-01-08 17:00:36','0','删除仓管通ID为  37 成功！','删除仓管通成功'), ('2205','63','更新仓管通','192.168.4.108','2017-01-08 17:00:39','0','更新仓管通ID为  38 成功！','更新仓管通成功'), ('2206','63','更新仓管通','192.168.4.108','2017-01-08 17:00:43','0','更新仓管通ID为  39 成功！','更新仓管通成功'), ('2207','63','更新仓管通','192.168.4.108','2017-01-08 17:02:22','0','更新仓管通ID为  52 成功！','更新仓管通成功'), ('2208','63','更新仓管通','192.168.4.108','2017-01-08 17:02:25','0','更新仓管通ID为  31 成功！','更新仓管通成功'), ('2209','63','更新仓管通','192.168.4.108','2017-01-08 17:03:44','0','更新仓管通ID为  60 成功！','更新仓管通成功'), ('2210','63','更新仓管通','192.168.4.108','2017-01-08 17:03:48','0','更新仓管通ID为  53 成功！','更新仓管通成功'), ('2211','63','登录系统','192.168.4.108','2017-01-08 17:43:25','0','管理用户：jsh 登录系统','jsh 登录系统'), ('2212','63','更新仓管通','192.168.4.108','2017-01-08 17:53:51','0','更新仓管通ID为  52 成功！','更新仓管通成功'), ('2213','63','保存仓管通明细','192.168.4.108','2017-01-08 17:53:51','0','保存仓管通明细对应主表编号为  52 成功！','保存仓管通明细成功'), ('2214','63','登录系统','192.168.4.108','2017-01-08 18:34:03','0','管理用户：jsh 登录系统','jsh 登录系统'), ('2215','63','更新结算账户','192.168.4.108','2017-01-08 18:57:21','0','更新结算账户ID为  9 成功！','更新结算账户成功'), ('2216','63','更新结算账户','192.168.4.108','2017-01-08 18:57:43','0','更新结算账户ID为  4 成功！','更新结算账户成功'), ('2217','63','增加仓管通','192.168.4.108','2017-01-08 18:58:35','0','增加仓管通编号为  asdfasdf 成功！','增加仓管通成功'), ('2218','63','保存仓管通明细','192.168.4.108','2017-01-08 18:58:35','0','保存仓管通明细对应主表编号为  68 成功！','保存仓管通明细成功'), ('2219','63','登录系统','192.168.4.104','2017-01-10 22:12:07','0','管理用户：jsh 登录系统','jsh 登录系统'), ('2220','63','增加功能','192.168.4.104','2017-01-10 22:57:51','0','增加功能名称为  结算账户查询 成功！','增加功能成功'), ('2221','63','更新UserBusiness','192.168.4.104','2017-01-10 22:58:13','0','更新UserBusiness的ID为  5 成功！','更新UserBusiness成功');
INSERT INTO `jsh_log` VALUES ('2222','63','更新UserBusiness','192.168.4.104','2017-01-10 22:58:23','0','更新UserBusiness的ID为  6 成功！','更新UserBusiness成功'), ('2223','63','登录系统','192.168.4.104','2017-01-10 23:01:34','0','管理用户：jsh 登录系统','jsh 登录系统'), ('2224','63','增加功能','192.168.4.104','2017-01-10 23:12:46','0','增加功能名称为  进货统计 成功！','增加功能成功'), ('2225','63','增加功能','192.168.4.104','2017-01-10 23:13:43','0','增加功能名称为  销售统计 成功！','增加功能成功'), ('2226','63','更新功能','192.168.4.104','2017-01-10 23:13:59','0','更新功能ID为  208 成功！','更新功能成功'), ('2227','63','更新UserBusiness','192.168.4.104','2017-01-10 23:14:56','0','更新UserBusiness的ID为  5 成功！','更新UserBusiness成功'), ('2228','63','更新UserBusiness','192.168.4.104','2017-01-10 23:15:05','0','更新UserBusiness的ID为  6 成功！','更新UserBusiness成功'), ('2229','63','更新功能','192.168.4.104','2017-01-10 23:16:37','0','更新功能ID为  59 成功！','更新功能成功'), ('2230','63','更新功能','192.168.4.104','2017-01-10 23:16:44','0','更新功能ID为  207 成功！','更新功能成功'), ('2231','63','登录系统','192.168.4.104','2017-01-11 23:34:56','0','管理用户：jsh 登录系统','jsh 登录系统'), ('2232','63','登录系统','192.168.112.100','2017-01-11 23:41:57','0','管理用户：jsh 登录系统','jsh 登录系统'), ('2233','63','登录系统','192.168.112.100','2017-01-11 23:51:19','0','管理用户：jsh 登录系统','jsh 登录系统'), ('2234','63','登录系统','192.168.4.104','2017-01-12 00:16:19','0','管理用户：jsh 登录系统','jsh 登录系统'), ('2235','63','登录系统','192.168.4.104','2017-01-12 00:16:48','0','管理用户：jsh 登录系统','jsh 登录系统'), ('2236','63','登录系统','192.168.4.104','2017-01-12 00:17:16','0','管理用户：jsh 登录系统','jsh 登录系统'), ('2237','63','登录系统','192.168.4.104','2017-01-12 00:21:13','0','管理用户：jsh 登录系统','jsh 登录系统'), ('2238','63','登录系统','192.168.4.104','2017-01-12 00:24:07','0','管理用户：jsh 登录系统','jsh 登录系统'), ('2239','63','登录系统','192.168.4.104','2017-01-12 00:26:52','0','管理用户：jsh 登录系统','jsh 登录系统'), ('2240','63','登录系统','192.168.4.104','2017-01-12 00:27:09','0','管理用户：jsh 登录系统','jsh 登录系统'), ('2241','63','登录系统','192.168.4.104','2017-01-12 00:32:05','0','管理用户：jsh 登录系统','jsh 登录系统'), ('2242','63','登录系统','192.168.8.108','2017-01-12 12:39:58','0','管理用户：jsh 登录系统','jsh 登录系统'), ('2243','63','登录系统','192.168.8.108','2017-01-12 12:42:01','0','管理用户：jsh 登录系统','jsh 登录系统'), ('2244','63','登录系统','192.168.8.108','2017-01-12 18:20:19','0','管理用户：jsh 登录系统','jsh 登录系统'), ('2245','63','登录系统','172.16.128.41','2017-01-14 01:55:57','0','管理用户：jsh 登录系统','jsh 登录系统'), ('2246','63','增加财务','172.16.128.41','2017-01-14 02:18:56','0','增加财务编号为  1234 成功！','增加财务成功'), ('2247','63','保存财务明细','172.16.128.41','2017-01-14 02:18:56','0','保存财务明细对应主表编号为  19 成功！','保存财务明细成功'), ('2248','63','增加财务','172.16.128.41','2017-01-14 03:44:01','0','增加财务编号为  21341 成功！','增加财务成功'), ('2249','63','保存财务明细','172.16.128.41','2017-01-14 03:44:01','0','保存财务明细对应主表编号为  20 成功！','保存财务明细成功'), ('2250','63','增加财务','172.16.128.41','2017-01-14 03:44:58','0','增加财务编号为  eqw 成功！','增加财务成功'), ('2251','63','保存财务明细','172.16.128.41','2017-01-14 03:44:59','0','保存财务明细对应主表编号为  21 成功！','保存财务明细成功'), ('2252','63','增加财务','172.16.128.41','2017-01-14 03:45:21','0','增加财务编号为  234 成功！','增加财务成功'), ('2253','63','保存财务明细','172.16.128.41','2017-01-14 03:45:21','0','保存财务明细对应主表编号为  22 成功！','保存财务明细成功'), ('2254','63','增加财务','172.16.128.41','2017-01-14 03:45:46','0','增加财务编号为  3123 成功！','增加财务成功'), ('2255','63','保存财务明细','172.16.128.41','2017-01-14 03:45:47','0','保存财务明细对应主表编号为  23 成功！','保存财务明细成功'), ('2256','63','增加财务','172.16.128.41','2017-01-14 03:52:40','0','增加财务编号为  sssaaa 成功！','增加财务成功'), ('2257','63','保存财务明细','172.16.128.41','2017-01-14 03:52:41','0','保存财务明细对应主表编号为  24 成功！','保存财务明细成功'), ('2258','63','登录系统','192.168.1.104','2017-01-15 11:38:52','0','管理用户：jsh 登录系统','jsh 登录系统'), ('2259','63','登录系统','192.168.1.104','2017-01-15 12:46:59','0','管理用户：jsh 登录系统','jsh 登录系统'), ('2260','63','增加财务','192.168.1.104','2017-01-15 13:44:36','0','增加财务编号为  3214 成功！','增加财务成功'), ('2261','63','保存财务明细','192.168.1.104','2017-01-15 13:44:36','0','保存财务明细对应主表编号为  25 成功！','保存财务明细成功'), ('2262','63','更新财务','192.168.1.104','2017-01-15 13:44:48','0','更新财务ID为  25 成功！','更新财务成功'), ('2263','63','保存财务明细','192.168.1.104','2017-01-15 13:44:49','0','保存财务明细对应主表编号为  25 成功！','保存财务明细成功'), ('2264','63','登录系统','192.168.112.102','2017-01-15 21:05:42','0','管理用户：jsh 登录系统','jsh 登录系统'), ('2265','63','增加财务','192.168.112.102','2017-01-15 21:06:45','0','增加财务编号为  1234we 成功！','增加财务成功'), ('2266','63','保存财务明细','192.168.112.102','2017-01-15 21:06:46','0','保存财务明细对应主表编号为  26 成功！','保存财务明细成功'), ('2267','63','增加财务','192.168.112.102','2017-01-15 23:20:48','0','增加财务编号为  a1 成功！','增加财务成功'), ('2268','63','保存财务明细','192.168.112.102','2017-01-15 23:20:49','0','保存财务明细对应主表编号为  27 成功！','保存财务明细成功'), ('2269','63','增加财务','192.168.112.102','2017-01-15 23:21:21','0','增加财务编号为  a2 成功！','增加财务成功'), ('2270','63','保存财务明细','192.168.112.102','2017-01-15 23:21:22','0','保存财务明细对应主表编号为  28 成功！','保存财务明细成功'), ('2271','63','增加财务','192.168.112.102','2017-01-15 23:21:51','0','增加财务编号为  123 成功！','增加财务成功'), ('2272','63','保存财务明细','192.168.112.102','2017-01-15 23:21:51','0','保存财务明细对应主表编号为  29 成功！','保存财务明细成功'), ('2273','63','更新财务','192.168.112.102','2017-01-15 23:22:15','0','更新财务ID为  29 成功！','更新财务成功'), ('2274','63','保存财务明细','192.168.112.102','2017-01-15 23:22:16','0','保存财务明细对应主表编号为  29 成功！','保存财务明细成功'), ('2275','63','更新财务','192.168.112.102','2017-01-15 23:22:54','0','更新财务ID为  29 成功！','更新财务成功'), ('2276','63','保存财务明细','192.168.112.102','2017-01-15 23:22:55','0','保存财务明细对应主表编号为  29 成功！','保存财务明细成功'), ('2277','63','更新财务','192.168.112.102','2017-01-15 23:23:02','0','更新财务ID为  29 成功！','更新财务成功'), ('2278','63','增加财务','192.168.112.102','2017-01-15 23:23:28','0','增加财务编号为  341aaa 成功！','增加财务成功'), ('2279','63','保存财务明细','192.168.112.102','2017-01-15 23:23:28','0','保存财务明细对应主表编号为  30 成功！','保存财务明细成功'), ('2280','63','增加财务','192.168.112.102','2017-01-15 23:35:02','0','增加财务编号为  aass 成功！','增加财务成功'), ('2281','63','保存财务明细','192.168.112.102','2017-01-15 23:35:03','0','保存财务明细对应主表编号为  31 成功！','保存财务明细成功'), ('2282','63','增加财务','192.168.112.102','2017-01-15 23:36:00','0','增加财务编号为  hhhh 成功！','增加财务成功'), ('2283','63','保存财务明细','192.168.112.102','2017-01-15 23:36:01','0','保存财务明细对应主表编号为  32 成功！','保存财务明细成功'), ('2284','63','增加财务','192.168.112.102','2017-01-15 23:36:48','0','增加财务编号为  s1qw 成功！','增加财务成功'), ('2285','63','保存财务明细','192.168.112.102','2017-01-15 23:36:49','0','保存财务明细对应主表编号为  33 成功！','保存财务明细成功'), ('2286','63','更新财务','192.168.112.102','2017-01-15 23:40:56','0','更新财务ID为  32 成功！','更新财务成功'), ('2287','63','更新财务','192.168.112.102','2017-01-15 23:47:06','0','更新财务ID为  33 成功！','更新财务成功'), ('2288','63','更新财务','192.168.112.102','2017-01-15 23:47:28','0','更新财务ID为  32 成功！','更新财务成功'), ('2289','63','更新财务','192.168.112.102','2017-01-15 23:47:58','0','更新财务ID为  30 成功！','更新财务成功'), ('2290','63','更新财务','192.168.112.102','2017-01-15 23:48:37','0','更新财务ID为  31 成功！','更新财务成功'), ('2291','63','登录系统','192.168.4.103','2017-01-17 22:29:20','0','管理用户：jsh 登录系统','jsh 登录系统'), ('2292','63','登录系统','192.168.4.103','2017-01-17 23:03:13','0','管理用户：jsh 登录系统','jsh 登录系统'), ('2293','63','登录系统','192.168.4.103','2017-01-17 23:05:20','0','管理用户：jsh 登录系统','jsh 登录系统'), ('2294','63','登录系统','192.168.4.103','2017-01-17 23:07:22','0','管理用户：jsh 登录系统','jsh 登录系统'), ('2295','63','登录系统','192.168.4.103','2017-01-17 23:12:26','0','管理用户：jsh 登录系统','jsh 登录系统'), ('2296','63','登录系统','192.168.4.103','2017-01-17 23:15:27','0','管理用户：jsh 登录系统','jsh 登录系统'), ('2297','63','登录系统','192.168.4.103','2017-01-17 23:37:58','0','管理用户：jsh 登录系统','jsh 登录系统'), ('2298','63','登录系统','192.168.4.103','2017-01-17 23:40:36','0','管理用户：jsh 登录系统','jsh 登录系统'), ('2299','63','登录系统','192.168.4.103','2017-01-17 23:42:15','0','管理用户：jsh 登录系统','jsh 登录系统'), ('2300','63','登录系统','192.168.4.103','2017-01-17 23:43:23','0','管理用户：jsh 登录系统','jsh 登录系统'), ('2301','63','登录系统','192.168.4.103','2017-01-17 23:43:45','0','管理用户：jsh 登录系统','jsh 登录系统'), ('2302','63','登录系统','192.168.4.103','2017-01-17 23:44:09','0','管理用户：jsh 登录系统','jsh 登录系统'), ('2303','63','登录系统','192.168.4.103','2017-01-17 23:45:02','0','管理用户：jsh 登录系统','jsh 登录系统'), ('2304','63','登录系统','192.168.4.103','2017-01-17 23:46:06','0','管理用户：jsh 登录系统','jsh 登录系统'), ('2305','63','登录系统','192.168.4.103','2017-01-17 23:46:24','0','管理用户：jsh 登录系统','jsh 登录系统'), ('2306','63','登录系统','192.168.112.100','2017-01-18 22:30:06','0','管理用户：jsh 登录系统','jsh 登录系统'), ('2307','63','登录系统','192.168.112.100','2017-01-18 22:32:38','0','管理用户：jsh 登录系统','jsh 登录系统'), ('2308','63','登录系统','192.168.112.100','2017-01-18 22:39:58','0','管理用户：jsh 登录系统','jsh 登录系统'), ('2309','63','登录系统','192.168.4.103','2017-01-18 23:57:00','0','管理用户：jsh 登录系统','jsh 登录系统'), ('2310','63','登录系统','192.168.4.103','2017-01-19 00:00:48','0','管理用户：jsh 登录系统','jsh 登录系统'), ('2311','63','登录系统','192.168.4.103','2017-01-19 00:03:16','0','管理用户：jsh 登录系统','jsh 登录系统'), ('2312','63','登录系统','192.168.4.103','2017-01-19 00:08:51','0','管理用户：jsh 登录系统','jsh 登录系统'), ('2313','63','登录系统','192.168.4.103','2017-01-19 00:15:30','0','管理用户：jsh 登录系统','jsh 登录系统'), ('2314','63','登录系统','192.168.4.103','2017-01-19 00:17:38','0','管理用户：jsh 登录系统','jsh 登录系统'), ('2315','63','登录系统','192.168.4.103','2017-01-19 00:17:59','0','管理用户：jsh 登录系统','jsh 登录系统'), ('2316','63','登录系统','192.168.4.103','2017-01-19 00:18:49','0','管理用户：jsh 登录系统','jsh 登录系统'), ('2317','63','登录系统','192.168.4.103','2017-01-19 00:19:57','0','管理用户：jsh 登录系统','jsh 登录系统'), ('2318','63','登录系统','192.168.4.103','2017-01-19 00:20:43','0','管理用户：jsh 登录系统','jsh 登录系统'), ('2319','63','退出系统','192.168.4.103','2017-01-19 00:21:26','0','管理用户：jsh 退出系统','jsh 退出系统'), ('2320','63','登录系统','192.168.4.103','2017-01-19 00:21:43','0','管理用户：jsh 登录系统','jsh 登录系统'), ('2321','63','退出系统','192.168.4.103','2017-01-19 00:21:55','0','管理用户：jsh 退出系统','jsh 退出系统');
INSERT INTO `jsh_log` VALUES ('2322','63','登录系统','192.168.4.103','2017-01-19 00:22:08','0','管理用户：jsh 登录系统','jsh 登录系统'), ('2323','63','登录系统','192.168.4.103','2017-01-19 00:23:47','0','管理用户：jsh 登录系统','jsh 登录系统'), ('2324','63','登录系统','192.168.4.103','2017-01-19 00:27:30','0','管理用户：jsh 登录系统','jsh 登录系统'), ('2325','63','登录系统','192.168.4.103','2017-01-19 00:30:19','0','管理用户：jsh 登录系统','jsh 登录系统'), ('2326','63','登录系统','192.168.4.103','2017-01-19 22:02:39','0','管理用户：jsh 登录系统','jsh 登录系统'), ('2327','63','登录系统','192.168.4.103','2017-01-19 22:12:47','0','管理用户：jsh 登录系统','jsh 登录系统'), ('2328','63','登录系统','192.168.4.103','2017-01-19 22:17:18','0','管理用户：jsh 登录系统','jsh 登录系统'), ('2329','63','登录系统','192.168.4.103','2017-01-19 22:18:04','0','管理用户：jsh 登录系统','jsh 登录系统'), ('2330','63','登录系统','192.168.4.103','2017-01-19 22:19:01','0','管理用户：jsh 登录系统','jsh 登录系统'), ('2331','63','登录系统','192.168.4.103','2017-01-19 22:21:44','0','管理用户：jsh 登录系统','jsh 登录系统'), ('2332','63','登录系统','192.168.4.103','2017-01-19 22:24:20','0','管理用户：jsh 登录系统','jsh 登录系统'), ('2333','63','登录系统','192.168.4.103','2017-01-19 22:27:37','0','管理用户：jsh 登录系统','jsh 登录系统'), ('2334','63','登录系统','192.168.4.103','2017-01-19 22:29:50','0','管理用户：jsh 登录系统','jsh 登录系统'), ('2335','63','登录系统','192.168.4.103','2017-01-19 22:32:00','0','管理用户：jsh 登录系统','jsh 登录系统'), ('2336','63','登录系统','192.168.4.103','2017-01-19 22:32:08','0','管理用户：jsh 登录系统','jsh 登录系统'), ('2337','63','登录系统','192.168.4.103','2017-01-19 22:32:55','0','管理用户：jsh 登录系统','jsh 登录系统'), ('2338','63','登录系统','192.168.4.103','2017-01-19 22:33:06','0','管理用户：jsh 登录系统','jsh 登录系统'), ('2339','63','登录系统','192.168.4.103','2017-01-19 22:35:59','0','管理用户：jsh 登录系统','jsh 登录系统'), ('2340','63','登录系统','192.168.4.103','2017-01-19 22:39:37','0','管理用户：jsh 登录系统','jsh 登录系统'), ('2341','63','登录系统','192.168.4.103','2017-01-19 22:40:36','0','管理用户：jsh 登录系统','jsh 登录系统'), ('2342','63','登录系统','192.168.4.103','2017-01-19 22:42:36','0','管理用户：jsh 登录系统','jsh 登录系统'), ('2343','63','登录系统','192.168.4.103','2017-01-19 22:43:00','0','管理用户：jsh 登录系统','jsh 登录系统'), ('2344','63','登录系统','192.168.4.103','2017-01-19 22:43:28','0','管理用户：jsh 登录系统','jsh 登录系统'), ('2345','63','登录系统','192.168.4.103','2017-01-19 22:44:17','0','管理用户：jsh 登录系统','jsh 登录系统'), ('2346','63','登录系统','192.168.4.103','2017-01-19 22:44:51','0','管理用户：jsh 登录系统','jsh 登录系统'), ('2347','63','登录系统','192.168.4.103','2017-01-19 22:45:30','0','管理用户：jsh 登录系统','jsh 登录系统'), ('2348','63','登录系统','192.168.4.103','2017-01-19 22:47:22','0','管理用户：jsh 登录系统','jsh 登录系统'), ('2349','63','登录系统','192.168.4.103','2017-01-19 22:49:12','0','管理用户：jsh 登录系统','jsh 登录系统'), ('2350','63','登录系统','192.168.4.103','2017-01-19 23:07:32','0','管理用户：jsh 登录系统','jsh 登录系统'), ('2351','63','登录系统','192.168.4.103','2017-01-19 23:16:06','0','管理用户：jsh 登录系统','jsh 登录系统'), ('2352','63','更新财务','192.168.4.103','2017-01-19 23:17:43','0','更新财务ID为  33 成功！','更新财务成功'), ('2353','63','更新财务','192.168.4.103','2017-01-19 23:17:51','0','更新财务ID为  33 成功！','更新财务成功'), ('2354','63','更新供应商','192.168.4.103','2017-01-19 23:18:10','0','更新供应商ID为  2 成功！','更新供应商成功'), ('2355','63','更新供应商','192.168.4.103','2017-01-19 23:18:21','0','更新供应商ID为  2 成功！','更新供应商成功'), ('2356','63','登录系统','192.168.4.103','2017-01-19 23:44:02','0','管理用户：jsh 登录系统','jsh 登录系统'), ('2357','63','登录系统','192.168.4.103','2017-01-19 23:49:44','0','管理用户：jsh 登录系统','jsh 登录系统'), ('2358','63','登录系统','192.168.4.103','2017-01-19 23:55:56','0','管理用户：jsh 登录系统','jsh 登录系统'), ('2359','63','登录系统','192.168.4.103','2017-01-20 00:11:46','0','管理用户：jsh 登录系统','jsh 登录系统'), ('2360','63','登录系统','192.168.4.103','2017-01-20 00:15:12','0','管理用户：jsh 登录系统','jsh 登录系统'), ('2361','63','登录系统','192.168.4.103','2017-01-20 00:15:36','0','管理用户：jsh 登录系统','jsh 登录系统'), ('2362','63','登录系统','192.168.4.103','2017-01-20 00:19:04','0','管理用户：jsh 登录系统','jsh 登录系统'), ('2363','63','登录系统','192.168.4.103','2017-01-21 00:30:22','0','管理用户：jsh 登录系统','jsh 登录系统'), ('2364','63','登录系统','192.168.4.103','2017-01-21 00:30:23','0','管理用户：jsh 登录系统','jsh 登录系统'), ('2365','63','登录系统','127.0.0.1','2017-01-21 00:34:04','0','管理用户：jsh 登录系统','jsh 登录系统'), ('2366','63','登录系统','127.0.0.1','2017-01-21 00:42:15','0','管理用户：JSH 登录系统','JSH 登录系统'), ('2367','63','登录系统','192.168.4.103','2017-01-21 00:43:46','0','管理用户：jsh 登录系统','jsh 登录系统'), ('2368','63','登录系统','192.168.112.104','2017-01-21 10:52:39','0','管理用户：jsh 登录系统','jsh 登录系统'), ('2369','63','增加仓管通','192.168.112.104','2017-01-21 10:53:57','0','增加仓管通编号为  x123 成功！','增加仓管通成功'), ('2370','63','保存仓管通明细','192.168.112.104','2017-01-21 10:53:58','0','保存仓管通明细对应主表编号为  69 成功！','保存仓管通明细成功'), ('2371','63','更新仓管通','192.168.112.104','2017-01-21 10:54:53','0','更新仓管通ID为  69 成功！','更新仓管通成功'), ('2372','63','保存仓管通明细','192.168.112.104','2017-01-21 10:54:54','0','保存仓管通明细对应主表编号为  69 成功！','保存仓管通明细成功'), ('2373','63','登录系统','192.168.4.103','2017-01-21 13:39:32','0','管理用户：jsh 登录系统','jsh 登录系统'), ('2374','63','登录系统','192.168.4.103','2017-01-21 15:23:58','0','管理用户：jsh 登录系统','jsh 登录系统'), ('2375','63','登录系统','192.168.4.103','2017-01-21 19:02:29','0','管理用户：jsh 登录系统','jsh 登录系统'), ('2376','63','登录系统','192.168.112.100','2017-01-21 22:05:37','0','管理用户：jsh 登录系统','jsh 登录系统'), ('2377','63','增加财务','192.168.112.100','2017-01-21 22:39:33','0','增加财务编号为  123 成功！','增加财务成功'), ('2378','63','保存财务明细','192.168.112.100','2017-01-21 22:39:34','0','保存财务明细对应主表编号为  34 成功！','保存财务明细成功'), ('2379','63','登录系统','192.168.112.100','2017-01-21 22:41:27','0','管理用户：jsh 登录系统','jsh 登录系统'), ('2380','63','增加财务','192.168.112.100','2017-01-21 22:42:06','0','增加财务编号为  aabb 成功！','增加财务成功'), ('2381','63','保存财务明细','192.168.112.100','2017-01-21 22:42:07','0','保存财务明细对应主表编号为  35 成功！','保存财务明细成功'), ('2382','63','更新财务','192.168.112.100','2017-01-21 22:42:54','0','更新财务ID为  35 成功！','更新财务成功'), ('2383','63','保存财务明细','192.168.112.100','2017-01-21 22:42:54','0','保存财务明细对应主表编号为  35 成功！','保存财务明细成功'), ('2384','63','更新财务','192.168.112.100','2017-01-21 22:44:36','0','更新财务ID为  35 成功！','更新财务成功'), ('2385','63','保存财务明细','192.168.112.100','2017-01-21 22:44:37','0','保存财务明细对应主表编号为  35 成功！','保存财务明细成功'), ('2386','63','增加财务','192.168.112.100','2017-01-21 22:52:46','0','增加财务编号为  bianhao1 成功！','增加财务成功'), ('2387','63','保存财务明细','192.168.112.100','2017-01-21 22:52:47','0','保存财务明细对应主表编号为  36 成功！','保存财务明细成功'), ('2388','63','更新财务','192.168.112.100','2017-01-21 22:53:42','0','更新财务ID为  36 成功！','更新财务成功'), ('2389','63','更新财务','192.168.112.100','2017-01-21 22:54:58','0','更新财务ID为  36 成功！','更新财务成功'), ('2390','63','保存财务明细','192.168.112.100','2017-01-21 22:54:59','0','保存财务明细对应主表编号为  36 成功！','保存财务明细成功'), ('2391','63','删除财务','192.168.112.100','2017-01-21 22:55:52','0','删除财务ID为  20 成功！','删除财务成功'), ('2392','63','删除财务','192.168.112.100','2017-01-21 22:55:57','0','删除财务ID为  13 成功！','删除财务成功'), ('2393','63','增加财务','192.168.112.100','2017-01-21 23:01:09','0','增加财务编号为  fff 成功！','增加财务成功'), ('2394','63','保存财务明细','192.168.112.100','2017-01-21 23:01:10','0','保存财务明细对应主表编号为  37 成功！','保存财务明细成功'), ('2395','63','增加财务','192.168.112.100','2017-01-21 23:01:40','0','增加财务编号为  234eq 成功！','增加财务成功'), ('2396','63','保存财务明细','192.168.112.100','2017-01-21 23:01:41','0','保存财务明细对应主表编号为  38 成功！','保存财务明细成功'), ('2397','63','增加财务','192.168.112.100','2017-01-21 23:04:17','0','增加财务编号为  aasss 成功！','增加财务成功'), ('2398','63','保存财务明细','192.168.112.100','2017-01-21 23:04:17','0','保存财务明细对应主表编号为  39 成功！','保存财务明细成功'), ('2399','63','登录系统','192.168.112.102','2017-01-22 22:07:39','0','管理用户：jsh 登录系统','jsh 登录系统'), ('2400','63','增加结算账户','192.168.112.102','2017-01-22 22:08:15','0','增加结算账户名称为  1231 成功！','增加结算账户成功'), ('2401','63','增加结算账户','192.168.112.102','2017-01-22 22:16:52','0','增加结算账户名称为  模型111 成功！','增加结算账户成功'), ('2402','63','登录系统','192.168.112.102','2017-01-22 22:33:00','0','管理用户：jsh 登录系统','jsh 登录系统'), ('2403','63','增加经手人','192.168.112.102','2017-01-22 22:33:20','1','增加经手人名称为  qaaa 失败！','增加经手人失败'), ('2404','63','增加商品类别','192.168.112.102','2017-01-22 22:35:14','0','增加商品类别名称为  aa 成功！','增加商品类别成功'), ('2405','63','删除商品类别','192.168.112.102','2017-01-22 22:35:19','0','删除商品类别ID为  3 成功！','删除商品类别成功'), ('2406','63','增加经手人','192.168.112.102','2017-01-22 22:35:51','1','增加经手人名称为  ddd 失败！','增加经手人失败'), ('2407','63','登录系统','192.168.112.102','2017-01-22 23:08:35','0','管理用户：jsh 登录系统','jsh 登录系统'), ('2408','63','增加经手人','192.168.112.102','2017-01-22 23:09:05','1','增加经手人名称为  aaa 失败！','增加经手人失败'), ('2409','63','增加仓管通','192.168.112.102','2017-01-22 23:10:08','0','增加仓管通编号为  aa 成功！','增加仓管通成功'), ('2410','63','保存仓管通明细','192.168.112.102','2017-01-22 23:10:08','0','保存仓管通明细对应主表编号为  70 成功！','保存仓管通明细成功'), ('2411','63','更新商品类别','192.168.112.102','2017-01-22 23:10:35','0','更新商品类别ID为  2 成功！','更新商品类别成功'), ('2412','63','更新经手人','192.168.112.102','2017-01-22 23:10:50','0','更新经手人ID为  1 成功！','更新经手人成功'), ('2413','63','删除结算账户','192.168.112.102','2017-01-22 23:10:59','0','删除结算账户ID为  11,名称为  模型111成功！','删除结算账户成功'), ('2414','63','删除结算账户','192.168.112.102','2017-01-22 23:11:02','0','删除结算账户ID为  10,名称为  1231成功！','删除结算账户成功'), ('2415','63','增加结算账户','192.168.112.102','2017-01-22 23:11:13','0','增加结算账户名称为  aaaa 成功！','增加结算账户成功'), ('2416','63','删除结算账户','192.168.112.102','2017-01-22 23:11:17','0','删除结算账户ID为  14,名称为  aaaa成功！','删除结算账户成功'), ('2417','63','增加经手人','192.168.112.102','2017-01-22 23:11:30','1','增加经手人名称为  ddd 失败！','增加经手人失败'), ('2418','63','增加仓库','192.168.112.102','2017-01-22 23:12:24','0','增加仓库名称为  aa 成功！','增加仓库成功'), ('2419','63','删除仓库','192.168.112.102','2017-01-22 23:12:29','0','删除仓库ID为  4 成功！','删除仓库成功'), ('2420','63','登录系统','192.168.112.102','2017-01-22 23:21:53','0','管理用户：jsh 登录系统','jsh 登录系统'), ('2421','63','增加结算账户','192.168.112.102','2017-01-22 23:26:48','0','增加结算账户名称为  43345q 成功！','增加结算账户成功');
INSERT INTO `jsh_log` VALUES ('2422','63','更新结算账户','192.168.112.102','2017-01-22 23:26:57','0','更新结算账户ID为  15 成功！','更新结算账户成功'), ('2423','63','删除结算账户','192.168.112.102','2017-01-22 23:27:03','0','删除结算账户ID为  15,名称为  43345q成功！','删除结算账户成功'), ('2424','63','登录系统','192.168.112.102','2017-01-22 23:38:02','0','管理用户：jsh 登录系统','jsh 登录系统'), ('2425','63','增加结算账户','192.168.112.102','2017-01-22 23:38:23','0','增加结算账户名称为  3253 成功！','增加结算账户成功'), ('2426','63','删除结算账户','192.168.112.102','2017-01-22 23:38:28','0','删除结算账户ID为  16,名称为  3253成功！','删除结算账户成功'), ('2427','63','登录系统','192.168.112.102','2017-01-22 23:50:36','0','管理用户：jsh 登录系统','jsh 登录系统'), ('2428','63','登录系统','192.168.112.102','2017-01-23 00:32:23','0','管理用户：jsh 登录系统','jsh 登录系统'), ('2429','63','登录系统','192.168.112.102','2017-01-23 00:40:36','0','管理用户：jsh 登录系统','jsh 登录系统'), ('2430','63','登录系统','192.168.112.102','2017-01-23 00:47:30','0','管理用户：jsh 登录系统','jsh 登录系统'), ('2431','63','登录系统','192.168.8.102','2017-02-13 15:57:22','0','管理用户：jsh 登录系统','jsh 登录系统'), ('2432','63','登录系统','192.168.112.102','2017-02-13 22:47:15','0','管理用户：jsh 登录系统','jsh 登录系统'), ('2433','63','退出系统','192.168.112.102','2017-02-13 22:57:22','0','管理用户：jsh 退出系统','jsh 退出系统'), ('2434','63','登录系统','192.168.4.107','2017-02-14 23:42:37','0','管理用户：jsh 登录系统','jsh 登录系统'), ('2435','63','登录系统','192.168.8.102','2017-02-15 11:09:38','0','管理用户：jsh 登录系统','jsh 登录系统'), ('2436','63','登录系统','192.168.8.102','2017-02-15 11:28:00','0','管理用户：jsh 登录系统','jsh 登录系统'), ('2437','63','更新仓管通','192.168.8.102','2017-02-15 11:28:27','0','更新仓管通ID为  70 成功！','更新仓管通成功'), ('2438','63','删除仓管通','192.168.8.102','2017-02-15 11:28:35','0','删除仓管通ID为  70 成功！','删除仓管通成功'), ('2439','63','登录系统','192.168.8.102','2017-02-15 11:31:33','0','管理用户：jsh 登录系统','jsh 登录系统'), ('2440','63','登录系统','192.168.8.102','2017-02-15 11:42:16','0','管理用户：jsh 登录系统','jsh 登录系统'), ('2441','63','登录系统','192.168.8.102','2017-02-15 11:53:02','0','管理用户：jsh 登录系统','jsh 登录系统'), ('2442','63','登录系统','192.168.8.102','2017-02-15 12:35:14','0','管理用户：jsh 登录系统','jsh 登录系统'), ('2443','63','登录系统','192.168.8.102','2017-02-15 12:39:19','0','管理用户：jsh 登录系统','jsh 登录系统'), ('2444','63','登录系统','192.168.4.108','2017-02-15 22:09:46','0','管理用户：jsh 登录系统','jsh 登录系统'), ('2445','63','登录系统','192.168.4.108','2017-02-15 22:16:17','0','管理用户：jsh 登录系统','jsh 登录系统'), ('2446','63','登录系统','192.168.4.108','2017-02-15 23:23:00','0','管理用户：jsh 登录系统','jsh 登录系统'), ('2447','63','登录系统','192.168.4.108','2017-02-15 23:27:14','0','管理用户：jsh 登录系统','jsh 登录系统'), ('2448','63','登录系统','192.168.8.102','2017-02-17 16:14:54','0','管理用户：jsh 登录系统','jsh 登录系统'), ('2449','63','登录系统','192.168.8.100','2017-02-21 18:12:11','0','管理用户：jsh 登录系统','jsh 登录系统'), ('2450','63','登录系统','192.168.112.102','2017-02-21 21:24:07','0','管理用户：jsh 登录系统','jsh 登录系统'), ('2451','63','登录系统','192.168.112.100','2017-02-22 20:48:56','0','管理用户：jsh 登录系统','jsh 登录系统'), ('2452','63','登录系统','192.168.112.101','2017-02-26 19:01:23','0','管理用户：jsh 登录系统','jsh 登录系统'), ('2453','63','登录系统','192.168.4.106','2017-02-26 20:10:59','0','管理用户：jsh 登录系统','jsh 登录系统'), ('2454','63','登录系统','192.168.4.106','2017-02-26 20:13:03','0','管理用户：jsh 登录系统','jsh 登录系统'), ('2455','63','登录系统','192.168.112.101','2017-02-26 20:44:43','0','管理用户：jsh 登录系统','jsh 登录系统'), ('2456','63','登录系统','192.168.112.101','2017-02-26 20:53:34','0','管理用户：jsh 登录系统','jsh 登录系统'), ('2457','63','登录系统','192.168.112.101','2017-02-26 21:00:10','0','管理用户：jsh 登录系统','jsh 登录系统'), ('2458','63','登录系统','192.168.112.101','2017-02-26 21:04:45','0','管理用户：jsh 登录系统','jsh 登录系统'), ('2459','63','登录系统','192.168.112.101','2017-02-26 21:05:44','0','管理用户：jsh 登录系统','jsh 登录系统'), ('2460','63','登录系统','192.168.112.101','2017-03-05 19:26:46','0','管理用户：jsh 登录系统','jsh 登录系统'), ('2461','63','登录系统','192.168.112.101','2017-03-05 20:31:44','0','管理用户：jsh 登录系统','jsh 登录系统'), ('2462','63','登录系统','192.168.112.101','2017-03-05 20:49:38','0','管理用户：jsh 登录系统','jsh 登录系统'), ('2463','63','登录系统','192.168.112.101','2017-03-05 20:53:44','0','管理用户：jsh 登录系统','jsh 登录系统'), ('2464','63','登录系统','192.168.112.101','2017-03-05 21:02:39','0','管理用户：jsh 登录系统','jsh 登录系统'), ('2465','63','登录系统','192.168.112.101','2017-03-05 21:05:23','0','管理用户：jsh 登录系统','jsh 登录系统'), ('2466','63','登录系统','192.168.112.101','2017-03-05 21:07:46','0','管理用户：jsh 登录系统','jsh 登录系统'), ('2467','63','登录系统','192.168.112.101','2017-03-05 21:20:11','0','管理用户：jsh 登录系统','jsh 登录系统'), ('2468','63','登录系统','192.168.112.101','2017-03-05 21:27:28','0','管理用户：jsh 登录系统','jsh 登录系统'), ('2469','63','登录系统','192.168.112.101','2017-03-05 21:41:34','0','管理用户：jsh 登录系统','jsh 登录系统'), ('2470','63','登录系统','192.168.112.101','2017-03-05 21:50:29','0','管理用户：jsh 登录系统','jsh 登录系统'), ('2471','63','登录系统','192.168.112.101','2017-03-05 22:04:38','0','管理用户：jsh 登录系统','jsh 登录系统'), ('2472','63','登录系统','192.168.112.101','2017-03-05 22:09:56','0','管理用户：jsh 登录系统','jsh 登录系统'), ('2473','63','登录系统','192.168.112.101','2017-03-05 22:09:57','0','管理用户：jsh 登录系统','jsh 登录系统'), ('2474','63','登录系统','192.168.112.101','2017-03-05 22:11:53','0','管理用户：jsh 登录系统','jsh 登录系统'), ('2475','63','登录系统','192.168.112.102','2017-03-12 20:12:50','0','管理用户：jsh 登录系统','jsh 登录系统'), ('2476','63','更新供应商','192.168.112.102','2017-03-12 20:16:33','0','更新供应商ID为  5 成功！','更新供应商成功'), ('2477','63','更新供应商','192.168.112.102','2017-03-12 20:29:58','0','更新供应商ID为  5 成功！','更新供应商成功'), ('2478','63','更新供应商','192.168.112.102','2017-03-12 20:31:09','0','更新供应商ID为  5 成功！','更新供应商成功'), ('2479','63','更新供应商','192.168.112.102','2017-03-12 20:31:45','0','更新供应商ID为  5 成功！','更新供应商成功'), ('2480','63','登录系统','192.168.112.102','2017-03-12 20:32:39','0','管理用户：jsh 登录系统','jsh 登录系统'), ('2481','63','更新供应商','192.168.112.102','2017-03-12 20:33:05','0','更新供应商ID为  5 成功！','更新供应商成功'), ('2482','63','更新供应商','192.168.112.102','2017-03-12 20:33:21','0','更新供应商ID为  5 成功！','更新供应商成功'), ('2483','63','更新供应商','192.168.112.102','2017-03-12 20:33:28','0','更新供应商ID为  5 成功！','更新供应商成功'), ('2484','63','更新供应商','192.168.112.102','2017-03-12 20:40:39','0','更新供应商ID为  5 成功！','更新供应商成功'), ('2485','63','登录系统','192.168.112.102','2017-03-12 22:13:17','0','管理用户：jsh 登录系统','jsh 登录系统'), ('2486','63','登录系统','192.168.112.102','2017-03-12 22:19:24','0','管理用户：jsh 登录系统','jsh 登录系统'), ('2487','63','登录系统','192.168.112.102','2017-03-12 22:22:53','0','管理用户：jsh 登录系统','jsh 登录系统'), ('2488','63','登录系统','192.168.112.102','2017-03-12 22:24:57','0','管理用户：jsh 登录系统','jsh 登录系统'), ('2489','63','登录系统','192.168.112.102','2017-03-19 20:56:16','0','管理用户：jsh 登录系统','jsh 登录系统'), ('2490','63','登录系统','192.168.112.102','2017-03-19 21:08:12','0','管理用户：jsh 登录系统','jsh 登录系统'), ('2491','63','登录系统','192.168.112.102','2017-03-19 21:15:28','0','管理用户：jsh 登录系统','jsh 登录系统'), ('2492','63','登录系统','192.168.112.102','2017-03-19 21:18:43','0','管理用户：jsh 登录系统','jsh 登录系统'), ('2493','63','登录系统','192.168.112.102','2017-03-19 21:23:12','0','管理用户：jsh 登录系统','jsh 登录系统'), ('2494','63','删除仓管通','192.168.112.102','2017-03-19 21:27:22','0','删除仓管通ID为  45 成功！','删除仓管通成功'), ('2495','63','删除仓管通','192.168.112.102','2017-03-19 21:27:40','0','删除仓管通ID为  30 成功！','删除仓管通成功'), ('2496','63','登录系统','192.168.112.102','2017-03-19 21:36:25','0','管理用户：jsh 登录系统','jsh 登录系统'), ('2497','63','登录系统','192.168.1.104','2017-04-04 09:51:32','0','管理用户：jsh 登录系统','jsh 登录系统'), ('2498','63','登录系统','192.168.1.104','2017-04-04 10:43:13','0','管理用户：jsh 登录系统','jsh 登录系统'), ('2499','63','登录系统','192.168.1.104','2017-04-04 10:49:14','0','管理用户：jsh 登录系统','jsh 登录系统'), ('2500','63','登录系统','192.168.1.104','2017-04-04 10:53:24','0','管理用户：jsh 登录系统','jsh 登录系统'), ('2501','63','登录系统','192.168.1.104','2017-04-04 10:54:38','0','管理用户：jsh 登录系统','jsh 登录系统'), ('2502','63','登录系统','192.168.1.104','2017-04-04 10:56:44','0','管理用户：jsh 登录系统','jsh 登录系统'), ('2503','63','登录系统','192.168.1.104','2017-04-04 11:02:57','0','管理用户：jsh 登录系统','jsh 登录系统'), ('2504','63','登录系统','192.168.1.104','2017-04-04 11:15:37','0','管理用户：jsh 登录系统','jsh 登录系统'), ('2505','63','登录系统','192.168.1.104','2017-04-04 11:20:24','0','管理用户：jsh 登录系统','jsh 登录系统'), ('2506','63','登录系统','192.168.1.104','2017-04-04 11:23:36','0','管理用户：jsh 登录系统','jsh 登录系统'), ('2507','63','登录系统','192.168.1.104','2017-04-04 11:28:34','0','管理用户：jsh 登录系统','jsh 登录系统'), ('2508','63','登录系统','192.168.112.102','2017-04-08 10:06:00','0','管理用户：jsh 登录系统','jsh 登录系统'), ('2509','63','登录系统','192.168.112.102','2017-04-08 10:38:08','0','管理用户：jsh 登录系统','jsh 登录系统'), ('2510','63','登录系统','192.168.112.102','2017-04-08 10:51:49','0','管理用户：jsh 登录系统','jsh 登录系统'), ('2511','63','登录系统','192.168.112.102','2017-04-08 11:10:47','0','管理用户：jsh 登录系统','jsh 登录系统'), ('2512','63','登录系统','192.168.112.102','2017-04-08 11:33:00','0','管理用户：jsh 登录系统','jsh 登录系统'), ('2513','63','登录系统','192.168.112.102','2017-04-08 11:37:32','0','管理用户：jsh 登录系统','jsh 登录系统'), ('2514','63','登录系统','192.168.112.102','2017-04-08 12:21:09','0','管理用户：jsh 登录系统','jsh 登录系统'), ('2515','63','登录系统','192.168.112.102','2017-04-08 12:27:10','0','管理用户：jsh 登录系统','jsh 登录系统'), ('2516','63','登录系统','192.168.112.102','2017-04-08 12:30:19','0','管理用户：jsh 登录系统','jsh 登录系统'), ('2517','63','登录系统','192.168.112.102','2017-04-08 12:33:10','0','管理用户：jsh 登录系统','jsh 登录系统'), ('2518','63','登录系统','192.168.112.102','2017-04-08 12:47:04','0','管理用户：jsh 登录系统','jsh 登录系统'), ('2519','63','登录系统','192.168.112.102','2017-04-08 13:03:22','0','管理用户：jsh 登录系统','jsh 登录系统'), ('2520','63','登录系统','192.168.112.102','2017-04-08 13:13:05','0','管理用户：jsh 登录系统','jsh 登录系统'), ('2521','63','登录系统','192.168.112.102','2017-04-08 13:19:50','0','管理用户：jsh 登录系统','jsh 登录系统');
INSERT INTO `jsh_log` VALUES ('2522','63','登录系统','192.168.112.102','2017-04-08 13:26:25','0','管理用户：jsh 登录系统','jsh 登录系统'), ('2523','63','增加仓管通','192.168.112.102','2017-04-08 13:31:17','0','增加仓管通编号为  aaa 成功！','增加仓管通成功'), ('2524','63','保存仓管通明细','192.168.112.102','2017-04-08 13:31:18','0','保存仓管通明细对应主表编号为  70 成功！','保存仓管通明细成功'), ('2525','63','更新仓管通','192.168.112.102','2017-04-08 13:31:59','0','更新仓管通ID为  70 成功！','更新仓管通成功'), ('2526','63','登录系统','192.168.112.102','2017-04-08 13:36:33','0','管理用户：jsh 登录系统','jsh 登录系统'), ('2527','63','登录系统','192.168.112.102','2017-04-08 21:09:15','0','管理用户：jsh 登录系统','jsh 登录系统'), ('2528','63','登录系统','192.168.112.102','2017-04-08 21:21:22','0','管理用户：jsh 登录系统','jsh 登录系统'), ('2529','63','登录系统','192.168.4.105','2017-04-09 16:08:24','0','管理用户：jsh 登录系统','jsh 登录系统'), ('2530','63','更新供应商','192.168.4.105','2017-04-09 16:08:55','0','更新供应商ID为  5 成功！','更新供应商成功'), ('2531','63','更新供应商','192.168.4.105','2017-04-09 16:09:13','0','更新供应商ID为  5 成功！','更新供应商成功'), ('2532','63','更新供应商','192.168.4.105','2017-04-09 16:11:32','0','更新供应商ID为  5 成功！','更新供应商成功'), ('2533','63','更新供应商','192.168.4.105','2017-04-09 16:16:13','0','更新供应商ID为  5 成功！','更新供应商成功'), ('2534','63','更新供应商','192.168.4.105','2017-04-09 16:16:52','0','更新供应商ID为  4 成功！','更新供应商成功'), ('2535','63','更新供应商','192.168.4.105','2017-04-09 16:17:05','0','更新供应商ID为  4 成功！','更新供应商成功'), ('2536','63','更新供应商','192.168.4.105','2017-04-09 16:17:26','0','更新供应商ID为  4 成功！','更新供应商成功'), ('2537','63','更新供应商','192.168.4.105','2017-04-09 16:17:48','0','更新供应商ID为  1 成功！','更新供应商成功'), ('2538','63','增加供应商','192.168.4.105','2017-04-09 16:18:31','0','增加供应商名称为  南通宝贝家纺 成功！','增加供应商成功'), ('2539','63','增加仓管通','192.168.4.105','2017-04-09 16:19:22','0','增加仓管通编号为  aaa123 成功！','增加仓管通成功'), ('2540','63','保存仓管通明细','192.168.4.105','2017-04-09 16:19:22','0','保存仓管通明细对应主表编号为  71 成功！','保存仓管通明细成功'), ('2541','63','更新供应商','192.168.4.105','2017-04-09 16:19:56','0','更新供应商ID为  6 成功！','更新供应商成功'), ('2542','63','更新仓管通','192.168.4.105','2017-04-09 16:20:18','0','更新仓管通ID为  71 成功！','更新仓管通成功'), ('2543','63','登录系统','192.168.4.105','2017-04-09 16:32:49','0','管理用户：jsh 登录系统','jsh 登录系统'), ('2544','63','增加财务','192.168.4.105','2017-04-09 16:33:32','0','增加财务编号为  aaxx11 成功！','增加财务成功'), ('2545','63','保存财务明细','192.168.4.105','2017-04-09 16:33:33','0','保存财务明细对应主表编号为  40 成功！','保存财务明细成功'), ('2546','63','更新财务','192.168.4.105','2017-04-09 16:34:52','0','更新财务ID为  40 成功！','更新财务成功'), ('2547','63','登录系统','192.168.4.105','2017-04-09 16:48:23','0','管理用户：jsh 登录系统','jsh 登录系统'), ('2548','63','更新供应商','192.168.4.105','2017-04-09 16:48:53','0','更新供应商ID为  2 成功！','更新供应商成功'), ('2549','63','更新供应商','192.168.4.105','2017-04-09 16:49:13','0','更新供应商ID为  1 成功！','更新供应商成功'), ('2550','63','登录系统','192.168.100.163','2017-06-01 00:28:33','0','管理用户：jsh 登录系统','jsh 登录系统'), ('2551','63','登录系统','192.168.100.163','2017-06-01 21:42:07','0','管理用户：jsh 登录系统','jsh 登录系统'), ('2552','63','登录系统','192.168.100.163','2017-06-01 21:50:39','0','管理用户：jsh 登录系统','jsh 登录系统'), ('2553','63','登录系统','192.168.100.163','2017-06-01 21:50:44','0','管理用户：jsh 登录系统','jsh 登录系统'), ('2554','63','增加仓管通','192.168.100.163','2017-06-01 22:51:42','0','增加仓管通编号为  abcd1234 成功！','增加仓管通成功'), ('2555','63','保存仓管通明细','192.168.100.163','2017-06-01 22:51:42','0','保存仓管通明细对应主表编号为  72 成功！','保存仓管通明细成功'), ('2556','63','删除仓管通','192.168.100.163','2017-06-01 22:52:30','0','删除仓管通ID为  72 成功！','删除仓管通成功'), ('2557','63','登录系统','192.168.100.163','2017-06-01 23:14:48','0','管理用户：jsh 登录系统','jsh 登录系统'), ('2558','63','登录系统','192.168.100.163','2017-06-02 22:46:54','0','管理用户：jsh 登录系统','jsh 登录系统'), ('2559','63','登录系统','192.168.100.163','2017-06-03 20:35:43','0','管理用户：jsh 登录系统','jsh 登录系统'), ('2560','63','登录系统','192.168.100.163','2017-06-03 22:17:24','0','管理用户：jsh 登录系统','jsh 登录系统'), ('2561','63','增加商品','192.168.100.163','2017-06-03 22:24:55','0','增加商品名称为  棉线 成功！','增加商品成功'), ('2562','63','增加仓管通','192.168.100.163','2017-06-03 22:26:00','0','增加仓管通编号为  22aa 成功！','增加仓管通成功'), ('2563','63','保存仓管通明细','192.168.100.163','2017-06-03 22:26:00','0','保存仓管通明细对应主表编号为  72 成功！','保存仓管通明细成功'), ('2564','63','增加仓管通','192.168.100.163','2017-06-03 22:29:35','0','增加仓管通编号为  afds123 成功！','增加仓管通成功'), ('2565','63','保存仓管通明细','192.168.100.163','2017-06-03 22:29:35','0','保存仓管通明细对应主表编号为  73 成功！','保存仓管通明细成功'), ('2566','63','更新仓管通','192.168.100.163','2017-06-03 22:30:46','0','更新仓管通ID为  73 成功！','更新仓管通成功'), ('2567','63','更新仓管通','192.168.100.163','2017-06-03 22:31:09','0','更新仓管通ID为  73 成功！','更新仓管通成功'), ('2568','63','更新仓管通','192.168.100.163','2017-06-03 22:31:19','0','更新仓管通ID为  73 成功！','更新仓管通成功'), ('2569','63','增加仓管通','192.168.100.163','2017-06-03 22:47:31','0','增加仓管通编号为  dsfs 成功！','增加仓管通成功'), ('2570','63','保存仓管通明细','192.168.100.163','2017-06-03 22:47:31','0','保存仓管通明细对应主表编号为  74 成功！','保存仓管通明细成功'), ('2571','63','更新仓管通','192.168.100.163','2017-06-03 22:47:59','0','更新仓管通ID为  74 成功！','更新仓管通成功'), ('2572','63','增加财务','192.168.100.163','2017-06-03 22:53:38','0','增加财务编号为  aa 成功！','增加财务成功'), ('2573','63','保存财务明细','192.168.100.163','2017-06-03 22:53:38','0','保存财务明细对应主表编号为  41 成功！','保存财务明细成功'), ('2574','63','删除财务','192.168.100.163','2017-06-03 22:54:04','0','删除财务ID为  31 成功！','删除财务成功'), ('2575','63','删除财务','192.168.100.163','2017-06-03 22:54:05','0','删除财务ID为  24 成功！','删除财务成功'), ('2576','63','删除财务','192.168.100.163','2017-06-03 22:54:07','0','删除财务ID为  17 成功！','删除财务成功'), ('2577','63','增加仓管通','192.168.100.163','2017-06-03 22:59:46','0','增加仓管通编号为  aaa 成功！','增加仓管通成功'), ('2578','63','保存仓管通明细','192.168.100.163','2017-06-03 22:59:46','0','保存仓管通明细对应主表编号为  75 成功！','保存仓管通明细成功'), ('2579','63','删除仓管通','192.168.100.163','2017-06-03 23:00:05','0','删除仓管通ID为  75 成功！','删除仓管通成功'), ('2580','63','增加仓管通','192.168.100.163','2017-06-03 23:00:53','0','增加仓管通编号为  asdf 成功！','增加仓管通成功'), ('2581','63','保存仓管通明细','192.168.100.163','2017-06-03 23:00:53','0','保存仓管通明细对应主表编号为  76 成功！','保存仓管通明细成功'), ('2582','63','更新仓管通','192.168.100.163','2017-06-03 23:01:06','0','更新仓管通ID为  76 成功！','更新仓管通成功'), ('2583','63','保存仓管通明细','192.168.100.163','2017-06-03 23:01:06','0','保存仓管通明细对应主表编号为  76 成功！','保存仓管通明细成功'), ('2584','63','更新供应商','192.168.100.163','2017-06-03 23:01:21','0','更新供应商ID为  1 成功！','更新供应商成功'), ('2585','63','更新仓库','192.168.100.163','2017-06-03 23:02:15','0','更新仓库ID为  1 成功！','更新仓库成功'), ('2586','63','更新仓库','192.168.100.163','2017-06-03 23:02:21','0','更新仓库ID为  3 成功！','更新仓库成功'), ('2587','63','更新供应商','192.168.100.163','2017-06-03 23:03:15','0','更新供应商ID为  6 成功！','更新供应商成功'), ('2588','63','更新供应商','192.168.100.163','2017-06-03 23:03:33','0','更新供应商ID为  5 成功！','更新供应商成功'), ('2589','63','更新供应商','192.168.100.163','2017-06-03 23:03:50','0','更新供应商ID为  4 成功！','更新供应商成功'), ('2590','63','更新供应商','192.168.100.163','2017-06-03 23:04:11','0','更新供应商ID为  2 成功！','更新供应商成功'), ('2591','63','更新供应商','192.168.100.163','2017-06-03 23:04:16','0','更新供应商ID为  1 成功！','更新供应商成功'), ('2592','63','更新结算账户','192.168.100.163','2017-06-03 23:04:42','0','更新结算账户ID为  9 成功！','更新结算账户成功'), ('2593','63','更新结算账户','192.168.100.163','2017-06-03 23:04:49','0','更新结算账户ID为  4 成功！','更新结算账户成功'), ('2594','63','更新结算账户','192.168.100.163','2017-06-03 23:05:01','0','更新结算账户ID为  9 成功！','更新结算账户成功'), ('2595','63','更新结算账户','192.168.100.163','2017-06-03 23:05:05','0','更新结算账户ID为  4 成功！','更新结算账户成功'), ('2596','63','更新结算账户','192.168.100.163','2017-06-03 23:05:21','0','更新结算账户ID为  4 成功！','更新结算账户成功'), ('2597','63','增加商品类别','192.168.100.163','2017-06-03 23:07:34','0','增加商品类别名称为  其他 成功！','增加商品类别成功'), ('2598','63','增加商品类别','192.168.100.163','2017-06-03 23:08:09','0','增加商品类别名称为  其他 成功！','增加商品类别成功'), ('2599','63','增加商品类别','192.168.100.163','2017-06-03 23:08:33','0','增加商品类别名称为  其他 成功！','增加商品类别成功'), ('2600','63','更新商品','192.168.100.163','2017-06-03 23:10:50','0','更新商品ID为  499 成功！','更新商品成功'), ('2601','63','更新商品','192.168.100.163','2017-06-03 23:10:56','0','更新商品ID为  499 成功！','更新商品成功'), ('2602','63','更新商品','192.168.100.163','2017-06-03 23:11:07','0','更新商品ID为  499 成功！','更新商品成功'), ('2603','63','更新商品','192.168.100.163','2017-06-03 23:12:08','0','更新商品ID为  485 成功！','更新商品成功'), ('2604','63','更新商品','192.168.100.163','2017-06-03 23:12:13','0','更新商品ID为  487 成功！','更新商品成功'), ('2605','63','更新商品','192.168.100.163','2017-06-03 23:12:36','0','更新商品ID为  498 成功！','更新商品成功'), ('2606','63','更新用户','','2017-06-03 23:29:02','0','更新用户ID为  63密码信息 成功！','更新用户成功'), ('2607','63','登录系统','192.168.100.163','2017-06-03 23:29:08','0','管理用户：jsh 登录系统','jsh 登录系统'), ('2608','63','退出系统','192.168.100.163','2017-06-03 23:29:12','0','管理用户：jsh 退出系统','jsh 退出系统'), ('2609','63','登录系统','192.168.100.163','2017-06-03 23:29:18','0','管理用户：jsh 登录系统','jsh 登录系统'), ('2610','63','更新用户','','2017-06-03 23:29:32','0','更新用户ID为  63密码信息 成功！','更新用户成功'), ('2611','63','登录系统','192.168.100.163','2017-06-03 23:29:34','0','管理用户：jsh 登录系统','jsh 登录系统'), ('2612','63','退出系统','192.168.100.163','2017-06-03 23:29:37','0','管理用户：jsh 退出系统','jsh 退出系统'), ('2613','63','登录系统','192.168.100.163','2017-06-03 23:29:50','0','管理用户：jsh 登录系统','jsh 登录系统'), ('2614','63','更新UserBusiness','192.168.100.163','2017-06-03 23:34:30','0','更新UserBusiness的ID为  6 成功！','更新UserBusiness成功'), ('2615','63','更新UserBusiness','192.168.100.163','2017-06-03 23:34:45','0','更新UserBusiness的ID为  2 成功！','更新UserBusiness成功'), ('2616','63','更新UserBusiness','192.168.100.163','2017-06-03 23:35:01','0','更新UserBusiness的ID为  6 成功！','更新UserBusiness成功'), ('2617','63','退出系统','192.168.100.163','2017-06-03 23:35:31','0','管理用户：jsh 退出系统','jsh 退出系统'), ('2618','64','登录系统','192.168.100.163','2017-06-03 23:35:37','0','管理用户：zs 登录系统','zs 登录系统'), ('2619','64','退出系统','192.168.100.163','2017-06-03 23:36:13','0','管理用户：zs 退出系统','zs 退出系统'), ('2620','63','登录系统','192.168.100.163','2017-06-03 23:36:19','0','管理用户：jsh 登录系统','jsh 登录系统'), ('2621','63','更新UserBusiness','192.168.100.163','2017-06-03 23:36:40','0','更新UserBusiness的ID为  6 成功！','更新UserBusiness成功');
INSERT INTO `jsh_log` VALUES ('2622','63','退出系统','192.168.100.163','2017-06-03 23:36:46','0','管理用户：jsh 退出系统','jsh 退出系统'), ('2623','64','登录系统','192.168.100.163','2017-06-03 23:36:53','0','管理用户：zs 登录系统','zs 登录系统'), ('2624','64','退出系统','192.168.100.163','2017-06-03 23:37:18','0','管理用户：zs 退出系统','zs 退出系统'), ('2625','63','登录系统','192.168.100.163','2017-06-03 23:37:26','0','管理用户：jsh 登录系统','jsh 登录系统'), ('2626','63','登录系统','192.168.100.163','2017-06-04 12:48:36','0','管理用户：jsh 登录系统','jsh 登录系统'), ('2627','63','登录系统','192.168.100.163','2017-06-04 13:02:33','0','管理用户：jsh 登录系统','jsh 登录系统'), ('2628','63','登录系统','192.168.100.163','2017-06-04 16:51:47','0','管理用户：jsh 登录系统','jsh 登录系统'), ('2629','63','登录系统','192.168.100.163','2017-06-04 18:05:38','0','管理用户：jsh 登录系统','jsh 登录系统'), ('2630','63','登录系统','192.168.100.163','2017-06-04 18:52:22','0','管理用户：jsh 登录系统','jsh 登录系统'), ('2631','63','登录系统','192.168.100.163','2017-06-04 18:54:01','0','管理用户：jsh 登录系统','jsh 登录系统'), ('2632','63','登录系统','192.168.100.163','2017-06-04 18:55:58','0','管理用户：jsh 登录系统','jsh 登录系统'), ('2633','63','退出系统','192.168.100.163','2017-06-04 18:56:00','0','管理用户：jsh 退出系统','jsh 退出系统'), ('2634','63','登录系统','192.168.100.163','2017-06-04 18:56:01','0','管理用户：jsh 登录系统','jsh 登录系统'), ('2635','63','退出系统','192.168.100.163','2017-06-04 18:56:04','0','管理用户：jsh 退出系统','jsh 退出系统'), ('2636','63','登录系统','192.168.100.163','2017-06-04 18:56:05','0','管理用户：jsh 登录系统','jsh 登录系统'), ('2637','63','登录系统','192.168.100.163','2017-06-04 18:58:55','0','管理用户：jsh 登录系统','jsh 登录系统'), ('2638','63','登录系统','192.168.100.163','2017-06-04 19:01:41','0','管理用户：jsh 登录系统','jsh 登录系统'), ('2639','63','登录系统','192.168.100.163','2017-06-04 19:18:12','0','管理用户：jsh 登录系统','jsh 登录系统'), ('2640','63','登录系统','192.168.100.163','2017-06-04 19:24:21','0','管理用户：jsh 登录系统','jsh 登录系统'), ('2641','63','登录系统','192.168.100.163','2017-06-04 19:29:46','0','管理用户：jsh 登录系统','jsh 登录系统'), ('2642','63','登录系统','192.168.100.163','2017-06-04 20:24:23','0','管理用户：jsh 登录系统','jsh 登录系统'), ('2643','63','登录系统','192.168.100.163','2017-06-04 20:30:21','0','管理用户：jsh 登录系统','jsh 登录系统'), ('2644','63','登录系统','192.168.100.163','2017-06-04 20:32:22','0','管理用户：jsh 登录系统','jsh 登录系统'), ('2645','63','登录系统','192.168.100.163','2017-06-04 20:33:12','0','管理用户：jsh 登录系统','jsh 登录系统'), ('2646','63','登录系统','192.168.100.163','2017-06-04 20:41:05','0','管理用户：jsh 登录系统','jsh 登录系统'), ('2647','63','登录系统','192.168.100.163','2017-06-04 20:54:15','0','管理用户：jsh 登录系统','jsh 登录系统'), ('2648','63','登录系统','192.168.100.163','2017-06-04 21:05:49','0','管理用户：jsh 登录系统','jsh 登录系统'), ('2649','63','登录系统','192.168.100.163','2017-06-04 21:09:11','0','管理用户：jsh 登录系统','jsh 登录系统'), ('2650','63','登录系统','192.168.100.163','2017-06-04 21:17:38','0','管理用户：jsh 登录系统','jsh 登录系统'), ('2651','63','登录系统','192.168.100.163','2017-06-04 21:21:27','0','管理用户：jsh 登录系统','jsh 登录系统'), ('2652','63','登录系统','192.168.100.163','2017-06-04 21:28:11','0','管理用户：jsh 登录系统','jsh 登录系统'), ('2653','63','登录系统','192.168.100.163','2017-06-04 21:31:47','0','管理用户：jsh 登录系统','jsh 登录系统'), ('2654','63','登录系统','192.168.100.163','2017-06-04 21:37:56','0','管理用户：jsh 登录系统','jsh 登录系统'), ('2655','63','登录系统','192.168.100.163','2017-06-04 21:40:45','0','管理用户：jsh 登录系统','jsh 登录系统'), ('2656','63','登录系统','192.168.100.163','2017-06-04 21:57:17','0','管理用户：jsh 登录系统','jsh 登录系统'), ('2657','63','登录系统','192.168.100.163','2017-06-04 22:00:21','0','管理用户：jsh 登录系统','jsh 登录系统'), ('2658','63','登录系统','192.168.100.163','2017-06-04 22:02:14','0','管理用户：jsh 登录系统','jsh 登录系统'), ('2659','63','登录系统','192.168.100.163','2017-06-04 22:03:43','0','管理用户：jsh 登录系统','jsh 登录系统'), ('2660','63','登录系统','192.168.100.163','2017-06-04 22:07:19','0','管理用户：jsh 登录系统','jsh 登录系统'), ('2661','63','登录系统','192.168.100.163','2017-06-04 22:16:30','0','管理用户：jsh 登录系统','jsh 登录系统'), ('2662','63','登录系统','192.168.100.163','2017-06-04 22:28:54','0','管理用户：jsh 登录系统','jsh 登录系统'), ('2663','63','登录系统','192.168.100.163','2017-06-04 22:42:48','0','管理用户：jsh 登录系统','jsh 登录系统'), ('2664','63','登录系统','192.168.100.163','2017-06-04 22:45:11','0','管理用户：jsh 登录系统','jsh 登录系统'), ('2665','63','登录系统','192.168.100.163','2017-06-04 22:50:52','0','管理用户：jsh 登录系统','jsh 登录系统'), ('2666','63','登录系统','192.168.100.163','2017-06-04 22:54:10','0','管理用户：jsh 登录系统','jsh 登录系统'), ('2667','63','登录系统','192.168.100.163','2017-06-04 22:57:29','0','管理用户：jsh 登录系统','jsh 登录系统'), ('2668','63','登录系统','192.168.100.163','2017-06-04 23:07:20','0','管理用户：jsh 登录系统','jsh 登录系统'), ('2669','63','登录系统','192.168.100.163','2017-06-04 23:09:00','0','管理用户：jsh 登录系统','jsh 登录系统'), ('2670','63','登录系统','192.168.100.163','2017-06-04 23:28:38','0','管理用户：jsh 登录系统','jsh 登录系统'), ('2671','63','登录系统','192.168.100.163','2017-06-04 23:35:44','0','管理用户：jsh 登录系统','jsh 登录系统'), ('2672','63','登录系统','192.168.100.163','2017-06-04 23:37:49','0','管理用户：jsh 登录系统','jsh 登录系统'), ('2673','63','登录系统','192.168.100.163','2017-06-04 23:40:53','0','管理用户：jsh 登录系统','jsh 登录系统'), ('2674','63','登录系统','192.168.100.163','2017-06-04 23:44:16','0','管理用户：jsh 登录系统','jsh 登录系统'), ('2675','63','登录系统','192.168.100.163','2017-06-04 23:51:40','0','管理用户：jsh 登录系统','jsh 登录系统'), ('2676','63','登录系统','192.168.100.163','2017-06-04 23:54:41','0','管理用户：jsh 登录系统','jsh 登录系统'), ('2677','63','登录系统','192.168.100.163','2017-06-05 00:03:45','0','管理用户：jsh 登录系统','jsh 登录系统'), ('2678','63','登录系统','192.168.100.163','2017-06-05 00:07:04','0','管理用户：jsh 登录系统','jsh 登录系统'), ('2679','63','登录系统','192.168.100.163','2017-06-05 00:09:12','0','管理用户：jsh 登录系统','jsh 登录系统'), ('2680','63','更新商品','192.168.100.163','2017-06-05 00:10:04','0','更新商品ID为  499 成功！','更新商品成功'), ('2681','63','登录系统','192.168.100.163','2017-06-05 00:11:49','0','管理用户：jsh 登录系统','jsh 登录系统'), ('2682','63','增加仓管通','192.168.100.163','2017-06-05 00:13:47','0','增加仓管通编号为  22aa 成功！','增加仓管通成功'), ('2683','63','保存仓管通明细','192.168.100.163','2017-06-05 00:13:48','0','保存仓管通明细对应主表编号为  77 成功！','保存仓管通明细成功'), ('2684','63','更新仓管通','192.168.100.163','2017-06-05 00:14:43','0','更新仓管通ID为  77 成功！','更新仓管通成功'), ('2685','63','保存仓管通明细','192.168.100.163','2017-06-05 00:14:43','0','保存仓管通明细对应主表编号为  77 成功！','保存仓管通明细成功'), ('2686','63','登录系统','192.168.100.163','2017-06-05 00:22:29','0','管理用户：jsh 登录系统','jsh 登录系统'), ('2687','63','登录系统','192.168.100.163','2017-06-05 00:25:22','0','管理用户：jsh 登录系统','jsh 登录系统'), ('2688','63','登录系统','192.168.100.163','2017-06-05 21:35:46','0','管理用户：jsh 登录系统','jsh 登录系统'), ('2689','63','登录系统','192.168.100.163','2017-06-05 21:40:34','0','管理用户：jsh 登录系统','jsh 登录系统'), ('2690','63','登录系统','192.168.100.163','2017-06-05 22:05:46','0','管理用户：jsh 登录系统','jsh 登录系统'), ('2691','63','登录系统','192.168.100.163','2017-06-05 22:08:38','0','管理用户：jsh 登录系统','jsh 登录系统'), ('2692','63','登录系统','192.168.100.163','2017-06-05 22:10:57','0','管理用户：jsh 登录系统','jsh 登录系统'), ('2693','63','登录系统','192.168.100.163','2017-06-05 22:12:28','0','管理用户：jsh 登录系统','jsh 登录系统'), ('2694','63','登录系统','192.168.100.163','2017-06-05 22:14:20','0','管理用户：jsh 登录系统','jsh 登录系统'), ('2695','63','登录系统','192.168.100.163','2017-06-05 22:16:05','0','管理用户：jsh 登录系统','jsh 登录系统'), ('2696','63','登录系统','192.168.100.163','2017-06-06 21:44:41','0','管理用户：jsh 登录系统','jsh 登录系统'), ('2697','63','登录系统','192.168.100.163','2017-06-08 21:34:20','0','管理用户：jsh 登录系统','jsh 登录系统'), ('2698','63','登录系统','192.168.100.163','2017-06-08 22:33:21','0','管理用户：jsh 登录系统','jsh 登录系统'), ('2699','63','更新仓管通','192.168.100.163','2017-06-08 22:33:33','0','更新仓管通ID为  76 成功！','更新仓管通成功'), ('2700','63','更新仓管通','192.168.100.163','2017-06-08 22:33:42','0','更新仓管通ID为  76 成功！','更新仓管通成功'), ('2701','63','更新应用','192.168.100.163','2017-06-08 22:33:55','0','更新应用ID为  21 成功！','更新应用成功'), ('2702','63','更新应用','192.168.100.163','2017-06-08 22:33:59','0','更新应用ID为  21 成功！','更新应用成功'), ('2703','63','更新应用','192.168.100.163','2017-06-08 22:34:05','0','更新应用ID为  21 成功！','更新应用成功'), ('2704','63','更新应用','192.168.100.163','2017-06-08 22:34:11','0','更新应用ID为  21 成功！','更新应用成功'), ('2705','63','更新应用','192.168.100.163','2017-06-08 22:34:53','0','更新应用ID为  21 成功！','更新应用成功'), ('2706','63','更新应用','192.168.100.163','2017-06-08 22:35:34','0','更新应用ID为  21 成功！','更新应用成功'), ('2707','63','增加应用','192.168.100.163','2017-06-08 22:37:14','0','增加应用名称为  ssss 成功！','增加应用成功'), ('2708','63','更新应用','192.168.100.163','2017-06-08 22:38:30','0','更新应用ID为  23 成功！','更新应用成功'), ('2709','63','登录系统','192.168.100.163','2017-06-08 22:39:14','0','管理用户：jsh 登录系统','jsh 登录系统'), ('2710','63','更新应用','192.168.100.163','2017-06-08 22:39:33','0','更新应用ID为  23 成功！','更新应用成功'), ('2711','63','更新应用','192.168.100.163','2017-06-08 22:57:28','0','更新应用ID为  23 成功！','更新应用成功'), ('2712','63','更新应用','192.168.100.163','2017-06-08 22:57:42','0','更新应用ID为  23 成功！','更新应用成功'), ('2713','63','更新应用','192.168.100.163','2017-06-08 22:57:56','0','更新应用ID为  23 成功！','更新应用成功'), ('2714','63','更新应用','192.168.100.163','2017-06-08 22:58:04','0','更新应用ID为  23 成功！','更新应用成功'), ('2715','63','更新应用','192.168.100.163','2017-06-08 22:58:21','0','更新应用ID为  23 成功！','更新应用成功'), ('2716','63','更新应用','192.168.100.163','2017-06-08 22:59:26','0','更新应用ID为  23 成功！','更新应用成功'), ('2717','63','更新应用','192.168.100.163','2017-06-08 23:00:00','0','更新应用ID为  23 成功！','更新应用成功'), ('2718','63','增加应用','192.168.100.163','2017-06-08 23:02:47','0','增加应用名称为  123123 成功！','增加应用成功'), ('2719','63','删除应用','192.168.100.163','2017-06-08 23:04:46','0','删除应用ID为  24 成功！','删除应用成功'), ('2720','63','增加应用','192.168.100.163','2017-06-08 23:05:02','0','增加应用名称为  123 成功！','增加应用成功'), ('2721','63','删除应用','192.168.100.163','2017-06-08 23:05:22','0','删除应用ID为  25 成功！','删除应用成功');
INSERT INTO `jsh_log` VALUES ('2722','63','增加应用','192.168.100.163','2017-06-08 23:05:56','0','增加应用名称为  123 成功！','增加应用成功'), ('2723','63','删除应用','192.168.100.163','2017-06-08 23:07:18','0','删除应用ID为  26 成功！','删除应用成功'), ('2724','63','增加应用','192.168.100.163','2017-06-08 23:07:40','0','增加应用名称为  123 成功！','增加应用成功'), ('2725','63','删除应用','192.168.100.163','2017-06-08 23:11:06','0','删除应用ID为  27 成功！','删除应用成功'), ('2726','63','增加应用','192.168.100.163','2017-06-08 23:11:19','0','增加应用名称为  123 成功！','增加应用成功'), ('2727','63','登录系统','192.168.100.163','2017-06-08 23:13:59','0','管理用户：jsh 登录系统','jsh 登录系统'), ('2728','63','删除应用','192.168.100.163','2017-06-08 23:14:15','0','删除应用ID为  28 成功！','删除应用成功'), ('2729','63','增加应用','192.168.100.163','2017-06-08 23:14:29','0','增加应用名称为  123 成功！','增加应用成功'), ('2730','63','登录系统','192.168.100.163','2017-06-08 23:27:02','0','管理用户：jsh 登录系统','jsh 登录系统'), ('2731','63','删除应用','192.168.100.163','2017-06-08 23:27:20','0','删除应用ID为  29 成功！','删除应用成功'), ('2732','63','增加应用','192.168.100.163','2017-06-08 23:27:38','0','增加应用名称为  123 成功！','增加应用成功'), ('2733','63','登录系统','192.168.100.163','2017-06-08 23:30:43','0','管理用户：jsh 登录系统','jsh 登录系统'), ('2734','63','删除应用','192.168.100.163','2017-06-08 23:30:52','0','删除应用ID为  30 成功！','删除应用成功'), ('2735','63','删除应用','192.168.100.163','2017-06-08 23:30:55','0','删除应用ID为  23 成功！','删除应用成功'), ('2736','63','增加应用','192.168.100.163','2017-06-08 23:31:39','0','增加应用名称为  123 成功！','增加应用成功'), ('2737','63','删除应用','192.168.100.163','2017-06-08 23:33:05','0','删除应用ID为  31 成功！','删除应用成功'), ('2738','63','增加应用','192.168.100.163','2017-06-08 23:33:14','0','增加应用名称为  123 成功！','增加应用成功'), ('2739','63','登录系统','192.168.100.163','2017-06-08 23:39:49','0','管理用户：jsh 登录系统','jsh 登录系统'), ('2740','63','删除应用','192.168.100.163','2017-06-08 23:40:01','0','删除应用ID为  32 成功！','删除应用成功'), ('2741','63','增加应用','192.168.100.163','2017-06-08 23:40:09','0','增加应用名称为  123 成功！','增加应用成功'), ('2742','63','增加应用','192.168.100.163','2017-06-08 23:47:40','0','增加应用名称为  12311 成功！','增加应用成功'), ('2743','63','登录系统','192.168.100.163','2017-06-08 23:50:33','0','管理用户：jsh 登录系统','jsh 登录系统'), ('2744','63','删除应用','192.168.100.163','2017-06-08 23:50:45','0','删除应用ID为  33 成功！','删除应用成功'), ('2745','63','删除应用','192.168.100.163','2017-06-08 23:50:47','0','删除应用ID为  34 成功！','删除应用成功'), ('2746','63','增加应用','192.168.100.163','2017-06-08 23:51:09','0','增加应用名称为  123 成功！','增加应用成功'), ('2747','63','登录系统','192.168.100.163','2017-06-08 23:54:24','0','管理用户：jsh 登录系统','jsh 登录系统'), ('2748','63','删除应用','192.168.100.163','2017-06-08 23:54:44','0','删除应用ID为  35 成功！','删除应用成功'), ('2749','63','增加应用','192.168.100.163','2017-06-08 23:55:01','0','增加应用名称为  123 成功！','增加应用成功'), ('2750','63','登录系统','192.168.100.163','2017-06-09 21:26:36','0','管理用户：jsh 登录系统','jsh 登录系统'), ('2751','63','删除应用','192.168.100.163','2017-06-09 21:28:03','0','删除应用ID为  36 成功！','删除应用成功'), ('2752','63','增加应用','192.168.100.163','2017-06-09 21:28:14','0','增加应用名称为  123 成功！','增加应用成功'), ('2753','63','登录系统','192.168.100.163','2017-06-09 21:52:29','0','管理用户：jsh 登录系统','jsh 登录系统'), ('2754','63','删除应用','192.168.100.163','2017-06-09 21:52:41','0','删除应用ID为  23 成功！','删除应用成功'), ('2755','63','增加应用','192.168.100.163','2017-06-09 21:52:59','0','增加应用名称为  123 成功！','增加应用成功'), ('2756','63','登录系统','192.168.100.163','2017-06-09 21:58:35','0','管理用户：jsh 登录系统','jsh 登录系统'), ('2757','63','增加应用','192.168.100.163','2017-06-09 21:58:51','0','增加应用名称为  123 成功！','增加应用成功'), ('2758','63','登录系统','192.168.100.163','2017-06-09 22:01:23','0','管理用户：jsh 登录系统','jsh 登录系统'), ('2759','63','删除应用','192.168.100.163','2017-06-09 22:01:33','0','删除应用ID为  25 成功！','删除应用成功'), ('2760','63','登录系统','192.168.100.163','2017-06-11 18:49:11','0','管理用户：jsh 登录系统','jsh 登录系统'), ('2761','63','登录系统','192.168.100.163','2017-06-11 18:51:54','0','管理用户：jsh 登录系统','jsh 登录系统'), ('2762','63','登录系统','192.168.100.163','2017-06-11 18:56:15','0','管理用户：jsh 登录系统','jsh 登录系统'), ('2763','63','登录系统','192.168.100.163','2017-06-11 19:01:41','0','管理用户：jsh 登录系统','jsh 登录系统'), ('2764','63','登录系统','192.168.100.163','2017-06-11 19:03:28','0','管理用户：jsh 登录系统','jsh 登录系统'), ('2765','63','登录系统','192.168.100.163','2017-06-11 19:18:20','0','管理用户：jsh 登录系统','jsh 登录系统'), ('2766','63','登录系统','192.168.100.163','2017-06-11 20:43:48','0','管理用户：jsh 登录系统','jsh 登录系统'), ('2767','63','登录系统','192.168.100.163','2017-06-11 21:24:06','0','管理用户：jsh 登录系统','jsh 登录系统'), ('2768','63','登录系统','192.168.100.163','2017-06-11 21:36:32','0','管理用户：jsh 登录系统','jsh 登录系统'), ('2769','63','登录系统','192.168.100.163','2017-06-11 23:17:03','0','管理用户：jsh 登录系统','jsh 登录系统'), ('2770','63','登录系统','192.168.100.163','2017-06-11 23:26:29','0','管理用户：jsh 登录系统','jsh 登录系统'), ('2771','63','登录系统','192.168.100.163','2017-06-11 23:29:33','0','管理用户：jsh 登录系统','jsh 登录系统'), ('2772','63','增加应用','192.168.100.163','2017-06-11 23:30:23','0','增加应用名称为  123 成功！','增加应用成功'), ('2773','63','删除应用','192.168.100.163','2017-06-11 23:31:27','0','删除应用ID为  23 成功！','删除应用成功'), ('2774','63','增加应用','192.168.100.163','2017-06-11 23:32:04','0','增加应用名称为  123 成功！','增加应用成功'), ('2775','63','登录系统','192.168.100.163','2017-06-11 23:35:53','0','管理用户：jsh 登录系统','jsh 登录系统'), ('2776','63','增加应用','192.168.100.163','2017-06-11 23:36:11','0','增加应用名称为  132 成功！','增加应用成功'), ('2777','63','删除应用','192.168.100.163','2017-06-11 23:36:15','0','删除应用ID为  24 成功！','删除应用成功'), ('2778','63','删除应用','192.168.100.163','2017-06-11 23:36:16','0','删除应用ID为  25 成功！','删除应用成功'), ('2779','63','登录系统','192.168.100.163','2017-06-11 23:38:10','0','管理用户：jsh 登录系统','jsh 登录系统'), ('2780','63','增加应用','192.168.100.163','2017-06-11 23:38:28','0','增加应用名称为  3123 成功！','增加应用成功'), ('2781','63','登录系统','192.168.100.163','2017-06-12 22:11:39','0','管理用户：jsh 登录系统','jsh 登录系统'), ('2782','63','登录系统','192.168.100.163','2017-06-12 22:45:59','0','管理用户：jsh 登录系统','jsh 登录系统'), ('2783','63','登录系统','192.168.100.163','2017-06-12 22:46:10','0','管理用户：jsh 登录系统','jsh 登录系统'), ('2784','63','删除应用','192.168.100.163','2017-06-12 22:46:22','0','删除应用ID为  26 成功！','删除应用成功'), ('2785','63','登录系统','192.168.100.163','2017-06-12 22:51:57','0','管理用户：jsh 登录系统','jsh 登录系统'), ('2786','63','登录系统','192.168.100.163','2017-06-12 22:54:55','0','管理用户：jsh 登录系统','jsh 登录系统'), ('2787','63','登录系统','192.168.100.163','2017-06-12 23:02:31','0','管理用户：jsh 登录系统','jsh 登录系统'), ('2788','63','登录系统','192.168.100.163','2017-06-12 23:12:04','0','管理用户：jsh 登录系统','jsh 登录系统'), ('2789','63','登录系统','192.168.100.163','2017-06-12 23:15:50','0','管理用户：jsh 登录系统','jsh 登录系统'), ('2790','63','登录系统','192.168.100.163','2017-06-12 23:24:50','0','管理用户：jsh 登录系统','jsh 登录系统'), ('2791','63','登录系统','192.168.100.163','2017-06-13 20:59:44','0','管理用户：jsh 登录系统','jsh 登录系统'), ('2792','63','登录系统','192.168.100.163','2017-06-13 21:10:05','0','管理用户：jsh 登录系统','jsh 登录系统'), ('2793','63','登录系统','192.168.100.163','2017-06-13 21:12:14','0','管理用户：jsh 登录系统','jsh 登录系统'), ('2794','63','登录系统','192.168.100.163','2017-06-13 21:31:48','0','管理用户：jsh 登录系统','jsh 登录系统'), ('2795','63','登录系统','192.168.100.163','2017-06-13 21:35:32','0','管理用户：jsh 登录系统','jsh 登录系统'), ('2796','63','登录系统','192.168.100.163','2017-06-13 22:19:50','0','管理用户：jsh 登录系统','jsh 登录系统'), ('2797','63','登录系统','192.168.100.163','2017-06-13 22:24:45','0','管理用户：jsh 登录系统','jsh 登录系统'), ('2798','63','登录系统','192.168.100.163','2017-06-13 22:28:30','0','管理用户：jsh 登录系统','jsh 登录系统'), ('2799','63','登录系统','192.168.100.163','2017-06-13 22:38:12','0','管理用户：jsh 登录系统','jsh 登录系统'), ('2800','63','登录系统','192.168.100.163','2017-06-13 22:57:09','0','管理用户：jsh 登录系统','jsh 登录系统'), ('2801','63','登录系统','192.168.100.163','2017-06-13 23:03:38','0','管理用户：jsh 登录系统','jsh 登录系统'), ('2802','63','登录系统','192.168.100.163','2017-06-13 23:07:32','0','管理用户：jsh 登录系统','jsh 登录系统'), ('2803','63','登录系统','192.168.100.163','2017-06-13 23:16:06','0','管理用户：jsh 登录系统','jsh 登录系统'), ('2804','63','登录系统','192.168.100.163','2017-06-13 23:20:18','0','管理用户：jsh 登录系统','jsh 登录系统'), ('2805','63','登录系统','192.168.100.163','2017-06-13 23:30:47','0','管理用户：jsh 登录系统','jsh 登录系统'), ('2806','63','登录系统','192.168.100.163','2017-06-13 23:36:27','0','管理用户：jsh 登录系统','jsh 登录系统'), ('2807','63','登录系统','192.168.100.163','2017-06-13 23:38:31','0','管理用户：jsh 登录系统','jsh 登录系统'), ('2808','63','登录系统','192.168.100.163','2017-06-13 23:39:52','0','管理用户：jsh 登录系统','jsh 登录系统'), ('2809','63','登录系统','192.168.100.163','2017-06-13 23:42:57','0','管理用户：jsh 登录系统','jsh 登录系统'), ('2810','63','登录系统','192.168.100.163','2017-06-14 21:03:01','0','管理用户：jsh 登录系统','jsh 登录系统'), ('2811','63','登录系统','192.168.100.163','2017-06-14 21:03:01','0','管理用户：jsh 登录系统','jsh 登录系统'), ('2812','63','登录系统','192.168.100.163','2017-06-14 21:03:01','0','管理用户：jsh 登录系统','jsh 登录系统'), ('2813','63','登录系统','192.168.100.163','2017-06-14 21:16:27','0','管理用户：jsh 登录系统','jsh 登录系统'), ('2814','63','增加应用','192.168.100.163','2017-06-14 21:30:03','0','增加应用名称为  333 成功！','增加应用成功'), ('2815','63','删除应用','192.168.100.163','2017-06-14 21:30:52','0','删除应用ID为  23 成功！','删除应用成功'), ('2816','63','增加应用','192.168.100.163','2017-06-14 21:31:09','0','增加应用名称为  6666 成功！','增加应用成功'), ('2817','63','更新应用','192.168.100.163','2017-06-14 21:31:36','0','更新应用ID为  24 成功！','更新应用成功'), ('2818','63','退出系统','192.168.100.163','2017-06-14 21:31:59','0','管理用户：jsh 退出系统','jsh 退出系统'), ('2819','63','登录系统','192.168.100.163','2017-06-14 21:32:03','0','管理用户：jsh 登录系统','jsh 登录系统'), ('2820','63','更新应用','192.168.100.163','2017-06-14 21:32:23','0','更新应用ID为  24 成功！','更新应用成功'), ('2821','63','更新应用','192.168.100.163','2017-06-14 21:33:36','0','更新应用ID为  24 成功！','更新应用成功');
INSERT INTO `jsh_log` VALUES ('2822','63','更新应用','192.168.100.163','2017-06-14 21:35:24','0','更新应用ID为  24 成功！','更新应用成功'), ('2823','63','更新应用','192.168.100.163','2017-06-14 21:35:30','0','更新应用ID为  24 成功！','更新应用成功'), ('2824','63','更新应用','192.168.100.163','2017-06-14 21:36:12','0','更新应用ID为  24 成功！','更新应用成功'), ('2825','63','更新应用','192.168.100.163','2017-06-14 21:37:08','0','更新应用ID为  24 成功！','更新应用成功'), ('2826','63','删除应用','192.168.100.163','2017-06-14 21:52:08','0','删除应用ID为  24 成功！','删除应用成功'), ('2827','63','增加应用','192.168.100.163','2017-06-14 21:52:36','0','增加应用名称为  aaa 成功！','增加应用成功'), ('2828','63','删除应用','192.168.100.163','2017-06-14 21:53:02','0','删除应用ID为  25 成功！','删除应用成功'), ('2829','63','增加应用','192.168.100.163','2017-06-14 21:53:39','0','增加应用名称为  aaa 成功！','增加应用成功'), ('2830','63','删除应用','192.168.100.163','2017-06-14 21:54:06','0','删除应用ID为  26 成功！','删除应用成功'), ('2831','63','增加应用','192.168.100.163','2017-06-14 21:56:45','0','增加应用名称为  afdd 成功！','增加应用成功'), ('2832','63','删除应用','192.168.100.163','2017-06-14 21:57:09','0','删除应用ID为  27 成功！','删除应用成功'), ('2833','63','增加应用','192.168.100.163','2017-06-14 21:58:32','0','增加应用名称为  aaaa 成功！','增加应用成功'), ('2834','63','删除应用','192.168.100.163','2017-06-14 21:58:36','0','删除应用ID为  28 成功！','删除应用成功'), ('2835','63','增加应用','192.168.100.163','2017-06-14 21:58:54','0','增加应用名称为  add 成功！','增加应用成功'), ('2836','63','删除应用','192.168.100.163','2017-06-14 21:58:59','0','删除应用ID为  29 成功！','删除应用成功'), ('2837','63','增加应用','192.168.100.163','2017-06-14 22:00:16','0','增加应用名称为  addd 成功！','增加应用成功'), ('2838','63','删除应用','192.168.100.163','2017-06-14 22:00:19','0','删除应用ID为  30 成功！','删除应用成功'), ('2839','63','增加应用','192.168.100.163','2017-06-14 22:00:27','0','增加应用名称为  sdsd 成功！','增加应用成功'), ('2840','63','删除应用','192.168.100.163','2017-06-14 22:01:33','0','删除应用ID为  31 成功！','删除应用成功'), ('2841','63','增加应用','192.168.100.163','2017-06-14 22:03:05','0','增加应用名称为  qweqw 成功！','增加应用成功'), ('2842','63','删除应用','192.168.100.163','2017-06-14 22:03:13','0','删除应用ID为  32 成功！','删除应用成功'), ('2843','63','增加应用','192.168.100.163','2017-06-14 22:07:07','0','增加应用名称为  adf 成功！','增加应用成功'), ('2844','63','删除应用','192.168.100.163','2017-06-14 22:07:13','0','删除应用ID为  33 成功！','删除应用成功'), ('2845','63','增加应用','192.168.100.163','2017-06-14 22:08:22','0','增加应用名称为  adadf 成功！','增加应用成功'), ('2846','63','删除应用','192.168.100.163','2017-06-14 22:09:54','0','删除应用ID为  34 成功！','删除应用成功'), ('2847','63','增加应用','192.168.100.163','2017-06-14 22:10:02','0','增加应用名称为  asdfadsf 成功！','增加应用成功'), ('2848','63','删除应用','192.168.100.163','2017-06-14 22:10:28','0','删除应用ID为  35 成功！','删除应用成功'), ('2849','63','增加应用','192.168.100.163','2017-06-14 22:10:34','0','增加应用名称为  asdf 成功！','增加应用成功'), ('2850','63','删除应用','192.168.100.163','2017-06-14 22:11:31','0','删除应用ID为  36 成功！','删除应用成功'), ('2851','63','增加应用','192.168.100.163','2017-06-14 22:13:04','0','增加应用名称为  asdfadf 成功！','增加应用成功'), ('2852','63','删除应用','192.168.100.163','2017-06-14 22:13:16','0','删除应用ID为  37 成功！','删除应用成功'), ('2853','63','增加应用','192.168.100.163','2017-06-14 22:13:49','0','增加应用名称为  adfadf 成功！','增加应用成功'), ('2854','63','删除应用','192.168.100.163','2017-06-14 22:13:52','0','删除应用ID为  38 成功！','删除应用成功'), ('2855','63','增加应用','192.168.100.163','2017-06-14 22:18:05','0','增加应用名称为  dsaff 成功！','增加应用成功'), ('2856','63','增加应用','192.168.100.163','2017-06-14 22:19:11','0','增加应用名称为  sadf 成功！','增加应用成功'), ('2857','63','删除应用','192.168.100.163','2017-06-14 22:19:28','0','删除应用ID为  39 成功！','删除应用成功'), ('2858','63','删除应用','192.168.100.163','2017-06-14 22:19:34','0','删除应用ID为  40 成功！','删除应用成功'), ('2859','63','增加应用','192.168.100.163','2017-06-14 22:52:27','0','增加应用名称为  werwqer 成功！','增加应用成功'), ('2860','63','删除应用','192.168.100.163','2017-06-14 22:52:32','0','删除应用ID为  41 成功！','删除应用成功'), ('2861','63','增加应用','192.168.100.163','2017-06-14 22:54:05','0','增加应用名称为  wqrqreq 成功！','增加应用成功'), ('2862','63','删除应用','192.168.100.163','2017-06-14 22:54:14','0','删除应用ID为  42 成功！','删除应用成功'), ('2863','63','更新应用','192.168.100.163','2017-06-14 22:56:48','0','更新应用ID为  21 成功！','更新应用成功'), ('2864','63','更新应用','192.168.100.163','2017-06-14 22:56:54','0','更新应用ID为  21 成功！','更新应用成功'), ('2865','63','增加应用','192.168.100.163','2017-06-14 22:58:19','0','增加应用名称为  asdfasdf 成功！','增加应用成功'), ('2866','63','更新应用','192.168.100.163','2017-06-14 22:58:44','0','更新应用ID为  43 成功！','更新应用成功'), ('2867','63','删除应用','192.168.100.163','2017-06-14 22:58:50','0','删除应用ID为  43 成功！','删除应用成功'), ('2868','63','增加应用','192.168.100.163','2017-06-14 23:00:48','0','增加应用名称为  qewrrr 成功！','增加应用成功'), ('2869','63','删除应用','192.168.100.163','2017-06-14 23:00:55','0','删除应用ID为  44 成功！','删除应用成功'), ('2870','63','增加应用','192.168.100.163','2017-06-14 23:01:02','0','增加应用名称为  qweqrewre 成功！','增加应用成功'), ('2871','63','删除应用','192.168.100.163','2017-06-14 23:01:08','0','删除应用ID为  45 成功！','删除应用成功'), ('2872','63','登录系统','192.168.100.163','2017-06-14 23:35:45','0','管理用户：jsh 登录系统','jsh 登录系统'), ('2873','63','登录系统','192.168.100.163','2017-06-15 23:07:19','0','管理用户：jsh 登录系统','jsh 登录系统'), ('2874','63','登录系统','192.168.100.163','2017-06-16 23:12:11','0','管理用户：jsh 登录系统','jsh 登录系统'), ('2875','63','增加收支项目','192.168.100.163','2017-06-16 23:50:15','0','增加收支项目名称为  全车贴膜-普通 成功！','增加收支项目成功'), ('2876','63','增加收支项目','192.168.100.163','2017-06-16 23:50:28','0','增加收支项目名称为  全车贴膜-高档 成功！','增加收支项目成功'), ('2877','63','增加收支项目','192.168.100.163','2017-06-16 23:50:42','0','增加收支项目名称为  洗车 成功！','增加收支项目成功'), ('2878','63','增加收支项目','192.168.100.163','2017-06-16 23:51:09','0','增加收支项目名称为  保养汽车 成功！','增加收支项目成功'), ('2879','63','增加财务','192.168.100.163','2017-06-16 23:52:46','0','增加财务编号为  ffff 成功！','增加财务成功'), ('2880','63','保存财务明细','192.168.100.163','2017-06-16 23:52:47','0','保存财务明细对应主表编号为  42 成功！','保存财务明细成功'), ('2881','63','登录系统','192.168.100.163','2017-06-17 00:00:18','0','管理用户：jsh 登录系统','jsh 登录系统'), ('2882','63','增加功能','192.168.100.163','2017-06-17 00:15:06','0','增加功能名称为  零售出库 成功！','增加功能成功'), ('2883','63','更新功能','192.168.100.163','2017-06-17 00:15:18','0','更新功能ID为  210 成功！','更新功能成功'), ('2884','63','更新功能','192.168.100.163','2017-06-17 00:15:42','0','更新功能ID为  40 成功！','更新功能成功'), ('2885','63','更新功能','192.168.100.163','2017-06-17 00:15:49','0','更新功能ID为  210 成功！','更新功能成功'), ('2886','63','更新UserBusiness','192.168.100.163','2017-06-17 00:16:12','0','更新UserBusiness的ID为  5 成功！','更新UserBusiness成功'), ('2887','63','增加功能','192.168.100.163','2017-06-17 00:18:39','0','增加功能名称为  零售退货 成功！','增加功能成功'), ('2888','63','更新功能','192.168.100.163','2017-06-17 00:18:53','0','更新功能ID为  211 成功！','更新功能成功'), ('2889','63','更新功能','192.168.100.163','2017-06-17 00:19:28','0','更新功能ID为  211 成功！','更新功能成功'), ('2890','63','更新功能','192.168.100.163','2017-06-17 00:19:34','0','更新功能ID为  200 成功！','更新功能成功'), ('2891','63','更新功能','192.168.100.163','2017-06-17 00:19:37','0','更新功能ID为  201 成功！','更新功能成功'), ('2892','63','更新UserBusiness','192.168.100.163','2017-06-17 00:19:51','0','更新UserBusiness的ID为  5 成功！','更新UserBusiness成功'), ('2893','63','更新功能','192.168.100.163','2017-06-17 00:27:01','0','更新功能ID为  210 成功！','更新功能成功'), ('2894','63','更新功能','192.168.100.163','2017-06-17 00:27:11','0','更新功能ID为  211 成功！','更新功能成功'), ('2895','63','登录系统','192.168.100.163','2017-06-18 18:19:08','0','管理用户：jsh 登录系统','jsh 登录系统'), ('2896','63','登录系统','192.168.100.163','2017-06-18 18:33:22','0','管理用户：jsh 登录系统','jsh 登录系统'), ('2897','63','增加仓管通','192.168.100.163','2017-06-18 18:53:02','0','增加仓管通编号为  sfd 成功！','增加仓管通成功'), ('2898','63','保存仓管通明细','192.168.100.163','2017-06-18 18:53:03','0','保存仓管通明细对应主表编号为  78 成功！','保存仓管通明细成功'), ('2899','63','增加仓管通','192.168.100.163','2017-06-18 18:59:49','0','增加仓管通编号为  fsdf 成功！','增加仓管通成功'), ('2900','63','保存仓管通明细','192.168.100.163','2017-06-18 18:59:49','0','保存仓管通明细对应主表编号为  79 成功！','保存仓管通明细成功'), ('2901','63','删除仓管通','192.168.100.163','2017-06-18 19:03:30','0','删除仓管通ID为  78 成功！','删除仓管通成功'), ('2902','63','增加仓管通','192.168.100.163','2017-06-18 19:35:34','0','增加仓管通编号为  sfsdf 成功！','增加仓管通成功'), ('2903','63','保存仓管通明细','192.168.100.163','2017-06-18 19:35:34','0','保存仓管通明细对应主表编号为  80 成功！','保存仓管通明细成功'), ('2904','63','增加仓管通','192.168.100.163','2017-06-18 19:36:33','0','增加仓管通编号为  fsfsd 成功！','增加仓管通成功'), ('2905','63','保存仓管通明细','192.168.100.163','2017-06-18 19:36:33','0','保存仓管通明细对应主表编号为  81 成功！','保存仓管通明细成功'), ('2906','63','删除仓管通','192.168.100.163','2017-06-18 19:46:39','0','删除仓管通ID为  79 成功！','删除仓管通成功'), ('2907','63','增加仓管通','192.168.100.163','2017-06-18 19:53:49','0','增加仓管通编号为  fasdf 成功！','增加仓管通成功'), ('2908','63','保存仓管通明细','192.168.100.163','2017-06-18 19:53:49','0','保存仓管通明细对应主表编号为  82 成功！','保存仓管通明细成功'), ('2909','63','增加仓管通','192.168.100.163','2017-06-18 22:56:17','0','增加仓管通编号为  qwe3 成功！','增加仓管通成功'), ('2910','63','保存仓管通明细','192.168.100.163','2017-06-18 22:56:17','0','保存仓管通明细对应主表编号为  83 成功！','保存仓管通明细成功'), ('2911','63','登录系统','192.168.100.163','2017-06-18 23:50:52','0','管理用户：jsh 登录系统','jsh 登录系统'), ('2912','63','登录系统','192.168.100.163','2017-06-19 00:03:16','0','管理用户：jsh 登录系统','jsh 登录系统'), ('2913','63','登录系统','192.168.100.163','2017-06-19 00:03:54','0','管理用户：jsh 登录系统','jsh 登录系统'), ('2914','63','登录系统','192.168.100.163','2017-06-19 21:12:27','0','管理用户：jsh 登录系统','jsh 登录系统'), ('2915','63','登录系统','192.168.100.163','2017-06-19 21:18:59','0','管理用户：jsh 登录系统','jsh 登录系统'), ('2916','63','增加仓管通','192.168.100.163','2017-06-20 00:01:48','1','增加仓管通编号为  32141 失败！','增加仓管通失败'), ('2917','63','增加仓管通','192.168.100.163','2017-06-20 00:01:52','0','增加仓管通编号为  32141 成功！','增加仓管通成功'), ('2918','63','保存仓管通明细','192.168.100.163','2017-06-20 00:01:52','0','保存仓管通明细对应主表编号为  84 成功！','保存仓管通明细成功'), ('2919','63','登录系统','192.168.100.163','2017-06-20 00:32:08','0','管理用户：jsh 登录系统','jsh 登录系统'), ('2920','63','登录系统','192.168.100.163','2017-06-20 00:34:18','0','管理用户：jsh 登录系统','jsh 登录系统'), ('2921','63','增加仓管通','192.168.100.163','2017-06-20 00:34:45','0','增加仓管通编号为  1233 成功！','增加仓管通成功');
INSERT INTO `jsh_log` VALUES ('2922','63','保存仓管通明细','192.168.100.163','2017-06-20 00:34:45','0','保存仓管通明细对应主表编号为  85 成功！','保存仓管通明细成功'), ('2923','63','更新仓管通','192.168.100.163','2017-06-20 00:35:36','0','更新仓管通ID为  85 成功！','更新仓管通成功'), ('2924','63','保存仓管通明细','192.168.100.163','2017-06-20 00:35:36','0','保存仓管通明细对应主表编号为  85 成功！','保存仓管通明细成功'), ('2925','63','登录系统','192.168.100.163','2017-06-20 21:08:11','0','管理用户：jsh 登录系统','jsh 登录系统'), ('2926','63','增加供应商','192.168.100.163','2017-06-20 21:18:12','0','增加供应商名称为  hy123456 成功！','增加供应商成功'), ('2927','63','更新供应商','192.168.100.163','2017-06-20 21:18:19','0','更新供应商ID为  7 成功！','更新供应商成功'), ('2928','63','更新供应商','192.168.100.163','2017-06-20 21:18:22','0','更新供应商ID为  7 成功！','更新供应商成功'), ('2929','63','更新供应商','192.168.100.163','2017-06-20 21:23:34','0','更新供应商ID为  7 成功！','更新供应商成功'), ('2930','63','更新供应商','192.168.100.163','2017-06-20 21:23:40','0','更新供应商ID为  7 成功！','更新供应商成功'), ('2931','63','增加供应商','192.168.100.163','2017-06-20 21:25:21','0','增加供应商名称为  hy00001 成功！','增加供应商成功'), ('2932','63','增加供应商','192.168.100.163','2017-06-20 21:25:52','0','增加供应商名称为  hy00002 成功！','增加供应商成功'), ('2933','63','登录系统','192.168.100.163','2017-06-20 21:42:31','0','管理用户：jsh 登录系统','jsh 登录系统'), ('2934','63','退出系统','192.168.100.163','2017-06-20 21:47:41','0','管理用户：jsh 退出系统','jsh 退出系统'), ('2935','63','登录系统','192.168.100.163','2017-06-20 21:47:57','0','管理用户：jsh 登录系统','jsh 登录系统'), ('2936','63','增加仓管通','192.168.100.163','2017-06-20 21:56:51','0','增加仓管通编号为  hb3124312431 成功！','增加仓管通成功'), ('2937','63','保存仓管通明细','192.168.100.163','2017-06-20 21:56:51','0','保存仓管通明细对应主表编号为  86 成功！','保存仓管通明细成功'), ('2938','63','更新仓管通','192.168.100.163','2017-06-20 21:57:24','0','更新仓管通ID为  86 成功！','更新仓管通成功'), ('2939','63','增加仓管通','192.168.100.163','2017-06-20 22:03:32','0','增加仓管通编号为  1231weraa 成功！','增加仓管通成功'), ('2940','63','保存仓管通明细','192.168.100.163','2017-06-20 22:03:32','0','保存仓管通明细对应主表编号为  87 成功！','保存仓管通明细成功'), ('2941','63','更新仓管通','192.168.100.163','2017-06-20 22:03:47','0','更新仓管通ID为  87 成功！','更新仓管通成功'), ('2942','63','更新仓管通','192.168.100.163','2017-06-20 22:55:55','0','更新仓管通ID为  87 成功！','更新仓管通成功'), ('2943','63','增加仓管通','192.168.100.163','2017-06-20 23:09:53','0','增加仓管通编号为  LSCK2017062023934 成功！','增加仓管通成功'), ('2944','63','保存仓管通明细','192.168.100.163','2017-06-20 23:09:53','0','保存仓管通明细对应主表编号为  88 成功！','保存仓管通明细成功'), ('2945','63','增加仓管通','192.168.100.163','2017-06-20 23:20:39','0','增加仓管通编号为  LSCK20170620232023 成功！','增加仓管通成功'), ('2946','63','保存仓管通明细','192.168.100.163','2017-06-20 23:20:39','0','保存仓管通明细对应主表编号为  89 成功！','保存仓管通明细成功'), ('2947','63','更新仓管通','192.168.100.163','2017-06-20 23:22:25','0','更新仓管通ID为  88 成功！','更新仓管通成功'), ('2948','63','更新仓管通','192.168.100.163','2017-06-20 23:22:48','0','更新仓管通ID为  89 成功！','更新仓管通成功'), ('2949','63','增加仓管通','192.168.100.163','2017-06-20 23:47:15','0','增加仓管通编号为  LSCK20170620234528 成功！','增加仓管通成功'), ('2950','63','保存仓管通明细','192.168.100.163','2017-06-20 23:47:15','0','保存仓管通明细对应主表编号为  90 成功！','保存仓管通明细成功'), ('2951','63','登录系统','192.168.100.163','2017-06-21 21:41:56','0','管理用户：jsh 登录系统','jsh 登录系统'), ('2952','63','登录系统','192.168.100.163','2017-06-21 21:48:16','0','管理用户：jsh 登录系统','jsh 登录系统'), ('2953','63','登录系统','192.168.100.163','2017-06-21 21:52:55','0','管理用户：jsh 登录系统','jsh 登录系统'), ('2954','63','增加仓管通','192.168.100.163','2017-06-21 21:55:50','0','增加仓管通编号为  XSCK20170621215516 成功！','增加仓管通成功'), ('2955','63','保存仓管通明细','192.168.100.163','2017-06-21 21:55:50','0','保存仓管通明细对应主表编号为  91 成功！','保存仓管通明细成功'), ('2956','63','增加仓管通','192.168.100.163','2017-06-21 23:21:37','0','增加仓管通编号为  LSCK20170621232052 成功！','增加仓管通成功'), ('2957','63','保存仓管通明细','192.168.100.163','2017-06-21 23:21:37','0','保存仓管通明细对应主表编号为  92 成功！','保存仓管通明细成功'), ('2958','63','增加仓管通','192.168.100.163','2017-06-21 23:54:03','0','增加仓管通编号为  LSTH20170621235232 成功！','增加仓管通成功'), ('2959','63','保存仓管通明细','192.168.100.163','2017-06-21 23:54:03','0','保存仓管通明细对应主表编号为  93 成功！','保存仓管通明细成功'), ('2960','63','删除仓管通','192.168.100.163','2017-06-21 23:57:51','0','删除仓管通ID为  93 成功！','删除仓管通成功'), ('2961','63','登录系统','192.168.100.163','2017-06-22 21:18:42','0','管理用户：jsh 登录系统','jsh 登录系统'), ('2962','63','登录系统','192.168.100.163','2017-06-22 22:09:34','0','管理用户：jsh 登录系统','jsh 登录系统'), ('2963','63','更新仓管通','192.168.100.163','2017-06-22 22:35:46','0','更新仓管通ID为  67 成功！','更新仓管通成功'), ('2964','63','更新仓管通','192.168.100.163','2017-06-22 22:36:03','0','更新仓管通ID为  87 成功！','更新仓管通成功'), ('2965','63','更新仓管通','192.168.100.163','2017-06-22 22:37:32','0','更新仓管通ID为  83 成功！','更新仓管通成功'), ('2966','63','登录系统','192.168.100.163','2017-06-22 22:56:02','0','管理用户：jsh 登录系统','jsh 登录系统'), ('2967','63','登录系统','192.168.100.163','2017-06-22 23:37:44','0','管理用户：jsh 登录系统','jsh 登录系统'), ('2968','63','登录系统','192.168.100.163','2017-06-23 22:18:34','0','管理用户：jsh 登录系统','jsh 登录系统'), ('2969','63','登录系统','192.168.100.163','2017-06-23 22:44:55','0','管理用户：jsh 登录系统','jsh 登录系统'), ('2970','63','更新用户','','2017-06-23 22:48:32','0','更新用户ID为  63密码信息 成功！','更新用户成功'), ('2971','63','登录系统','192.168.100.163','2017-06-23 22:48:52','0','管理用户：jsh 登录系统','jsh 登录系统'), ('2972','63','登录系统','192.168.100.163','2017-06-23 22:56:33','0','管理用户：jsh 登录系统','jsh 登录系统'), ('2973','63','登录系统','192.168.100.163','2017-06-23 23:07:58','0','管理用户：jsh 登录系统','jsh 登录系统'), ('2974','63','登录系统','192.168.100.163','2017-06-23 23:17:20','0','管理用户：jsh 登录系统','jsh 登录系统'), ('2975','63','登录系统','192.168.100.163','2017-06-23 23:37:29','0','管理用户：jsh 登录系统','jsh 登录系统'), ('2976','63','登录系统','192.168.100.163','2017-06-23 23:48:39','0','管理用户：jsh 登录系统','jsh 登录系统'), ('2977','63','登录系统','192.168.100.163','2017-06-25 22:12:37','0','管理用户：jsh 登录系统','jsh 登录系统'), ('2978','63','登录系统','192.168.100.163','2017-06-25 22:32:24','0','管理用户：jsh 登录系统','jsh 登录系统'), ('2979','63','登录系统','192.168.100.163','2017-06-26 20:44:14','0','管理用户：jsh 登录系统','jsh 登录系统'), ('2980','63','增加财务','192.168.100.163','2017-06-26 21:16:34','0','增加财务编号为  abcdefg 成功！','增加财务成功'), ('2981','63','保存财务明细','192.168.100.163','2017-06-26 21:16:34','0','保存财务明细对应主表编号为  43 成功！','保存财务明细成功'), ('2982','63','增加功能','192.168.100.163','2017-06-26 21:31:06','0','增加功能名称为  收预付款 成功！','增加功能成功'), ('2983','63','更新UserBusiness','192.168.100.163','2017-06-26 21:32:12','0','更新UserBusiness的ID为  5 成功！','更新UserBusiness成功'), ('2984','63','增加财务','192.168.100.163','2017-06-26 21:50:48','0','增加财务编号为  danju 成功！','增加财务成功'), ('2985','63','保存财务明细','192.168.100.163','2017-06-26 21:50:48','0','保存财务明细对应主表编号为  44 成功！','保存财务明细成功'), ('2986','63','登录系统','192.168.100.163','2017-06-26 22:38:26','0','管理用户：jsh 登录系统','jsh 登录系统'), ('2987','63','登录系统','192.168.100.163','2017-06-26 22:40:40','0','管理用户：jsh 登录系统','jsh 登录系统'), ('2988','63','更新财务','192.168.100.163','2017-06-26 23:00:07','0','更新财务ID为  44 成功！','更新财务成功'), ('2989','63','更新财务','192.168.100.163','2017-06-26 23:00:31','0','更新财务ID为  44 成功！','更新财务成功'), ('2990','63','更新财务','192.168.100.163','2017-06-26 23:06:49','0','更新财务ID为  44 成功！','更新财务成功'), ('2991','63','更新财务','192.168.100.163','2017-06-26 23:11:07','0','更新财务ID为  44 成功！','更新财务成功'), ('2992','63','更新供应商预付款','','2017-06-26 23:11:07','0','更新供应商ID为  8 成功！','更新供应商成功'), ('2993','63','更新供应商预付款','','2017-06-26 23:11:17','0','更新供应商ID为  8 成功！','更新供应商成功'), ('2994','63','更新财务','192.168.100.163','2017-06-26 23:11:17','0','更新财务ID为  44 成功！','更新财务成功'), ('2995','63','更新财务','192.168.100.163','2017-06-26 23:16:35','0','更新财务ID为  44 成功！','更新财务成功'), ('2996','63','更新供应商预付款','','2017-06-26 23:16:35','0','更新供应商ID为  8 成功！','更新供应商成功'), ('2997','63','登录系统','192.168.100.163','2017-06-26 23:48:42','0','管理用户：jsh 登录系统','jsh 登录系统'), ('2998','63','更新供应商预付款','','2017-06-26 23:49:09','0','更新供应商ID为  8 成功！','更新供应商成功'), ('2999','63','更新财务','192.168.100.163','2017-06-26 23:49:09','0','更新财务ID为  44 成功！','更新财务成功'), ('3000','63','更新财务','192.168.100.163','2017-06-26 23:49:55','0','更新财务ID为  44 成功！','更新财务成功'), ('3001','63','更新供应商预付款','','2017-06-26 23:49:55','0','更新供应商ID为  8 成功！','更新供应商成功'), ('3002','63','登录系统','192.168.100.163','2017-06-26 23:52:46','0','管理用户：jsh 登录系统','jsh 登录系统'), ('3003','63','更新供应商预付款','','2017-06-26 23:53:01','0','更新供应商ID为  8 成功！','更新供应商成功'), ('3004','63','更新财务','192.168.100.163','2017-06-26 23:53:01','0','更新财务ID为  44 成功！','更新财务成功'), ('3005','63','更新财务','192.168.100.163','2017-06-26 23:58:30','0','更新财务ID为  44 成功！','更新财务成功'), ('3006','63','更新供应商预付款','','2017-06-26 23:58:30','0','更新供应商ID为  8 成功！','更新供应商成功'), ('3007','63','登录系统','192.168.100.163','2017-06-27 00:01:58','0','管理用户：jsh 登录系统','jsh 登录系统'), ('3008','63','更新财务','192.168.100.163','2017-06-27 00:02:16','0','更新财务ID为  44 成功！','更新财务成功'), ('3009','63','更新供应商预付款','','2017-06-27 00:02:16','0','更新供应商ID为  8 成功！','更新供应商成功'), ('3010','63','登录系统','192.168.100.163','2017-06-27 00:27:16','0','管理用户：jsh 登录系统','jsh 登录系统'), ('3011','63','更新财务','192.168.100.163','2017-06-27 00:27:23','0','更新财务ID为  44 成功！','更新财务成功'), ('3012','63','更新供应商预付款','','2017-06-27 00:27:23','0','更新供应商ID为  8 成功！','更新供应商成功'), ('3013','63','更新财务','192.168.100.163','2017-06-27 00:27:42','0','更新财务ID为  44 成功！','更新财务成功'), ('3014','63','更新供应商预付款','','2017-06-27 00:27:42','0','更新供应商ID为  8 成功！','更新供应商成功'), ('3015','63','更新供应商','192.168.100.163','2017-06-27 00:28:37','0','更新供应商ID为  8 成功！','更新供应商成功'), ('3016','63','更新财务','192.168.100.163','2017-06-27 00:28:47','0','更新财务ID为  44 成功！','更新财务成功'), ('3017','63','更新供应商预付款','','2017-06-27 00:28:47','0','更新供应商ID为  8 成功！','更新供应商成功'), ('3018','63','更新供应商','192.168.100.163','2017-06-27 00:30:12','0','更新供应商ID为  8 成功！','更新供应商成功'), ('3019','63','更新财务','192.168.100.163','2017-06-27 00:30:28','0','更新财务ID为  44 成功！','更新财务成功'), ('3020','63','保存财务明细','192.168.100.163','2017-06-27 00:30:29','0','保存财务明细对应主表编号为  44 成功！','保存财务明细成功'), ('3021','63','更新供应商预付款','','2017-06-27 00:30:29','0','更新供应商ID为  8 成功！','更新供应商成功');
INSERT INTO `jsh_log` VALUES ('3022','63','更新财务','192.168.100.163','2017-06-27 00:31:29','0','更新财务ID为  44 成功！','更新财务成功'), ('3023','63','更新供应商预付款','','2017-06-27 00:31:29','0','更新供应商ID为  9 成功！','更新供应商成功'), ('3024','63','登录系统','192.168.100.163','2017-06-27 20:43:10','0','管理用户：jsh 登录系统','jsh 登录系统'), ('3025','63','删除财务','192.168.100.163','2017-06-27 21:22:46','0','删除财务ID为  44 成功！','删除财务成功'), ('3026','63','更新供应商预付款','','2017-06-27 21:24:37','0','更新供应商ID为  8 成功！','更新供应商成功'), ('3027','63','增加财务','192.168.100.163','2017-06-27 21:24:37','0','增加财务编号为  asdasd 成功！','增加财务成功'), ('3028','63','保存财务明细','192.168.100.163','2017-06-27 21:24:38','0','保存财务明细对应主表编号为  44 成功！','保存财务明细成功'), ('3029','63','更新供应商预付款','','2017-06-27 21:25:02','0','更新供应商ID为  8 成功！','更新供应商成功'), ('3030','63','更新财务','192.168.100.163','2017-06-27 21:25:02','0','更新财务ID为  44 成功！','更新财务成功'), ('3031','63','保存财务明细','192.168.100.163','2017-06-27 21:25:02','0','保存财务明细对应主表编号为  44 成功！','保存财务明细成功'), ('3032','63','更新供应商预付款','','2017-06-27 21:25:18','0','更新供应商ID为  8 成功！','更新供应商成功'), ('3033','63','更新财务','192.168.100.163','2017-06-27 21:25:18','0','更新财务ID为  44 成功！','更新财务成功'), ('3034','63','保存财务明细','192.168.100.163','2017-06-27 21:25:18','0','保存财务明细对应主表编号为  44 成功！','保存财务明细成功'), ('3035','63','更新供应商预付款','','2017-06-27 21:27:30','0','更新供应商ID为  8 成功！','更新供应商成功'), ('3036','63','增加财务','192.168.100.163','2017-06-27 21:27:30','0','增加财务编号为  545qwe 成功！','增加财务成功'), ('3037','63','保存财务明细','192.168.100.163','2017-06-27 21:27:31','0','保存财务明细对应主表编号为  45 成功！','保存财务明细成功'), ('3038','63','更新供应商预付款','','2017-06-27 21:27:46','0','更新供应商ID为  8 成功！','更新供应商成功'), ('3039','63','更新财务','192.168.100.163','2017-06-27 21:27:46','0','更新财务ID为  45 成功！','更新财务成功'), ('3040','63','保存财务明细','192.168.100.163','2017-06-27 21:27:46','0','保存财务明细对应主表编号为  45 成功！','保存财务明细成功'), ('3041','63','更新供应商预付款','','2017-06-27 21:28:02','0','更新供应商ID为  8 成功！','更新供应商成功'), ('3042','63','更新财务','192.168.100.163','2017-06-27 21:28:02','0','更新财务ID为  45 成功！','更新财务成功'), ('3043','63','保存财务明细','192.168.100.163','2017-06-27 21:28:02','0','保存财务明细对应主表编号为  45 成功！','保存财务明细成功'), ('3044','63','更新供应商预付款','','2017-06-27 21:51:29','0','更新供应商ID为  8 成功！','更新供应商成功'), ('3045','63','删除财务','192.168.100.163','2017-06-27 21:51:29','0','删除财务ID为  44 成功！','删除财务成功'), ('3046','63','更新供应商预付款','','2017-06-27 21:51:56','0','更新供应商ID为  8 成功！','更新供应商成功'), ('3047','63','增加财务','192.168.100.163','2017-06-27 21:51:56','0','增加财务编号为  2314 成功！','增加财务成功'), ('3048','63','保存财务明细','192.168.100.163','2017-06-27 21:51:56','0','保存财务明细对应主表编号为  46 成功！','保存财务明细成功'), ('3049','63','更新供应商预付款','','2017-06-27 22:05:33','0','更新供应商ID为  8 成功！','更新供应商成功'), ('3050','63','删除财务','192.168.100.163','2017-06-27 22:05:33','0','删除财务ID为  46 成功！','删除财务成功'), ('3051','63','批量删除财务','192.168.100.163','2017-06-27 22:05:41','0','批量删除财务ID为  45 成功！','批量删除财务成功'), ('3052','63','更新供应商预付款','','2017-06-27 22:07:07','0','更新供应商ID为  8 成功！','更新供应商成功'), ('3053','63','增加财务','192.168.100.163','2017-06-27 22:07:07','0','增加财务编号为  123412 成功！','增加财务成功'), ('3054','63','保存财务明细','192.168.100.163','2017-06-27 22:07:07','0','保存财务明细对应主表编号为  47 成功！','保存财务明细成功'), ('3055','63','批量删除财务','192.168.100.163','2017-06-27 22:07:24','0','批量删除财务ID为  47 成功！','批量删除财务成功'), ('3056','63','更新供应商预付款','','2017-06-27 22:08:29','0','更新供应商ID为  8 成功！','更新供应商成功'), ('3057','63','增加财务','192.168.100.163','2017-06-27 22:08:29','0','增加财务编号为  12341 成功！','增加财务成功'), ('3058','63','保存财务明细','192.168.100.163','2017-06-27 22:08:29','0','保存财务明细对应主表编号为  48 成功！','保存财务明细成功'), ('3059','63','批量删除财务','192.168.100.163','2017-06-27 22:08:33','0','批量删除财务ID为  48 成功！','批量删除财务成功'), ('3060','63','更新供应商预付款','','2017-06-27 22:11:23','0','更新供应商ID为  8 成功！','更新供应商成功'), ('3061','63','增加财务','192.168.100.163','2017-06-27 22:11:23','0','增加财务编号为  wqeqw 成功！','增加财务成功'), ('3062','63','保存财务明细','192.168.100.163','2017-06-27 22:11:23','0','保存财务明细对应主表编号为  49 成功！','保存财务明细成功'), ('3063','63','批量删除财务','192.168.100.163','2017-06-27 22:15:27','0','批量删除财务ID为  49 成功！','批量删除财务成功'), ('3064','63','更新供应商预付款','','2017-06-27 22:17:18','0','更新供应商ID为  8 成功！','更新供应商成功'), ('3065','63','增加财务','192.168.100.163','2017-06-27 22:17:18','0','增加财务编号为  2342 成功！','增加财务成功'), ('3066','63','保存财务明细','192.168.100.163','2017-06-27 22:17:18','0','保存财务明细对应主表编号为  50 成功！','保存财务明细成功'), ('3067','63','批量删除财务','192.168.100.163','2017-06-27 22:17:30','0','批量删除财务ID为  50 成功！','批量删除财务成功'), ('3068','63','更新供应商预付款','','2017-06-27 22:18:43','0','更新供应商ID为  8 成功！','更新供应商成功'), ('3069','63','增加财务','192.168.100.163','2017-06-27 22:18:43','0','增加财务编号为  324234 成功！','增加财务成功'), ('3070','63','保存财务明细','192.168.100.163','2017-06-27 22:18:43','0','保存财务明细对应主表编号为  51 成功！','保存财务明细成功'), ('3071','63','批量删除财务','192.168.100.163','2017-06-27 22:18:53','0','批量删除财务ID为  51 成功！','批量删除财务成功'), ('3072','63','更新供应商预付款','','2017-06-27 22:20:01','0','更新供应商ID为  8 成功！','更新供应商成功'), ('3073','63','增加财务','192.168.100.163','2017-06-27 22:20:01','0','增加财务编号为  4234 成功！','增加财务成功'), ('3074','63','保存财务明细','192.168.100.163','2017-06-27 22:20:01','0','保存财务明细对应主表编号为  52 成功！','保存财务明细成功'), ('3075','63','批量删除财务','192.168.100.163','2017-06-27 22:20:11','0','批量删除财务ID为  52 成功！','批量删除财务成功'), ('3076','63','更新供应商预付款','','2017-06-27 22:21:43','0','更新供应商ID为  8 成功！','更新供应商成功'), ('3077','63','增加财务','192.168.100.163','2017-06-27 22:21:43','0','增加财务编号为  4223 成功！','增加财务成功'), ('3078','63','保存财务明细','192.168.100.163','2017-06-27 22:21:44','0','保存财务明细对应主表编号为  53 成功！','保存财务明细成功'), ('3079','63','更新供应商预付款','','2017-06-27 22:21:51','0','更新供应商ID为  8 成功！','更新供应商成功'), ('3080','63','批量删除财务','192.168.100.163','2017-06-27 22:21:51','0','批量删除财务ID为  53 成功！','批量删除财务成功'), ('3081','63','更新供应商预付款','','2017-06-27 22:25:31','0','更新供应商ID为  8 成功！','更新供应商成功'), ('3082','63','增加财务','192.168.100.163','2017-06-27 22:25:31','0','增加财务编号为  243423 成功！','增加财务成功'), ('3083','63','保存财务明细','192.168.100.163','2017-06-27 22:25:32','0','保存财务明细对应主表编号为  54 成功！','保存财务明细成功'), ('3084','63','更新供应商预付款','','2017-06-27 22:25:52','0','更新供应商ID为  9 成功！','更新供应商成功'), ('3085','63','增加财务','192.168.100.163','2017-06-27 22:25:52','0','增加财务编号为  2134124 成功！','增加财务成功'), ('3086','63','保存财务明细','192.168.100.163','2017-06-27 22:25:52','0','保存财务明细对应主表编号为  55 成功！','保存财务明细成功'), ('3087','63','增加财务','192.168.100.163','2017-06-27 22:26:12','0','增加财务编号为  42342 成功！','增加财务成功'), ('3088','63','更新供应商预付款','','2017-06-27 22:26:12','0','更新供应商ID为  8 成功！','更新供应商成功'), ('3089','63','保存财务明细','192.168.100.163','2017-06-27 22:26:12','0','保存财务明细对应主表编号为  56 成功！','保存财务明细成功'), ('3090','63','更新供应商预付款','','2017-06-27 22:26:21','0','更新供应商ID为  8 成功！','更新供应商成功'), ('3091','63','更新供应商预付款','','2017-06-27 22:26:21','0','更新供应商ID为  9 成功！','更新供应商成功'), ('3092','63','更新供应商预付款','','2017-06-27 22:26:21','0','更新供应商ID为  8 成功！','更新供应商成功'), ('3093','63','批量删除财务','192.168.100.163','2017-06-27 22:26:21','0','批量删除财务ID为  56,55,54 成功！','批量删除财务成功'), ('3094','63','登录系统','192.168.100.163','2017-06-27 23:37:21','0','管理用户：jsh 登录系统','jsh 登录系统'), ('3095','63','更新供应商预付款','','2017-06-27 23:38:10','0','更新供应商ID为  8 成功！','更新供应商成功'), ('3096','63','增加财务','192.168.100.163','2017-06-27 23:38:10','0','增加财务编号为  2342134 成功！','增加财务成功'), ('3097','63','保存财务明细','192.168.100.163','2017-06-27 23:38:10','0','保存财务明细对应主表编号为  57 成功！','保存财务明细成功'), ('3098','63','增加仓管通','192.168.100.163','2017-06-27 23:38:45','0','增加仓管通编号为  LSCK20170627233726 成功！','增加仓管通成功'), ('3099','63','保存仓管通明细','192.168.100.163','2017-06-27 23:38:45','0','保存仓管通明细对应主表编号为  93 成功！','保存仓管通明细成功'), ('3100','63','更新供应商预付款','','2017-06-27 23:38:45','0','更新供应商ID为  8 成功！','更新供应商成功'), ('3101','63','登录系统','127.0.0.1','2017-06-28 20:48:57','0','管理用户：jsh 登录系统','jsh 登录系统'), ('3102','63','登录系统','192.168.100.163','2017-06-28 21:06:07','0','管理用户：jsh 登录系统','jsh 登录系统'), ('3103','63','登录系统','192.168.100.163','2017-06-28 21:22:18','0','管理用户：jsh 登录系统','jsh 登录系统'), ('3104','63','更新仓管通','192.168.100.163','2017-06-28 21:24:37','0','更新仓管通ID为  92 成功！','更新仓管通成功'), ('3105','63','登录系统','192.168.100.163','2017-06-28 21:27:29','0','管理用户：jsh 登录系统','jsh 登录系统'), ('3106','63','登录系统','192.168.100.163','2017-06-28 22:25:40','0','管理用户：jsh 登录系统','jsh 登录系统'), ('3107','63','增加仓管通','192.168.100.163','2017-06-28 22:42:13','0','增加仓管通编号为  LSCK20170628224159 成功！','增加仓管通成功'), ('3108','63','保存仓管通明细','192.168.100.163','2017-06-28 22:42:13','0','保存仓管通明细对应主表编号为  94 成功！','保存仓管通明细成功'), ('3109','63','更新供应商预付款','','2017-06-28 22:42:13','0','更新供应商ID为  8 成功！','更新供应商成功'), ('3110','63','更新仓管通','192.168.100.163','2017-06-28 23:01:02','0','更新仓管通ID为  94 成功！','更新仓管通成功'), ('3111','63','保存仓管通明细','192.168.100.163','2017-06-28 23:01:02','0','保存仓管通明细对应主表编号为  94 成功！','保存仓管通明细成功'), ('3112','63','更新仓管通','192.168.100.163','2017-06-28 23:03:05','0','更新仓管通ID为  94 成功！','更新仓管通成功'), ('3113','63','保存仓管通明细','192.168.100.163','2017-06-28 23:03:05','0','保存仓管通明细对应主表编号为  94 成功！','保存仓管通明细成功'), ('3114','63','更新仓管通','192.168.100.163','2017-06-28 23:03:57','0','更新仓管通ID为  94 成功！','更新仓管通成功'), ('3115','63','保存仓管通明细','192.168.100.163','2017-06-28 23:03:58','0','保存仓管通明细对应主表编号为  94 成功！','保存仓管通明细成功'), ('3116','63','更新仓管通','192.168.100.163','2017-06-28 23:05:41','0','更新仓管通ID为  94 成功！','更新仓管通成功'), ('3117','63','保存仓管通明细','192.168.100.163','2017-06-28 23:05:41','0','保存仓管通明细对应主表编号为  94 成功！','保存仓管通明细成功'), ('3118','63','增加仓管通','192.168.100.163','2017-06-28 23:06:34','0','增加仓管通编号为  LSCK2017062823614 成功！','增加仓管通成功'), ('3119','63','保存仓管通明细','192.168.100.163','2017-06-28 23:06:34','0','保存仓管通明细对应主表编号为  95 成功！','保存仓管通明细成功'), ('3120','63','更新供应商预付款','','2017-06-28 23:06:35','0','更新供应商ID为  8 成功！','更新供应商成功'), ('3121','63','更新仓管通','192.168.100.163','2017-06-28 23:07:07','0','更新仓管通ID为  95 成功！','更新仓管通成功');
INSERT INTO `jsh_log` VALUES ('3122','63','更新仓管通','192.168.100.163','2017-06-28 23:08:46','0','更新仓管通ID为  95 成功！','更新仓管通成功'), ('3123','63','更新供应商预付款','','2017-06-28 23:08:46','0','更新供应商ID为  8 成功！','更新供应商成功'), ('3124','63','保存仓管通明细','192.168.100.163','2017-06-28 23:08:47','0','保存仓管通明细对应主表编号为  95 成功！','保存仓管通明细成功'), ('3125','63','更新仓管通','192.168.100.163','2017-06-28 23:09:07','0','更新仓管通ID为  95 成功！','更新仓管通成功'), ('3126','63','更新供应商预付款','','2017-06-28 23:09:07','0','更新供应商ID为  8 成功！','更新供应商成功'), ('3127','63','保存仓管通明细','192.168.100.163','2017-06-28 23:09:07','0','保存仓管通明细对应主表编号为  95 成功！','保存仓管通明细成功'), ('3128','63','更新仓管通','192.168.100.163','2017-06-28 23:10:12','0','更新仓管通ID为  95 成功！','更新仓管通成功'), ('3129','63','更新供应商预付款','','2017-06-28 23:10:12','0','更新供应商ID为  8 成功！','更新供应商成功'), ('3130','63','保存仓管通明细','192.168.100.163','2017-06-28 23:10:12','0','保存仓管通明细对应主表编号为  95 成功！','保存仓管通明细成功'), ('3131','63','更新供应商预付款','','2017-06-28 23:21:07','0','更新供应商ID为  8 成功！','更新供应商成功'), ('3132','63','删除仓管通','192.168.100.163','2017-06-28 23:21:07','0','删除仓管通ID为  95 成功！','删除仓管通成功'), ('3133','63','批量删除仓管通','192.168.100.163','2017-06-28 23:32:12','0','批量删除仓管通ID为  94,93 成功！','批量删除仓管通成功'), ('3134','63','增加仓管通','192.168.100.163','2017-06-28 23:35:41','0','增加仓管通编号为  LSCK20170628233445 成功！','增加仓管通成功'), ('3135','63','更新供应商预付款','','2017-06-28 23:35:41','0','更新供应商ID为  8 成功！','更新供应商成功'), ('3136','63','保存仓管通明细','192.168.100.163','2017-06-28 23:35:41','0','保存仓管通明细对应主表编号为  96 成功！','保存仓管通明细成功'), ('3137','63','更新供应商预付款','','2017-06-28 23:36:03','0','更新供应商ID为  8 成功！','更新供应商成功'), ('3138','63','批量删除仓管通','192.168.100.163','2017-06-28 23:36:03','0','批量删除仓管通ID为  96 成功！','批量删除仓管通成功'), ('3139','63','增加仓管通','192.168.100.163','2017-06-28 23:36:27','0','增加仓管通编号为  LSCK20170628233610 成功！','增加仓管通成功'), ('3140','63','更新供应商预付款','','2017-06-28 23:36:27','0','更新供应商ID为  8 成功！','更新供应商成功'), ('3141','63','保存仓管通明细','192.168.100.163','2017-06-28 23:36:27','0','保存仓管通明细对应主表编号为  97 成功！','保存仓管通明细成功'), ('3142','63','增加仓管通','192.168.100.163','2017-06-28 23:36:47','0','增加仓管通编号为  LSCK20170628233636 成功！','增加仓管通成功'), ('3143','63','更新供应商预付款','','2017-06-28 23:36:48','0','更新供应商ID为  8 成功！','更新供应商成功'), ('3144','63','保存仓管通明细','192.168.100.163','2017-06-28 23:36:48','0','保存仓管通明细对应主表编号为  98 成功！','保存仓管通明细成功'), ('3145','63','更新供应商预付款','','2017-06-28 23:36:59','0','更新供应商ID为  8 成功！','更新供应商成功'), ('3146','63','批量删除仓管通','192.168.100.163','2017-06-28 23:36:59','0','批量删除仓管通ID为  98,97 成功！','批量删除仓管通成功'), ('3147','63','更新供应商预付款','','2017-06-28 23:36:59','0','更新供应商ID为  8 成功！','更新供应商成功'), ('3148','63','增加仓管通','192.168.100.163','2017-06-28 23:37:42','0','增加仓管通编号为  LSCK20170628233725 成功！','增加仓管通成功'), ('3149','63','更新供应商预付款','','2017-06-28 23:37:42','0','更新供应商ID为  8 成功！','更新供应商成功'), ('3150','63','保存仓管通明细','192.168.100.163','2017-06-28 23:37:42','0','保存仓管通明细对应主表编号为  99 成功！','保存仓管通明细成功'), ('3151','63','增加仓管通','192.168.100.163','2017-06-28 23:38:00','0','增加仓管通编号为  LSCK20170628233749 成功！','增加仓管通成功'), ('3152','63','更新供应商预付款','','2017-06-28 23:38:00','0','更新供应商ID为  8 成功！','更新供应商成功'), ('3153','63','保存仓管通明细','192.168.100.163','2017-06-28 23:38:01','0','保存仓管通明细对应主表编号为  100 成功！','保存仓管通明细成功'), ('3154','63','更新供应商预付款','','2017-06-28 23:38:04','0','更新供应商ID为  8 成功！','更新供应商成功'), ('3155','63','删除仓管通','192.168.100.163','2017-06-28 23:38:04','0','删除仓管通ID为  100 成功！','删除仓管通成功'), ('3156','63','批量删除仓管通','192.168.100.163','2017-06-28 23:38:12','0','批量删除仓管通ID为  99 成功！','批量删除仓管通成功'), ('3157','63','更新供应商预付款','','2017-06-28 23:38:12','0','更新供应商ID为  8 成功！','更新供应商成功'), ('3158','63','增加仓管通','192.168.100.163','2017-06-28 23:38:51','0','增加仓管通编号为  LSTH20170628233840 成功！','增加仓管通成功'), ('3159','63','保存仓管通明细','192.168.100.163','2017-06-28 23:38:51','0','保存仓管通明细对应主表编号为  101 成功！','保存仓管通明细成功'), ('3160','63','删除仓管通','192.168.100.163','2017-06-28 23:38:59','0','删除仓管通ID为  101 成功！','删除仓管通成功'), ('3161','63','更新仓管通','192.168.100.163','2017-06-28 23:39:06','0','更新仓管通ID为  81 成功！','更新仓管通成功'), ('3162','63','保存仓管通明细','192.168.100.163','2017-06-28 23:39:06','0','保存仓管通明细对应主表编号为  81 成功！','保存仓管通明细成功'), ('3163','63','更新供应商','192.168.100.163','2017-06-28 23:43:09','0','更新供应商ID为  9 成功！','更新供应商成功'), ('3164','63','增加供应商','192.168.100.163','2017-06-28 23:43:27','0','增加供应商名称为  42134 成功！','增加供应商成功'), ('3165','63','更新供应商','192.168.100.163','2017-06-28 23:43:42','0','更新供应商ID为  10 成功！','更新供应商成功'), ('3166','63','更新供应商','192.168.100.163','2017-06-28 23:43:50','0','更新供应商ID为  10 成功！','更新供应商成功'), ('3167','63','删除供应商','192.168.100.163','2017-06-28 23:43:54','0','删除供应商ID为  10,名称为  42134成功！','删除供应商成功'), ('3168','63','增加仓管通','192.168.100.163','2017-06-28 23:57:15','0','增加仓管通编号为  LSCK2017062823571 成功！','增加仓管通成功'), ('3169','63','更新供应商预付款','','2017-06-28 23:57:15','0','更新供应商ID为  8 成功！','更新供应商成功'), ('3170','63','保存仓管通明细','192.168.100.163','2017-06-28 23:57:15','0','保存仓管通明细对应主表编号为  102 成功！','保存仓管通明细成功'), ('3171','63','更新仓管通','192.168.100.163','2017-06-28 23:57:33','0','更新仓管通ID为  102 成功！','更新仓管通成功'), ('3172','63','更新供应商预付款','','2017-06-28 23:57:33','0','更新供应商ID为  8 成功！','更新供应商成功'), ('3173','63','登录系统','192.168.100.163','2017-06-29 00:00:39','0','管理用户：jsh 登录系统','jsh 登录系统'), ('3174','63','更新供应商预付款','','2017-06-29 00:01:49','0','更新供应商ID为  8 成功！','更新供应商成功'), ('3175','63','删除仓管通','192.168.100.163','2017-06-29 00:01:49','0','删除仓管通ID为  102 成功！','删除仓管通成功'), ('3176','63','增加仓管通','192.168.100.163','2017-06-29 00:02:24','0','增加仓管通编号为  LSCK20170629029 成功！','增加仓管通成功'), ('3177','63','更新供应商预付款','','2017-06-29 00:02:24','0','更新供应商ID为  8 成功！','更新供应商成功'), ('3178','63','保存仓管通明细','192.168.100.163','2017-06-29 00:02:24','0','保存仓管通明细对应主表编号为  103 成功！','保存仓管通明细成功'), ('3179','63','更新仓管通','192.168.100.163','2017-06-29 00:05:40','0','更新仓管通ID为  103 成功！','更新仓管通成功'), ('3180','63','更新仓管通','192.168.100.163','2017-06-29 00:06:10','0','更新仓管通ID为  103 成功！','更新仓管通成功'), ('3181','63','更新供应商预付款','','2017-06-29 00:06:10','0','更新供应商ID为  8 成功！','更新供应商成功'), ('3182','63','增加财务','192.168.100.163','2017-06-29 00:16:41','0','增加财务编号为  SR2017062901617 成功！','增加财务成功'), ('3183','63','保存财务明细','192.168.100.163','2017-06-29 00:16:41','0','保存财务明细对应主表编号为  58 成功！','保存财务明细成功'), ('3184','63','增加财务','192.168.100.163','2017-06-29 00:17:07','0','增加财务编号为  SK2017062901657 成功！','增加财务成功'), ('3185','63','保存财务明细','192.168.100.163','2017-06-29 00:17:07','0','保存财务明细对应主表编号为  59 成功！','保存财务明细成功'), ('3186','63','增加财务','192.168.100.163','2017-06-29 00:17:17','0','增加财务编号为  FK2017062901710 成功！','增加财务成功'), ('3187','63','保存财务明细','192.168.100.163','2017-06-29 00:17:17','0','保存财务明细对应主表编号为  60 成功！','保存财务明细成功'), ('3188','63','更新供应商预付款','','2017-06-29 00:17:28','0','更新供应商ID为  9 成功！','更新供应商成功'), ('3189','63','增加财务','192.168.100.163','2017-06-29 00:17:28','0','增加财务编号为  SYF2017062901721 成功！','增加财务成功'), ('3190','63','保存财务明细','192.168.100.163','2017-06-29 00:17:28','0','保存财务明细对应主表编号为  61 成功！','保存财务明细成功'), ('3191','63','更新财务','192.168.100.163','2017-06-29 00:25:02','0','更新财务ID为  61 成功！','更新财务成功'), ('3192','63','更新供应商预付款','','2017-06-29 00:25:03','0','更新供应商ID为  9 成功！','更新供应商成功'), ('3193','63','登录系统','192.168.100.163','2017-06-29 22:01:20','0','管理用户：jsh 登录系统','jsh 登录系统'), ('3194','63','增加仓管通','192.168.100.163','2017-06-29 22:12:12','1','增加仓管通编号为  CGRK2017062922124 失败！','增加仓管通失败'), ('3195','63','增加仓管通','192.168.100.163','2017-06-29 22:27:01','0','增加仓管通编号为  CGRK20170629222643 成功！','增加仓管通成功'), ('3196','63','更新仓管通','192.168.100.163','2017-06-29 22:27:06','0','更新仓管通ID为  104 成功！','更新仓管通成功'), ('3197','63','更新仓管通','192.168.100.163','2017-06-29 22:27:21','0','更新仓管通ID为  104 成功！','更新仓管通成功'), ('3198','63','删除仓管通','192.168.100.163','2017-06-29 22:27:52','0','删除仓管通ID为  104 成功！','删除仓管通成功'), ('3199','63','增加财务','192.168.100.163','2017-06-29 23:07:07','0','增加财务编号为  SYF2017062923659 成功！','增加财务成功'), ('3200','63','更新供应商预付款','','2017-06-29 23:07:07','0','更新供应商ID为  8 成功！','更新供应商成功'), ('3201','63','删除财务','192.168.100.163','2017-06-29 23:07:11','0','删除财务ID为  62 成功！','删除财务成功'), ('3202','63','更新供应商预付款','','2017-06-29 23:07:11','0','更新供应商ID为  8 成功！','更新供应商成功'), ('3203','63','增加商品','192.168.100.163','2017-06-29 23:12:15','0','增加商品名称为  143 成功！','增加商品成功'), ('3204','63','删除商品','192.168.100.163','2017-06-29 23:12:25','0','删除商品ID为  500 成功！','删除商品成功'), ('3205','63','增加供应商','192.168.100.163','2017-06-29 23:12:41','0','增加供应商名称为  2134234 成功！','增加供应商成功'), ('3206','63','删除供应商','192.168.100.163','2017-06-29 23:12:48','0','删除供应商ID为  10,名称为  2134234成功！','删除供应商成功'), ('3207','63','增加供应商','192.168.100.163','2017-06-29 23:15:01','0','增加供应商名称为  43234 成功！','增加供应商成功'), ('3208','63','删除供应商','192.168.100.163','2017-06-29 23:15:05','0','删除供应商ID为  11,名称为  43234成功！','删除供应商成功'), ('3209','63','增加收支项目','192.168.100.163','2017-06-29 23:15:15','0','增加收支项目名称为  234234 成功！','增加收支项目成功'), ('3210','63','删除收支项目','192.168.100.163','2017-06-29 23:15:17','0','删除收支项目ID为  16,名称为  234234成功！','删除收支项目成功'), ('3211','63','增加收支项目','192.168.100.163','2017-06-29 23:16:26','0','增加收支项目名称为  234234 成功！','增加收支项目成功'), ('3212','63','删除收支项目','192.168.100.163','2017-06-29 23:16:34','0','删除收支项目ID为  17,名称为  234234成功！','删除收支项目成功'), ('3213','63','增加经手人','192.168.100.163','2017-06-29 23:20:19','1','增加经手人名称为  asdf 失败！','增加经手人失败'), ('3214','63','增加经手人','192.168.100.163','2017-06-29 23:20:29','1','增加经手人名称为  fasdfa 失败！','增加经手人失败'), ('3215','63','增加经手人','192.168.100.163','2017-06-29 23:20:32','1','增加经手人名称为  fasdfa 失败！','增加经手人失败'), ('3216','63','增加结算账户','192.168.100.163','2017-06-29 23:20:49','0','增加结算账户名称为  asdf 成功！','增加结算账户成功'), ('3217','63','删除结算账户','192.168.100.163','2017-06-29 23:20:52','0','删除结算账户ID为  10,名称为  asdf成功！','删除结算账户成功'), ('3218','63','增加收支项目','192.168.100.163','2017-06-29 23:21:00','0','增加收支项目名称为  adfasdf 成功！','增加收支项目成功'), ('3219','63','删除收支项目','192.168.100.163','2017-06-29 23:21:02','0','删除收支项目ID为  18,名称为  adfasdf成功！','删除收支项目成功'), ('3220','63','增加经手人','192.168.100.163','2017-06-29 23:21:09','1','增加经手人名称为  adsfadsf 失败！','增加经手人失败'), ('3221','63','增加经手人','192.168.100.163','2017-06-29 23:21:44','1','增加经手人名称为  adsfadsf 失败！','增加经手人失败');
INSERT INTO `jsh_log` VALUES ('3222','63','增加仓管通','192.168.100.163','2017-06-29 23:30:31','0','增加仓管通编号为  XSCK20170629233015 成功！','增加仓管通成功'), ('3223','63','保存仓管通明细','192.168.100.163','2017-06-29 23:30:31','0','保存仓管通明细对应主表编号为  105 成功！','保存仓管通明细成功'), ('3224','63','更新仓管通','192.168.100.163','2017-06-29 23:30:37','0','更新仓管通ID为  105 成功！','更新仓管通成功'), ('3225','63','删除仓管通','192.168.100.163','2017-06-29 23:30:47','0','删除仓管通ID为  105 成功！','删除仓管通成功'), ('3226','63','增加财务','192.168.100.163','2017-06-29 23:31:30','0','增加财务编号为  SR20170629233113 成功！','增加财务成功'), ('3227','63','保存财务明细','192.168.100.163','2017-06-29 23:31:30','0','保存财务明细对应主表编号为  63 成功！','保存财务明细成功'), ('3228','63','删除财务','192.168.100.163','2017-06-29 23:31:34','0','删除财务ID为  63 成功！','删除财务成功'), ('3229','63','增加经手人','192.168.100.163','2017-06-29 23:32:13','0','增加经手人名称为  werwer 成功！','增加经手人成功'), ('3230','63','删除经手人','192.168.100.163','2017-06-29 23:32:16','0','删除经手人ID为  5 成功！','删除经手人成功'), ('3231','63','增加经手人','192.168.100.163','2017-06-29 23:32:19','0','增加经手人名称为  werwrweqr 成功！','增加经手人成功'), ('3232','63','删除经手人','192.168.100.163','2017-06-29 23:32:22','0','删除经手人ID为  6 成功！','删除经手人成功'), ('3233','63','增加角色','192.168.100.163','2017-06-29 23:33:01','0','增加角色名称为  wer 成功！','增加角色成功'), ('3234','63','删除角色','192.168.100.163','2017-06-29 23:33:03','0','删除角色ID为  6 成功！','删除角色成功'), ('3235','63','增加功能','192.168.100.163','2017-06-29 23:35:33','0','增加功能名称为  qweqweqw 成功！','增加功能成功'), ('3236','63','更新功能','192.168.100.163','2017-06-29 23:35:38','0','更新功能ID为  213 成功！','更新功能成功'), ('3237','63','更新功能','192.168.100.163','2017-06-29 23:35:43','0','更新功能ID为  213 成功！','更新功能成功'), ('3238','63','删除功能','192.168.100.163','2017-06-29 23:35:48','0','删除功能ID为  213 成功！','删除功能成功'), ('3239','63','增加经手人','192.168.100.163','2017-06-29 23:40:12','0','增加经手人名称为  adsfasd 成功！','增加经手人成功'), ('3240','63','更新经手人','192.168.100.163','2017-06-29 23:40:16','0','更新经手人ID为  7 成功！','更新经手人成功'), ('3241','63','更新经手人','192.168.100.163','2017-06-29 23:40:19','0','更新经手人ID为  7 成功！','更新经手人成功'), ('3242','63','删除经手人','192.168.100.163','2017-06-29 23:40:22','0','删除经手人ID为  7 成功！','删除经手人成功'), ('3243','63','增加仓库','192.168.100.163','2017-06-29 23:43:47','0','增加仓库名称为  2344 成功！','增加仓库成功'), ('3244','63','删除仓库','192.168.100.163','2017-06-29 23:43:50','0','删除仓库ID为  4 成功！','删除仓库成功'), ('3245','63','????','192.168.100.163','2017-06-30 23:41:08','0','?????jsh ????','jsh ????'), ('3246','63','登录系统','192.168.100.163','2017-06-30 23:43:30','0','管理用户：jsh 登录系统','jsh 登录系统'), ('3247','63','增加供应商','192.168.100.163','2017-06-30 23:44:46','0','增加供应商名称为  1268787965 成功！','增加供应商成功'), ('3248','63','更新供应商','192.168.100.163','2017-06-30 23:45:12','0','更新供应商ID为  10 成功！','更新供应商成功'), ('3249','63','登录系统','192.168.100.163','2017-07-02 19:50:47','0','管理用户：jsh 登录系统','jsh 登录系统'), ('3250','63','增加仓管通','192.168.100.163','2017-07-02 21:39:50','0','增加仓管通编号为  LSCK20170702213926 成功！','增加仓管通成功'), ('3251','63','保存仓管通明细','192.168.100.163','2017-07-02 21:39:50','0','保存仓管通明细对应主表编号为  104 成功！','保存仓管通明细成功'), ('3252','63','增加财务','192.168.100.163','2017-07-02 21:56:57','0','增加财务编号为  SYF20170702215630 成功！','增加财务成功'), ('3253','63','保存财务明细','192.168.100.163','2017-07-02 21:56:57','0','保存财务明细对应主表编号为  62 成功！','保存财务明细成功'), ('3254','63','删除财务','192.168.100.163','2017-07-02 21:57:03','0','删除财务ID为  62 成功！','删除财务成功'), ('3255','63','增加财务','192.168.100.163','2017-07-02 21:57:17','0','增加财务编号为  SYF2017070221578 成功！','增加财务成功'), ('3256','63','保存财务明细','192.168.100.163','2017-07-02 21:57:17','0','保存财务明细对应主表编号为  63 成功！','保存财务明细成功'), ('3257','63','删除财务','192.168.100.163','2017-07-02 21:57:23','0','删除财务ID为  63 成功！','删除财务成功'), ('3258','63','增加财务','192.168.100.163','2017-07-02 21:58:54','0','增加财务编号为  SYF20170702215841 成功！','增加财务成功'), ('3259','63','更新财务','192.168.100.163','2017-07-02 21:59:04','0','更新财务ID为  64 成功！','更新财务成功'), ('3260','63','保存财务明细','192.168.100.163','2017-07-02 21:59:04','0','保存财务明细对应主表编号为  64 成功！','保存财务明细成功'), ('3261','63','删除财务','192.168.100.163','2017-07-02 21:59:21','0','删除财务ID为  64 成功！','删除财务成功'), ('3262','63','增加财务','192.168.100.163','2017-07-02 21:59:53','0','增加财务编号为  SR20170702215937 成功！','增加财务成功'), ('3263','63','保存财务明细','192.168.100.163','2017-07-02 21:59:53','0','保存财务明细对应主表编号为  65 成功！','保存财务明细成功'), ('3264','63','删除财务','192.168.100.163','2017-07-02 21:59:57','0','删除财务ID为  65 成功！','删除财务成功'), ('3265','63','增加财务','192.168.100.163','2017-07-02 22:00:34','0','增加财务编号为  SYF2017070222021 成功！','增加财务成功'), ('3266','63','保存财务明细','192.168.100.163','2017-07-02 22:00:34','0','保存财务明细对应主表编号为  66 成功！','保存财务明细成功'), ('3267','63','删除财务','192.168.100.163','2017-07-02 22:02:01','0','删除财务ID为  66 成功！','删除财务成功'), ('3268','63','增加财务','192.168.100.163','2017-07-02 22:04:28','0','增加财务编号为  SYF2017070222414 成功！','增加财务成功'), ('3269','63','更新供应商预付款','','2017-07-02 22:04:28','0','更新供应商ID为  10 成功！','更新供应商成功'), ('3270','63','保存财务明细','192.168.100.163','2017-07-02 22:04:28','0','保存财务明细对应主表编号为  67 成功！','保存财务明细成功'), ('3271','63','增加供应商','192.168.100.163','2017-07-02 22:04:56','0','增加供应商名称为  2341234 成功！','增加供应商成功'), ('3272','63','删除供应商','192.168.100.163','2017-07-02 22:05:22','0','删除供应商ID为  11,名称为  2341234成功！','删除供应商成功'), ('3273','63','登录系统','192.168.100.163','2017-07-02 22:10:00','0','管理用户：jsh 登录系统','jsh 登录系统'), ('3274','63','增加供应商','192.168.100.163','2017-07-02 22:10:12','0','增加供应商名称为  2131243 成功！','增加供应商成功'), ('3275','63','更新供应商','192.168.100.163','2017-07-02 22:10:16','0','更新供应商ID为  12 成功！','更新供应商成功'), ('3276','63','更新供应商','192.168.100.163','2017-07-02 22:10:19','0','更新供应商ID为  10 成功！','更新供应商成功'), ('3277','63','增加财务','192.168.100.163','2017-07-02 22:10:44','0','增加财务编号为  SYF20170702221030 成功！','增加财务成功'), ('3278','63','保存财务明细','192.168.100.163','2017-07-02 22:10:44','0','保存财务明细对应主表编号为  68 成功！','保存财务明细成功'), ('3279','63','更新供应商预付款','','2017-07-02 22:10:45','0','更新供应商ID为  10 成功！','更新供应商成功'), ('3280','63','删除财务','192.168.100.163','2017-07-02 22:11:17','0','删除财务ID为  68 成功！','删除财务成功'), ('3281','63','更新供应商预付款','','2017-07-02 22:11:17','0','更新供应商ID为  10 成功！','更新供应商成功'), ('3282','63','增加财务','192.168.100.163','2017-07-02 22:11:31','0','增加财务编号为  SYF20170702221121 成功！','增加财务成功'), ('3283','63','保存财务明细','192.168.100.163','2017-07-02 22:11:32','0','保存财务明细对应主表编号为  69 成功！','保存财务明细成功'), ('3284','63','更新供应商预付款','','2017-07-02 22:11:32','0','更新供应商ID为  12 成功！','更新供应商成功'), ('3285','63','更新供应商预付款','','2017-07-02 22:11:40','0','更新供应商ID为  12 成功！','更新供应商成功'), ('3286','63','删除财务','192.168.100.163','2017-07-02 22:11:40','0','删除财务ID为  69 成功！','删除财务成功'), ('3287','63','删除供应商','192.168.100.163','2017-07-02 22:11:46','0','删除供应商ID为  12,名称为  2131243成功！','删除供应商成功'), ('3288','63','增加仓管通','192.168.100.163','2017-07-02 22:13:05','0','增加仓管通编号为  LSTH20170702221248 成功！','增加仓管通成功'), ('3289','63','保存仓管通明细','192.168.100.163','2017-07-02 22:13:05','0','保存仓管通明细对应主表编号为  105 成功！','保存仓管通明细成功'), ('3290','63','登录系统','192.168.100.163','2017-07-02 22:15:54','0','管理用户：jsh 登录系统','jsh 登录系统'), ('3291','63','增加仓管通','192.168.100.163','2017-07-02 23:05:03','0','增加仓管通编号为  LSCK2017070223440 成功！','增加仓管通成功'), ('3292','63','更新供应商预付款','','2017-07-02 23:05:03','0','更新供应商ID为  10 成功！','更新供应商成功'), ('3293','63','保存仓管通明细','192.168.100.163','2017-07-02 23:05:03','0','保存仓管通明细对应主表编号为  106 成功！','保存仓管通明细成功'), ('3294','63','更新供应商预付款','','2017-07-02 23:05:27','0','更新供应商ID为  10 成功！','更新供应商成功'), ('3295','63','删除仓管通','192.168.100.163','2017-07-02 23:05:27','0','删除仓管通ID为  106 成功！','删除仓管通成功'), ('3296','63','登录系统','192.168.100.163','2017-07-03 23:09:22','0','管理用户：jsh 登录系统','jsh 登录系统'), ('3297','63','更新财务','192.168.100.163','2017-07-03 23:22:18','0','更新财务ID为  58 成功！','更新财务成功'), ('3298','63','批量删除财务','192.168.100.163','2017-07-03 23:35:46','0','批量删除财务ID为  58,42,35,34,33,27,26,25,19,12 成功！','批量删除财务成功'), ('3299','63','批量删除财务','192.168.100.163','2017-07-03 23:35:48','0','批量删除财务ID为  9,3 成功！','批量删除财务成功'), ('3300','63','批量删除财务','192.168.100.163','2017-07-03 23:35:52','0','批量删除财务ID为  36,32,28,21,14 成功！','批量删除财务成功'), ('3301','63','批量删除财务','192.168.100.163','2017-07-03 23:35:56','0','批量删除财务ID为  59,43,40,37,29,22,18,15 成功！','批量删除财务成功'), ('3302','63','批量删除财务','192.168.100.163','2017-07-03 23:36:00','0','批量删除财务ID为  60,38,30,23,16 成功！','批量删除财务成功'), ('3303','63','批量删除财务','192.168.100.163','2017-07-03 23:36:05','0','批量删除财务ID为  41,39 成功！','批量删除财务成功'), ('3304','63','增加财务','192.168.100.163','2017-07-03 23:36:36','0','增加财务编号为  SR20170703233610 成功！','增加财务成功'), ('3305','63','保存财务明细','192.168.100.163','2017-07-03 23:36:36','0','保存财务明细对应主表编号为  68 成功！','保存财务明细成功'), ('3306','63','增加财务','192.168.100.163','2017-07-03 23:37:07','0','增加财务编号为  ZC20170703233642 成功！','增加财务成功'), ('3307','63','保存财务明细','192.168.100.163','2017-07-03 23:37:07','0','保存财务明细对应主表编号为  69 成功！','保存财务明细成功'), ('3308','63','删除财务','192.168.100.163','2017-07-03 23:37:34','0','删除财务ID为  69 成功！','删除财务成功'), ('3309','63','增加财务','192.168.100.163','2017-07-03 23:37:54','0','增加财务编号为  ZC20170703233735 成功！','增加财务成功'), ('3310','63','保存财务明细','192.168.100.163','2017-07-03 23:37:54','0','保存财务明细对应主表编号为  70 成功！','保存财务明细成功'), ('3311','63','增加财务','192.168.100.163','2017-07-03 23:39:14','0','增加财务编号为  SK20170703233836 成功！','增加财务成功'), ('3312','63','保存财务明细','192.168.100.163','2017-07-03 23:39:14','0','保存财务明细对应主表编号为  71 成功！','保存财务明细成功'), ('3313','63','增加财务','192.168.100.163','2017-07-03 23:39:26','0','增加财务编号为  FK20170703233852 成功！','增加财务成功'), ('3314','63','保存财务明细','192.168.100.163','2017-07-03 23:39:26','0','保存财务明细对应主表编号为  72 成功！','保存财务明细成功'), ('3315','63','增加财务','192.168.100.163','2017-07-03 23:40:33','0','增加财务编号为  ZZ2017070323403 成功！','增加财务成功'), ('3316','63','保存财务明细','192.168.100.163','2017-07-03 23:40:33','0','保存财务明细对应主表编号为  73 成功！','保存财务明细成功'), ('3317','63','删除财务','192.168.100.163','2017-07-03 23:48:08','0','删除财务ID为  73 成功！','删除财务成功'), ('3318','63','增加财务','192.168.100.163','2017-07-03 23:48:41','0','增加财务编号为  ZZ2017070323489 成功！','增加财务成功'), ('3319','63','保存财务明细','192.168.100.163','2017-07-03 23:48:41','0','保存财务明细对应主表编号为  74 成功！','保存财务明细成功'), ('3320','63','登录系统','192.168.100.163','2017-07-04 00:07:40','0','管理用户：jsh 登录系统','jsh 登录系统'), ('3321','63','增加财务','192.168.100.163','2017-07-04 00:07:57','0','增加财务编号为  FK201707040746 成功！','增加财务成功');
INSERT INTO `jsh_log` VALUES ('3322','63','保存财务明细','192.168.100.163','2017-07-04 00:07:57','0','保存财务明细对应主表编号为  75 成功！','保存财务明细成功'), ('3323','63','登录系统','192.168.100.163','2017-07-04 00:11:46','0','管理用户：jsh 登录系统','jsh 登录系统'), ('3324','63','更新财务','192.168.100.163','2017-07-04 00:12:10','0','更新财务ID为  75 成功！','更新财务成功'), ('3325','63','保存财务明细','192.168.100.163','2017-07-04 00:12:10','0','保存财务明细对应主表编号为  75 成功！','保存财务明细成功'), ('3326','63','登录系统','192.168.100.163','2017-07-04 22:19:08','0','管理用户：jsh 登录系统','jsh 登录系统'), ('3327','63','登录系统','192.168.100.163','2017-07-04 22:24:25','0','管理用户：jsh 登录系统','jsh 登录系统'), ('3328','63','增加财务','192.168.100.163','2017-07-04 22:25:35','0','增加财务编号为  SR20170704222510 成功！','增加财务成功'), ('3329','63','保存财务明细','192.168.100.163','2017-07-04 22:25:35','0','保存财务明细对应主表编号为  76 成功！','保存财务明细成功'), ('3330','63','删除财务','192.168.100.163','2017-07-04 22:25:51','0','删除财务ID为  76 成功！','删除财务成功'), ('3331','63','增加财务','192.168.100.163','2017-07-04 22:26:48','0','增加财务编号为  SR20170704222634 成功！','增加财务成功'), ('3332','63','保存财务明细','192.168.100.163','2017-07-04 22:26:49','0','保存财务明细对应主表编号为  77 成功！','保存财务明细成功'), ('3333','63','更新财务','192.168.100.163','2017-07-04 22:27:27','0','更新财务ID为  77 成功！','更新财务成功'), ('3334','63','保存财务明细','192.168.100.163','2017-07-04 22:27:28','0','保存财务明细对应主表编号为  77 成功！','保存财务明细成功'), ('3335','63','登录系统','192.168.100.163','2017-07-04 22:34:49','0','管理用户：jsh 登录系统','jsh 登录系统'), ('3336','63','登录系统','192.168.100.163','2017-07-04 23:03:30','0','管理用户：jsh 登录系统','jsh 登录系统'), ('3337','63','登录系统','192.168.100.163','2017-07-04 23:15:06','0','管理用户：jsh 登录系统','jsh 登录系统'), ('3338','63','登录系统','192.168.100.163','2017-07-04 23:18:57','0','管理用户：jsh 登录系统','jsh 登录系统'), ('3339','63','登录系统','192.168.100.163','2017-07-04 23:20:43','0','管理用户：jsh 登录系统','jsh 登录系统'), ('3340','63','登录系统','192.168.100.163','2017-07-04 23:29:49','0','管理用户：jsh 登录系统','jsh 登录系统'), ('3341','63','登录系统','192.168.100.163','2017-07-04 23:31:51','0','管理用户：jsh 登录系统','jsh 登录系统'), ('3342','63','更新供应商预付款','','2017-07-04 23:34:26','0','更新供应商ID为  10 成功！','更新供应商成功'), ('3343','63','更新财务','192.168.100.163','2017-07-04 23:34:26','0','更新财务ID为  67 成功！','更新财务成功'), ('3344','63','保存财务明细','192.168.100.163','2017-07-04 23:34:26','0','保存财务明细对应主表编号为  67 成功！','保存财务明细成功'), ('3345','63','更新财务','192.168.100.163','2017-07-04 23:35:20','0','更新财务ID为  61 成功！','更新财务成功'), ('3346','63','更新供应商预付款','','2017-07-04 23:35:20','0','更新供应商ID为  9 成功！','更新供应商成功'), ('3347','63','删除财务','192.168.100.163','2017-07-04 23:37:23','0','删除财务ID为  71 成功！','删除财务成功'), ('3348','63','登录系统','192.168.100.163','2017-07-04 23:40:18','0','管理用户：jsh 登录系统','jsh 登录系统'), ('3349','63','登录系统','192.168.100.163','2017-07-04 23:44:50','0','管理用户：jsh 登录系统','jsh 登录系统'), ('3350','63','更新财务','192.168.100.163','2017-07-04 23:52:12','0','更新财务ID为  67 成功！','更新财务成功'), ('3351','63','更新供应商预付款','','2017-07-04 23:52:12','0','更新供应商ID为  10 成功！','更新供应商成功'), ('3352','63','保存财务明细','192.168.100.163','2017-07-04 23:52:12','0','保存财务明细对应主表编号为  67 成功！','保存财务明细成功'), ('3353','63','登录系统','192.168.100.163','2017-07-05 00:01:56','0','管理用户：jsh 登录系统','jsh 登录系统'), ('3354','63','更新供应商预付款','','2017-07-05 00:03:31','0','更新供应商ID为  9 成功！','更新供应商成功'), ('3355','63','增加财务','192.168.100.163','2017-07-05 00:03:31','0','增加财务编号为  SYF201707050257 成功！','增加财务成功'), ('3356','63','保存财务明细','192.168.100.163','2017-07-05 00:03:31','0','保存财务明细对应主表编号为  78 成功！','保存财务明细成功'), ('3357','63','更新供应商预付款','','2017-07-05 00:07:24','0','更新供应商ID为  9 成功！','更新供应商成功'), ('3358','63','增加财务','192.168.100.163','2017-07-05 00:07:24','0','增加财务编号为  SYF20170705076 成功！','增加财务成功'), ('3359','63','保存财务明细','192.168.100.163','2017-07-05 00:07:25','0','保存财务明细对应主表编号为  79 成功！','保存财务明细成功'), ('3360','63','增加财务','192.168.100.163','2017-07-05 00:08:19','0','增加财务编号为  FK20170705088 成功！','增加财务成功'), ('3361','63','保存财务明细','192.168.100.163','2017-07-05 00:08:19','0','保存财务明细对应主表编号为  80 成功！','保存财务明细成功'), ('3362','63','增加财务','192.168.100.163','2017-07-05 00:08:45','0','增加财务编号为  SK201707050836 成功！','增加财务成功'), ('3363','63','保存财务明细','192.168.100.163','2017-07-05 00:08:46','0','保存财务明细对应主表编号为  81 成功！','保存财务明细成功'), ('3364','63','增加财务','192.168.100.163','2017-07-05 00:09:23','0','增加财务编号为  ZZ201707050910 成功！','增加财务成功'), ('3365','63','保存财务明细','192.168.100.163','2017-07-05 00:09:23','0','保存财务明细对应主表编号为  82 成功！','保存财务明细成功'), ('3366','63','删除财务','192.168.100.163','2017-07-05 00:09:43','0','删除财务ID为  82 成功！','删除财务成功'), ('3367','63','更新商品','192.168.100.163','2017-07-05 00:22:31','0','更新商品ID为  485 成功！','更新商品成功'), ('3368','63','登录系统','192.168.100.163','2017-07-05 00:25:06','0','管理用户：jsh 登录系统','jsh 登录系统'), ('3369','63','登录系统','192.168.100.163','2017-07-05 00:27:10','0','管理用户：jsh 登录系统','jsh 登录系统'), ('3370','63','登录系统','192.168.100.163','2017-07-05 20:53:29','0','管理用户：jsh 登录系统','jsh 登录系统'), ('3371','63','登录系统','192.168.100.163','2017-07-05 22:12:08','0','管理用户：jsh 登录系统','jsh 登录系统'), ('3372','63','增加商品','192.168.100.163','2017-07-05 22:20:01','0','增加商品名称为  棉线 成功！','增加商品成功'), ('3373','63','更新商品','192.168.100.163','2017-07-05 22:20:19','0','更新商品ID为  500 成功！','更新商品成功'), ('3374','63','登录系统','192.168.100.163','2017-07-05 22:24:03','0','管理用户：jsh 登录系统','jsh 登录系统'), ('3375','63','更新商品','192.168.100.163','2017-07-05 22:28:44','0','更新商品ID为  500 成功！','更新商品成功'), ('3376','63','更新商品','192.168.100.163','2017-07-05 22:28:49','0','更新商品ID为  500 成功！','更新商品成功'), ('3377','63','更新商品','192.168.100.163','2017-07-05 22:38:37','0','更新商品ID为  500 成功！','更新商品成功'), ('3378','63','更新商品','192.168.100.163','2017-07-05 22:38:53','0','更新商品ID为  500 成功！','更新商品成功'), ('3379','63','更新商品','192.168.100.163','2017-07-05 22:59:45','0','更新商品ID为  498 成功！','更新商品成功'), ('3380','63','更新商品','192.168.100.163','2017-07-05 22:59:50','0','更新商品ID为  498 成功！','更新商品成功'), ('3381','63','更新商品','192.168.100.163','2017-07-05 23:06:22','0','更新商品ID为  499 成功！','更新商品成功'), ('3382','63','更新商品','192.168.100.163','2017-07-05 23:22:28','0','更新商品ID为  485 成功！','更新商品成功'), ('3383','63','更新商品','192.168.100.163','2017-07-05 23:23:00','0','更新商品ID为  487 成功！','更新商品成功'), ('3384','63','更新商品','192.168.100.163','2017-07-05 23:24:23','0','更新商品ID为  485 成功！','更新商品成功'), ('3385','63','增加仓管通','192.168.100.163','2017-07-05 23:26:46','0','增加仓管通编号为  CGRK20170705232428 成功！','增加仓管通成功'), ('3386','63','保存仓管通明细','192.168.100.163','2017-07-05 23:26:46','0','保存仓管通明细对应主表编号为  106 成功！','保存仓管通明细成功'), ('3387','63','登录系统','192.168.100.163','2017-07-05 23:31:07','0','管理用户：jsh 登录系统','jsh 登录系统'), ('3388','63','登录系统','192.168.100.163','2017-07-05 23:39:44','0','管理用户：jsh 登录系统','jsh 登录系统'), ('3389','63','登录系统','192.168.100.163','2017-07-05 23:55:36','0','管理用户：jsh 登录系统','jsh 登录系统'), ('3390','63','登录系统','192.168.100.164','2017-07-10 22:04:26','0','管理用户：jsh 登录系统','jsh 登录系统'), ('3391','63','增加商品','192.168.100.164','2017-07-10 22:07:48','0','增加商品名称为  测试 成功！','增加商品成功'), ('3392','63','增加仓管通','192.168.100.164','2017-07-10 22:15:45','0','增加仓管通编号为  CGRK2017071022811 成功！','增加仓管通成功'), ('3393','63','保存仓管通明细','192.168.100.164','2017-07-10 22:15:45','0','保存仓管通明细对应主表编号为  107 成功！','保存仓管通明细成功'), ('3394','63','更新仓管通','192.168.100.164','2017-07-10 22:16:05','0','更新仓管通ID为  107 成功！','更新仓管通成功'), ('3395','63','更新仓管通','192.168.100.164','2017-07-10 22:16:59','0','更新仓管通ID为  107 成功！','更新仓管通成功'), ('3396','63','保存仓管通明细','192.168.100.164','2017-07-10 22:17:00','0','保存仓管通明细对应主表编号为  107 成功！','保存仓管通明细成功'), ('3397','63','更新仓管通','192.168.100.164','2017-07-10 22:17:14','0','更新仓管通ID为  107 成功！','更新仓管通成功'), ('3398','63','保存仓管通明细','192.168.100.164','2017-07-10 22:17:14','0','保存仓管通明细对应主表编号为  107 成功！','保存仓管通明细成功'), ('3399','63','更新商品','192.168.100.164','2017-07-10 22:19:24','0','更新商品ID为  501 成功！','更新商品成功'), ('3400','63','增加商品类别','192.168.100.164','2017-07-10 22:45:43','0','增加商品类别名称为  花边二级 成功！','增加商品类别成功'), ('3401','63','增加商品类别','192.168.100.164','2017-07-10 22:46:02','0','增加商品类别名称为  花边三级 成功！','增加商品类别成功'), ('3402','63','更新商品','192.168.100.164','2017-07-10 22:49:59','0','更新商品ID为  485 成功！','更新商品成功'), ('3403','63','更新商品','192.168.100.164','2017-07-10 22:51:50','0','更新商品ID为  487 成功！','更新商品成功'), ('3404','63','更新商品','192.168.100.164','2017-07-10 22:51:57','0','更新商品ID为  487 成功！','更新商品成功'), ('3405','63','更新商品','192.168.100.164','2017-07-10 22:52:02','0','更新商品ID为  487 成功！','更新商品成功'), ('3406','63','更新商品','192.168.100.164','2017-07-10 22:52:07','0','更新商品ID为  487 成功！','更新商品成功'), ('3407','63','更新商品','192.168.100.164','2017-07-10 22:52:09','0','更新商品ID为  487 成功！','更新商品成功'), ('3408','63','更新商品','192.168.100.164','2017-07-10 22:52:31','0','更新商品ID为  500 成功！','更新商品成功'), ('3409','63','更新商品','192.168.100.164','2017-07-10 22:53:05','0','更新商品ID为  501 成功！','更新商品成功'), ('3410','63','登录系统','192.168.100.164','2017-07-10 23:00:38','0','管理用户：jsh 登录系统','jsh 登录系统'), ('3411','63','更新商品','192.168.100.164','2017-07-10 23:00:48','0','更新商品ID为  501 成功！','更新商品成功'), ('3412','63','更新商品','192.168.100.164','2017-07-10 23:00:58','0','更新商品ID为  500 成功！','更新商品成功'), ('3413','63','增加用户','192.168.100.164','2017-07-10 23:35:19','0','增加用户名称为  3123 成功！','增加用户成功'), ('3414','63','删除用户','192.168.100.164','2017-07-10 23:35:25','0','删除用户ID为  66 成功！','删除用户成功'), ('3415','63','登录系统','192.168.100.164','2017-07-11 00:04:47','0','管理用户：jsh 登录系统','jsh 登录系统'), ('3416','63','登录系统','192.168.100.164','2017-07-11 00:10:15','0','管理用户：jsh 登录系统','jsh 登录系统'), ('3417','63','登录系统','192.168.100.164','2017-07-11 00:18:43','0','管理用户：jsh 登录系统','jsh 登录系统'), ('3418','63','登录系统','192.168.100.164','2017-07-11 00:20:48','0','管理用户：jsh 登录系统','jsh 登录系统'), ('3419','63','增加仓管通','192.168.100.164','2017-07-11 00:21:27','0','增加仓管通编号为  CGRK201707110216 成功！','增加仓管通成功'), ('3420','63','保存仓管通明细','192.168.100.164','2017-07-11 00:21:27','0','保存仓管通明细对应主表编号为  108 成功！','保存仓管通明细成功'), ('3421','63','登录系统','192.168.100.164','2017-07-11 00:24:12','0','管理用户：jsh 登录系统','jsh 登录系统');
INSERT INTO `jsh_log` VALUES ('3422','63','登录系统','192.168.100.164','2017-07-11 00:28:16','0','管理用户：jsh 登录系统','jsh 登录系统'), ('3423','63','登录系统','192.168.100.163','2017-07-11 21:45:40','0','管理用户：jsh 登录系统','jsh 登录系统'), ('3424','63','登录系统','192.168.100.163','2017-07-11 21:51:21','0','管理用户：jsh 登录系统','jsh 登录系统'), ('3425','63','登录系统','192.168.100.163','2017-07-11 22:34:04','0','管理用户：jsh 登录系统','jsh 登录系统'), ('3426','63','登录系统','192.168.100.163','2017-07-12 20:46:37','0','管理用户：jsh 登录系统','jsh 登录系统'), ('3427','63','登录系统','192.168.100.163','2017-07-12 21:32:02','0','管理用户：jsh 登录系统','jsh 登录系统'), ('3428','63','增加功能','192.168.100.163','2017-07-12 21:35:58','0','增加功能名称为  礼品卡管理 成功！','增加功能成功'), ('3429','63','更新功能','192.168.100.163','2017-07-12 21:36:09','0','更新功能ID为  213 成功！','更新功能成功'), ('3430','63','更新功能','192.168.100.163','2017-07-12 21:40:48','0','更新功能ID为  213 成功！','更新功能成功'), ('3431','63','更新功能','192.168.100.163','2017-07-12 21:40:56','0','更新功能ID为  213 成功！','更新功能成功'), ('3432','63','更新UserBusiness','192.168.100.163','2017-07-12 21:41:59','0','更新UserBusiness的ID为  5 成功！','更新UserBusiness成功'), ('3433','63','更新功能','192.168.100.163','2017-07-12 21:42:59','0','更新功能ID为  213 成功！','更新功能成功'), ('3434','63','增加仓库','192.168.100.163','2017-07-12 21:51:26','0','增加仓库名称为  1268200294 成功！','增加仓库成功'), ('3435','63','增加仓库','192.168.100.163','2017-07-12 21:51:47','0','增加仓库名称为  1268787965 成功！','增加仓库成功'), ('3436','63','增加仓库','192.168.100.163','2017-07-12 21:52:03','0','增加仓库名称为  1269520625 成功！','增加仓库成功'), ('3437','63','更新仓库','192.168.100.163','2017-07-12 21:52:35','0','更新仓库ID为  4 成功！','更新仓库成功'), ('3438','63','更新仓库','192.168.100.163','2017-07-12 21:52:39','0','更新仓库ID为  6 成功！','更新仓库成功'), ('3439','63','更新仓库','192.168.100.163','2017-07-12 21:52:44','0','更新仓库ID为  5 成功！','更新仓库成功'), ('3440','63','增加功能','192.168.100.163','2017-07-12 22:25:29','0','增加功能名称为  礼品卡充值 成功！','增加功能成功'), ('3441','63','更新功能','192.168.100.163','2017-07-12 22:25:51','0','更新功能ID为  214 成功！','更新功能成功'), ('3442','63','退出系统','192.168.100.163','2017-07-12 22:48:49','0','管理用户：jsh 退出系统','jsh 退出系统'), ('3443','63','登录系统','192.168.100.163','2017-07-12 22:48:54','0','管理用户：jsh 登录系统','jsh 登录系统'), ('3444','63','登录系统','192.168.100.163','2017-07-12 23:34:12','0','管理用户：jsh 登录系统','jsh 登录系统'), ('3445','63','登录系统','192.168.100.163','2017-07-13 00:08:34','0','管理用户：jsh 登录系统','jsh 登录系统'), ('3446','63','登录系统','192.168.100.163','2017-07-13 00:21:22','0','管理用户：jsh 登录系统','jsh 登录系统'), ('3447','63','登录系统','192.168.100.163','2017-07-13 20:19:55','0','管理用户：jsh 登录系统','jsh 登录系统'), ('3448','63','增加供应商','192.168.100.163','2017-07-13 20:25:42','0','增加供应商名称为  2131 成功！','增加供应商成功'), ('3449','63','删除供应商','192.168.100.163','2017-07-13 20:26:00','0','删除供应商ID为  11,名称为  2131成功！','删除供应商成功'), ('3450','63','更新功能','192.168.100.163','2017-07-13 20:53:10','0','更新功能ID为  214 成功！','更新功能成功'), ('3451','63','更新UserBusiness','192.168.100.163','2017-07-13 20:54:17','0','更新UserBusiness的ID为  5 成功！','更新UserBusiness成功'), ('3452','63','增加功能','192.168.100.163','2017-07-13 20:57:40','0','增加功能名称为  礼品卡销售 成功！','增加功能成功'), ('3453','63','更新UserBusiness','192.168.100.163','2017-07-13 20:59:29','0','更新UserBusiness的ID为  5 成功！','更新UserBusiness成功'), ('3454','63','更新功能','192.168.100.163','2017-07-13 21:02:53','0','更新功能ID为  214 成功！','更新功能成功'), ('3455','63','更新功能','192.168.100.163','2017-07-13 21:02:58','0','更新功能ID为  215 成功！','更新功能成功'), ('3456','63','更新功能','192.168.100.163','2017-07-14 00:30:31','0','更新功能ID为  22 成功！','更新功能成功'), ('3457','63','更新功能','192.168.100.163','2017-07-14 00:30:36','0','更新功能ID为  23 成功！','更新功能成功'), ('3458','63','登录系统','192.168.100.163','2017-07-14 01:13:15','0','管理用户：jsh 登录系统','jsh 登录系统'), ('3459','63','增加仓管通','192.168.100.163','2017-07-14 01:19:58','0','增加仓管通编号为  LPCZ2017071411946 成功！','增加仓管通成功'), ('3460','63','保存仓管通明细','192.168.100.163','2017-07-14 01:19:58','0','保存仓管通明细对应主表编号为  109 成功！','保存仓管通明细成功'), ('3461','63','登录系统','192.168.100.163','2017-07-14 21:43:55','0','管理用户：jsh 登录系统','jsh 登录系统'), ('3462','63','增加仓管通','192.168.100.163','2017-07-14 22:15:37','0','增加仓管通编号为  LPCZ20170714215844 成功！','增加仓管通成功'), ('3463','63','保存仓管通明细','192.168.100.163','2017-07-14 22:15:37','0','保存仓管通明细对应主表编号为  110 成功！','保存仓管通明细成功'), ('3464','63','登录系统','192.168.100.163','2017-07-14 23:48:05','0','管理用户：jsh 登录系统','jsh 登录系统'), ('3465','63','增加仓管通','192.168.100.163','2017-07-14 23:51:20','1','增加仓管通编号为  LPXS20170714235110 失败！','增加仓管通失败'), ('3466','63','增加仓管通','192.168.100.163','2017-07-14 23:55:15','1','增加仓管通编号为  LPXS2017071423552 失败！','增加仓管通失败'), ('3467','63','增加仓管通','192.168.100.163','2017-07-15 00:00:55','1','增加仓管通编号为  LPXS201707150047 失败！','增加仓管通失败'), ('3468','63','增加仓管通','192.168.100.163','2017-07-15 00:02:37','0','增加仓管通编号为  LPXS201707150222 成功！','增加仓管通成功'), ('3469','63','保存仓管通明细','192.168.100.163','2017-07-15 00:02:37','0','保存仓管通明细对应主表编号为  111 成功！','保存仓管通明细成功'), ('3470','63','更新仓管通','192.168.100.163','2017-07-15 00:25:12','0','更新仓管通ID为  111 成功！','更新仓管通成功'), ('3471','63','增加仓管通','192.168.100.163','2017-07-15 00:26:30','0','增加仓管通编号为  LPXS2017071502620 成功！','增加仓管通成功'), ('3472','63','保存仓管通明细','192.168.100.163','2017-07-15 00:26:30','0','保存仓管通明细对应主表编号为  112 成功！','保存仓管通明细成功'), ('3473','63','登录系统','192.168.1.105','2017-07-16 10:20:25','0','管理用户：jsh 登录系统','jsh 登录系统'), ('3474','63','增加功能','192.168.1.105','2017-07-16 10:31:05','0','增加功能名称为  礼品卡统计 成功！','增加功能成功'), ('3475','63','更新功能','192.168.1.105','2017-07-16 10:31:16','0','更新功能ID为  216 成功！','更新功能成功'), ('3476','63','更新UserBusiness','192.168.1.105','2017-07-16 10:31:36','0','更新UserBusiness的ID为  5 成功！','更新UserBusiness成功'), ('3477','63','更新功能','192.168.1.105','2017-07-16 10:35:28','0','更新功能ID为  216 成功！','更新功能成功'), ('3478','63','登录系统','192.168.1.105','2017-07-16 11:59:21','0','管理用户：jsh 登录系统','jsh 登录系统'), ('3479','63','登录系统','192.168.1.105','2017-07-16 13:15:50','0','管理用户：jsh 登录系统','jsh 登录系统'), ('3480','63','更新商品','192.168.1.105','2017-07-16 13:17:13','0','更新商品ID为  498 成功！','更新商品成功'), ('3481','63','更新商品','192.168.1.105','2017-07-16 13:17:19','0','更新商品ID为  499 成功！','更新商品成功'), ('3482','63','登录系统','192.168.1.105','2017-07-16 13:22:31','0','管理用户：jsh 登录系统','jsh 登录系统'), ('3483','63','登录系统','192.168.1.105','2017-07-16 13:41:35','0','管理用户：jsh 登录系统','jsh 登录系统'), ('3484','63','登录系统','192.168.100.163','2017-07-16 18:36:45','0','管理用户：jsh 登录系统','jsh 登录系统'), ('3485','63','登录系统','192.168.100.163','2017-07-16 18:50:17','0','管理用户：jsh 登录系统','jsh 登录系统'), ('3486','63','登录系统','192.168.100.163','2017-07-16 19:35:23','0','管理用户：jsh 登录系统','jsh 登录系统'), ('3487','63','增加仓管通','192.168.100.163','2017-07-16 19:40:50','0','增加仓管通编号为  CGRK20170716194037 成功！','增加仓管通成功'), ('3488','63','保存仓管通明细','192.168.100.163','2017-07-16 19:40:50','0','保存仓管通明细对应主表编号为  113 成功！','保存仓管通明细成功'), ('3489','63','增加仓管通','192.168.100.163','2017-07-16 19:57:43','0','增加仓管通编号为  LPCZ20170716195720 成功！','增加仓管通成功'), ('3490','63','保存仓管通明细','192.168.100.163','2017-07-16 19:57:43','0','保存仓管通明细对应主表编号为  114 成功！','保存仓管通明细成功'), ('3491','63','登录系统','192.168.100.163','2017-07-16 20:11:56','0','管理用户：jsh 登录系统','jsh 登录系统'), ('3492','63','登录系统','192.168.100.163','2017-07-16 20:14:42','0','管理用户：jsh 登录系统','jsh 登录系统'), ('3493','63','删除仓管通','192.168.100.163','2017-07-16 20:23:49','0','删除仓管通ID为  63 成功！','删除仓管通成功'), ('3494','63','删除仓管通','192.168.100.163','2017-07-16 20:23:58','0','删除仓管通ID为  109 成功！','删除仓管通成功'), ('3495','63','更新仓管通','192.168.100.163','2017-07-16 20:25:05','0','更新仓管通ID为  110 成功！','更新仓管通成功'), ('3496','63','保存仓管通明细','192.168.100.163','2017-07-16 20:25:05','0','保存仓管通明细对应主表编号为  110 成功！','保存仓管通明细成功'), ('3497','63','更新仓管通','192.168.100.163','2017-07-16 20:25:18','0','更新仓管通ID为  110 成功！','更新仓管通成功'), ('3498','63','更新仓管通','192.168.100.163','2017-07-16 20:25:39','0','更新仓管通ID为  114 成功！','更新仓管通成功'), ('3499','63','保存仓管通明细','192.168.100.163','2017-07-16 20:25:39','0','保存仓管通明细对应主表编号为  114 成功！','保存仓管通明细成功'), ('3500','63','更新仓管通','192.168.100.163','2017-07-16 20:30:14','0','更新仓管通ID为  114 成功！','更新仓管通成功'), ('3501','63','增加仓管通','192.168.100.163','2017-07-16 20:30:39','0','增加仓管通编号为  LPCZ20170716203027 成功！','增加仓管通成功'), ('3502','63','保存仓管通明细','192.168.100.163','2017-07-16 20:30:39','0','保存仓管通明细对应主表编号为  115 成功！','保存仓管通明细成功'), ('3503','63','登录系统','192.168.100.163','2017-07-16 20:40:54','0','管理用户：jsh 登录系统','jsh 登录系统'), ('3504','63','登录系统','192.168.100.163','2017-07-16 20:53:32','0','管理用户：jsh 登录系统','jsh 登录系统'), ('3505','63','登录系统','192.168.100.163','2017-07-16 21:54:57','0','管理用户：jsh 登录系统','jsh 登录系统'), ('3506','63','更新商品','192.168.100.163','2017-07-16 21:56:17','0','更新商品ID为  498 成功！','更新商品成功'), ('3507','63','更新商品','192.168.100.163','2017-07-16 21:56:27','0','更新商品ID为  498 成功！','更新商品成功'), ('3508','63','增加仓管通','192.168.100.163','2017-07-16 22:21:10','0','增加仓管通编号为  LPXS20170716222058 成功！','增加仓管通成功'), ('3509','63','保存仓管通明细','192.168.100.163','2017-07-16 22:21:11','0','保存仓管通明细对应主表编号为  116 成功！','保存仓管通明细成功'), ('3510','63','更新供应商','192.168.100.163','2017-07-16 22:46:14','0','更新供应商ID为  4 成功！','更新供应商成功'), ('3511','63','登录系统','192.168.100.163','2017-07-17 00:09:23','0','管理用户：jsh 登录系统','jsh 登录系统'), ('3512','63','登录系统','192.168.100.163','2017-07-17 00:21:10','0','管理用户：jsh 登录系统','jsh 登录系统'), ('3513','63','增加仓管通','192.168.100.163','2017-07-17 00:25:20','0','增加仓管通编号为  LPXS201707170259 成功！','增加仓管通成功'), ('3514','63','保存仓管通明细','192.168.100.163','2017-07-17 00:25:21','0','保存仓管通明细对应主表编号为  117 成功！','保存仓管通明细成功'), ('3515','63','更新仓管通','192.168.100.163','2017-07-17 00:26:20','0','更新仓管通ID为  117 成功！','更新仓管通成功'), ('3516','63','保存仓管通明细','192.168.100.163','2017-07-17 00:26:21','0','保存仓管通明细对应主表编号为  117 成功！','保存仓管通明细成功'), ('3517','63','增加仓管通','192.168.100.163','2017-07-17 00:28:38','0','增加仓管通编号为  LSCK2017071702826 成功！','增加仓管通成功'), ('3518','63','更新供应商预付款','','2017-07-17 00:28:38','0','更新供应商ID为  8 成功！','更新供应商成功'), ('3519','63','保存仓管通明细','192.168.100.163','2017-07-17 00:28:38','0','保存仓管通明细对应主表编号为  118 成功！','保存仓管通明细成功'), ('3520','63','增加仓管通','192.168.100.163','2017-07-17 00:28:58','0','增加仓管通编号为  XSCK2017071702842 成功！','增加仓管通成功'), ('3521','63','保存仓管通明细','192.168.100.163','2017-07-17 00:28:58','0','保存仓管通明细对应主表编号为  119 成功！','保存仓管通明细成功');
INSERT INTO `jsh_log` VALUES ('3522','63','登录系统','192.168.100.163','2017-07-17 00:46:57','0','管理用户：jsh 登录系统','jsh 登录系统'), ('3523','63','登录系统','192.168.100.163','2017-07-17 22:33:34','0','管理用户：jsh 登录系统','jsh 登录系统'), ('3524','63','退出系统','192.168.100.163','2017-07-17 22:33:49','0','管理用户：jsh 退出系统','jsh 退出系统'), ('3525','63','登录系统','192.168.100.163','2017-07-17 22:33:53','0','管理用户：jsh 登录系统','jsh 登录系统'), ('3526','63','登录系统','192.168.100.163','2017-07-17 22:52:00','0','管理用户：jsh 登录系统','jsh 登录系统'), ('3527','63','更新功能','192.168.100.163','2017-07-17 22:59:47','0','更新功能ID为  25 成功！','更新功能成功'), ('3528','63','更新功能','192.168.100.163','2017-07-17 23:00:56','0','更新功能ID为  25 成功！','更新功能成功'), ('3529','63','增加功能','192.168.100.163','2017-07-17 23:02:24','0','增加功能名称为  客户管理 成功！','增加功能成功'), ('3530','63','增加功能','192.168.100.163','2017-07-17 23:03:09','0','增加功能名称为  会员信息 成功！','增加功能成功'), ('3531','63','更新功能','192.168.100.163','2017-07-17 23:03:35','0','更新功能ID为  217 成功！','更新功能成功'), ('3532','63','更新UserBusiness','192.168.100.163','2017-07-17 23:03:51','0','更新UserBusiness的ID为  5 成功！','更新UserBusiness成功'), ('3533','63','更新供应商','192.168.100.163','2017-07-17 23:54:58','0','更新供应商ID为  4 成功！','更新供应商成功'), ('3534','63','更新供应商','192.168.100.163','2017-07-17 23:55:06','0','更新供应商ID为  4 成功！','更新供应商成功'), ('3535','63','更新供应商','192.168.100.163','2017-07-17 23:55:15','0','更新供应商ID为  10 成功！','更新供应商成功'), ('3536','63','更新供应商','192.168.100.163','2017-07-17 23:55:17','0','更新供应商ID为  9 成功！','更新供应商成功'), ('3537','63','更新供应商','192.168.100.163','2017-07-17 23:55:23','0','更新供应商ID为  9 成功！','更新供应商成功'), ('3538','63','更新供应商','192.168.100.163','2017-07-17 23:55:30','0','更新供应商ID为  9 成功！','更新供应商成功'), ('3539','63','更新供应商','192.168.100.163','2017-07-17 23:55:35','0','更新供应商ID为  9 成功！','更新供应商成功'), ('3540','63','增加供应商','192.168.100.163','2017-07-18 00:22:21','0','增加供应商名称为  2342 成功！','增加供应商成功'), ('3541','63','更新供应商','192.168.100.163','2017-07-18 00:22:32','0','更新供应商ID为  11 成功！','更新供应商成功'), ('3542','63','删除供应商','192.168.100.163','2017-07-18 00:22:35','0','删除供应商ID为  11,名称为  2342111成功！','删除供应商成功'), ('3543','63','更新应用','192.168.100.163','2017-07-18 00:27:29','0','更新应用ID为  8 成功！','更新应用成功'), ('3544','63','更新应用','192.168.100.163','2017-07-18 00:28:40','0','更新应用ID为  8 成功！','更新应用成功'), ('3545','63','更新应用','192.168.100.163','2017-07-18 00:28:44','0','更新应用ID为  21 成功！','更新应用成功'), ('3546','63','更新应用','192.168.100.163','2017-07-18 00:28:51','0','更新应用ID为  22 成功！','更新应用成功'), ('3547','63','更新应用','192.168.100.163','2017-07-18 00:28:55','0','更新应用ID为  7 成功！','更新应用成功'), ('3548','63','更新应用','192.168.100.163','2017-07-18 00:29:00','0','更新应用ID为  20 成功！','更新应用成功'), ('3549','63','更新应用','192.168.100.163','2017-07-18 00:29:07','0','更新应用ID为  20 成功！','更新应用成功'), ('3550','63','更新应用','192.168.100.163','2017-07-18 00:29:15','0','更新应用ID为  3 成功！','更新应用成功'), ('3551','63','更新应用','192.168.100.163','2017-07-18 00:29:20','0','更新应用ID为  20 成功！','更新应用成功'), ('3552','63','登录系统','192.168.100.163','2017-07-18 21:01:40','0','管理用户：jsh 登录系统','jsh 登录系统'), ('3553','63','登录系统','192.168.100.163','2017-07-18 22:02:05','0','管理用户：jsh 登录系统','jsh 登录系统'), ('3554','63','登录系统','192.168.100.163','2017-07-18 22:17:35','0','管理用户：jsh 登录系统','jsh 登录系统'), ('3555','63','增加供应商','192.168.100.163','2017-07-18 22:26:05','0','增加供应商名称为  321312 成功！','增加供应商成功'), ('3556','63','删除供应商','192.168.100.163','2017-07-18 22:26:09','0','删除供应商ID为  11,名称为  321312成功！','删除供应商成功'), ('3557','63','增加供应商','192.168.100.163','2017-07-18 22:57:08','0','增加供应商名称为  4123 成功！','增加供应商成功'), ('3558','63','删除供应商','192.168.100.163','2017-07-18 22:58:44','0','删除供应商ID为  12,名称为  4123成功！','删除供应商成功'), ('3559','63','增加供应商','192.168.100.163','2017-07-18 22:59:13','0','增加供应商名称为  234 成功！','增加供应商成功'), ('3560','63','增加供应商','','2017-07-18 23:00:14','0','增加供应商名称为  2423423 成功！','增加供应商成功'), ('3561','63','增加供应商','','2017-07-18 23:00:22','0','增加供应商名称为  23423423 成功！','增加供应商成功'), ('3562','63','删除供应商','192.168.100.163','2017-07-18 23:00:31','0','删除供应商ID为  14,名称为  2423423成功！','删除供应商成功'), ('3563','63','删除供应商','192.168.100.163','2017-07-18 23:00:33','0','删除供应商ID为  15,名称为  23423423成功！','删除供应商成功'), ('3564','63','增加供应商','','2017-07-18 23:00:51','0','增加供应商名称为  2342123 成功！','增加供应商成功'), ('3565','63','增加供应商','','2017-07-18 23:01:54','0','增加供应商名称为  123 成功！','增加供应商成功'), ('3566','63','增加供应商','192.168.100.163','2017-07-18 23:06:23','0','增加供应商名称为  342 成功！','增加供应商成功'), ('3567','63','删除供应商','192.168.100.163','2017-07-18 23:06:56','0','删除供应商ID为  17,名称为  123成功！','删除供应商成功'), ('3568','63','删除供应商','192.168.100.163','2017-07-18 23:06:59','0','删除供应商ID为  19,名称为  342成功！','删除供应商成功'), ('3569','63','增加供应商','192.168.100.163','2017-07-18 23:07:14','0','增加供应商名称为  23423423 成功！','增加供应商成功'), ('3570','63','增加供应商','192.168.100.163','2017-07-18 23:10:50','0','增加供应商名称为  erqwer 成功！','增加供应商成功'), ('3571','63','增加供应商','192.168.100.163','2017-07-18 23:12:02','0','增加供应商名称为  2235254 成功！','增加供应商成功'), ('3572','63','删除供应商','192.168.100.163','2017-07-18 23:12:10','0','删除供应商ID为  22,名称为  2235254成功！','删除供应商成功'), ('3573','63','删除供应商','192.168.100.163','2017-07-18 23:12:12','0','删除供应商ID为  21,名称为  erqwer成功！','删除供应商成功'), ('3574','63','增加供应商','192.168.100.163','2017-07-18 23:12:17','0','增加供应商名称为  234345234 成功！','增加供应商成功'), ('3575','63','增加供应商','192.168.100.163','2017-07-18 23:12:59','0','增加供应商名称为  23234234 成功！','增加供应商成功'), ('3576','63','增加供应商','','2017-07-18 23:13:18','0','增加供应商名称为   成功！','增加供应商成功'), ('3577','63','登录系统','192.168.100.163','2017-07-18 23:16:27','0','管理用户：jsh 登录系统','jsh 登录系统'), ('3578','63','增加供应商','192.168.100.163','2017-07-18 23:16:49','0','增加供应商名称为  12341234 成功！','增加供应商成功'), ('3579','63','增加供应商','192.168.100.163','2017-07-18 23:19:48','0','增加供应商名称为  21341231234 成功！','增加供应商成功'), ('3580','63','删除供应商','192.168.100.163','2017-07-18 23:19:55','0','删除供应商ID为  27,名称为  21341231234成功！','删除供应商成功'), ('3581','63','删除供应商','192.168.100.163','2017-07-18 23:19:56','0','删除供应商ID为  26,名称为  12341234成功！','删除供应商成功'), ('3582','63','删除供应商','192.168.100.163','2017-07-18 23:19:58','0','删除供应商ID为  24,名称为  23234234成功！','删除供应商成功'), ('3583','63','增加供应商','192.168.100.163','2017-07-18 23:20:40','0','增加供应商名称为  42314 成功！','增加供应商成功'), ('3584','63','增加供应商','192.168.100.163','2017-07-18 23:21:11','0','增加供应商名称为  1234123412 成功！','增加供应商成功'), ('3585','63','增加供应商','192.168.100.163','2017-07-18 23:22:00','0','增加供应商名称为  213424 成功！','增加供应商成功'), ('3586','63','删除供应商','192.168.100.163','2017-07-18 23:22:11','0','删除供应商ID为  30,名称为  213424成功！','删除供应商成功'), ('3587','63','增加供应商','192.168.100.163','2017-07-18 23:24:06','0','增加供应商名称为  werwer 成功！','增加供应商成功'), ('3588','63','删除供应商','192.168.100.163','2017-07-18 23:24:17','0','删除供应商ID为  31,名称为  werwer成功！','删除供应商成功'), ('3589','63','增加供应商','192.168.100.163','2017-07-18 23:24:49','0','增加供应商名称为  123412 成功！','增加供应商成功'), ('3590','63','增加供应商','192.168.100.163','2017-07-18 23:28:05','0','增加供应商名称为  32423423 成功！','增加供应商成功'), ('3591','63','增加供应商','192.168.100.163','2017-07-18 23:30:37','0','增加供应商名称为  asdfasdf 成功！','增加供应商成功'), ('3592','63','增加供应商','192.168.100.163','2017-07-18 23:32:52','0','增加供应商名称为  432432345 成功！','增加供应商成功'), ('3593','63','删除供应商','192.168.100.163','2017-07-18 23:32:55','0','删除供应商ID为  35,名称为  432432345成功！','删除供应商成功'), ('3594','63','增加供应商','192.168.100.163','2017-07-18 23:32:59','0','增加供应商名称为  3452345234 成功！','增加供应商成功'), ('3595','63','删除供应商','192.168.100.163','2017-07-18 23:33:02','0','删除供应商ID为  36,名称为  3452345234成功！','删除供应商成功'), ('3596','63','删除供应商','192.168.100.163','2017-07-18 23:34:07','0','删除供应商ID为  34,名称为  asdfasdf成功！','删除供应商成功'), ('3597','63','删除供应商','192.168.100.163','2017-07-18 23:34:08','0','删除供应商ID为  33,名称为  32423423成功！','删除供应商成功'), ('3598','63','删除供应商','192.168.100.163','2017-07-18 23:34:09','0','删除供应商ID为  32,名称为  123412成功！','删除供应商成功'), ('3599','63','删除供应商','192.168.100.163','2017-07-18 23:34:09','0','删除供应商ID为  29,名称为  1234123412成功！','删除供应商成功'), ('3600','63','删除供应商','192.168.100.163','2017-07-18 23:34:10','0','删除供应商ID为  28,名称为  42314成功！','删除供应商成功'), ('3601','63','删除供应商','192.168.100.163','2017-07-18 23:34:11','0','删除供应商ID为  23,名称为  234345234成功！','删除供应商成功'), ('3602','63','删除供应商','192.168.100.163','2017-07-18 23:34:11','0','删除供应商ID为  20,名称为  23423423成功！','删除供应商成功'), ('3603','63','增加供应商','192.168.100.163','2017-07-18 23:34:43','0','增加供应商名称为  aaaaaaa 成功！','增加供应商成功'), ('3604','63','登录系统','192.168.100.163','2017-07-18 23:38:15','0','管理用户：jsh 登录系统','jsh 登录系统'), ('3605','63','增加供应商','192.168.100.163','2017-07-18 23:38:28','0','增加供应商名称为  bbbb 成功！','增加供应商成功'), ('3606','63','删除供应商','192.168.100.163','2017-07-18 23:38:32','0','删除供应商ID为  38,名称为  bbbb成功！','删除供应商成功'), ('3607','63','增加供应商','192.168.100.163','2017-07-18 23:38:53','0','增加供应商名称为  cccc 成功！','增加供应商成功'), ('3608','63','删除供应商','192.168.100.163','2017-07-18 23:39:01','0','删除供应商ID为  39,名称为  cccc成功！','删除供应商成功'), ('3609','63','增加供应商','192.168.100.163','2017-07-18 23:48:54','0','增加供应商名称为  2341234 成功！','增加供应商成功'), ('3610','63','删除供应商','192.168.100.163','2017-07-18 23:48:56','0','删除供应商ID为  40,名称为  2341234成功！','删除供应商成功'), ('3611','63','增加供应商','192.168.100.163','2017-07-18 23:49:00','0','增加供应商名称为  23412345324534 成功！','增加供应商成功'), ('3612','63','增加供应商','192.168.100.163','2017-07-18 23:49:17','0','增加供应商名称为  etrwerwqe 成功！','增加供应商成功'), ('3613','63','删除供应商','192.168.100.163','2017-07-18 23:52:47','0','删除供应商ID为  42,名称为  etrwerwqe成功！','删除供应商成功'), ('3614','63','增加供应商','192.168.100.163','2017-07-19 00:05:42','0','增加供应商名称为  432535345 成功！','增加供应商成功'), ('3615','63','增加供应商','192.168.100.163','2017-07-19 00:13:40','0','增加供应商名称为  南通某某企业 成功！','增加供应商成功'), ('3616','63','更新供应商','192.168.100.163','2017-07-19 00:34:47','0','更新供应商ID为  44 成功！','更新供应商成功'), ('3617','63','更新供应商','192.168.100.163','2017-07-19 00:41:26','0','更新供应商ID为  44 成功！','更新供应商成功'), ('3618','63','更新供应商','192.168.100.163','2017-07-19 00:44:24','0','更新供应商ID为  44 成功！','更新供应商成功'), ('3619','63','更新供应商','192.168.100.163','2017-07-19 00:45:40','0','更新供应商ID为  44 成功！','更新供应商成功'), ('3620','63','更新供应商','192.168.100.163','2017-07-19 00:46:02','0','更新供应商ID为  44 成功！','更新供应商成功'), ('3621','63','更新供应商','192.168.100.163','2017-07-19 00:46:26','0','更新供应商ID为  44 成功！','更新供应商成功');
INSERT INTO `jsh_log` VALUES ('3622','63','登录系统','192.168.100.163','2017-07-19 00:49:23','0','管理用户：jsh 登录系统','jsh 登录系统'), ('3623','63','登录系统','192.168.100.163','2017-07-19 00:52:35','0','管理用户：jsh 登录系统','jsh 登录系统'), ('3624','63','更新供应商','192.168.100.163','2017-07-19 00:52:55','0','更新供应商ID为  44 成功！','更新供应商成功'), ('3625','63','更新供应商','192.168.100.163','2017-07-19 00:53:03','0','更新供应商ID为  44 成功！','更新供应商成功'), ('3626','63','更新供应商','192.168.100.163','2017-07-19 00:53:33','0','更新供应商ID为  44 成功！','更新供应商成功'), ('3627','63','更新供应商','192.168.100.163','2017-07-19 00:53:41','0','更新供应商ID为  44 成功！','更新供应商成功'), ('3628','63','更新供应商','192.168.100.163','2017-07-19 00:53:50','0','更新供应商ID为  44 成功！','更新供应商成功'), ('3629','63','更新供应商','192.168.100.163','2017-07-19 00:53:58','0','更新供应商ID为  44 成功！','更新供应商成功'), ('3630','63','更新供应商','192.168.100.163','2017-07-19 00:54:12','0','更新供应商ID为  44 成功！','更新供应商成功'), ('3631','63','批量删除供应商','192.168.100.163','2017-07-19 00:54:54','0','批量删除供应商ID为  43 成功！','批量删除供应商成功'), ('3632','63','更新供应商','192.168.100.163','2017-07-19 00:57:41','0','更新供应商ID为  6 成功！','更新供应商成功'), ('3633','63','更新供应商','192.168.100.163','2017-07-19 00:57:46','0','更新供应商ID为  6 成功！','更新供应商成功'), ('3634','63','增加供应商','192.168.100.163','2017-07-19 01:00:27','0','增加供应商名称为  234234234234 成功！','增加供应商成功'), ('3635','63','删除供应商','192.168.100.163','2017-07-19 01:00:30','0','删除供应商ID为  45,名称为  234234234234成功！','删除供应商成功'), ('3636','63','登录系统','192.168.100.163','2017-07-19 01:24:31','0','管理用户：jsh 登录系统','jsh 登录系统'), ('3637','63','登录系统','192.168.100.163','2017-07-19 20:39:17','0','管理用户：jsh 登录系统','jsh 登录系统'), ('3638','63','登录系统','192.168.100.163','2017-07-19 21:13:49','0','管理用户：jsh 登录系统','jsh 登录系统'), ('3639','63','登录系统','192.168.100.163','2017-07-19 21:42:43','0','管理用户：jsh 登录系统','jsh 登录系统'), ('3640','63','登录系统','192.168.100.163','2017-07-19 21:45:49','0','管理用户：jsh 登录系统','jsh 登录系统'), ('3641','63','增加UserBusiness','192.168.100.163','2017-07-19 21:48:14','0','增加UserBusiness为  UserCustomer 成功！','增加UserBusiness成功'), ('3642','63','增加UserBusiness','192.168.100.163','2017-07-19 21:49:16','0','增加UserBusiness为  UserCustomer 成功！','增加UserBusiness成功'), ('3643','63','增加UserBusiness','192.168.100.163','2017-07-19 21:50:40','0','增加UserBusiness为  UserCustomer 成功！','增加UserBusiness成功'), ('3644','63','登录系统','192.168.100.163','2017-07-19 22:07:08','0','管理用户：jsh 登录系统','jsh 登录系统'), ('3645','63','更新供应商','192.168.100.163','2017-07-19 22:18:49','0','更新供应商ID为  10 成功！','更新供应商成功'), ('3646','63','更新供应商','192.168.100.163','2017-07-19 22:19:01','0','更新供应商ID为  9 成功！','更新供应商成功'), ('3647','63','更新供应商','192.168.100.163','2017-07-19 22:19:07','0','更新供应商ID为  8 成功！','更新供应商成功'), ('3648','63','更新供应商','192.168.100.163','2017-07-19 22:19:43','0','更新供应商ID为  10 成功！','更新供应商成功'), ('3649','63','更新供应商','192.168.100.163','2017-07-19 22:19:57','0','更新供应商ID为  10 成功！','更新供应商成功'), ('3650','63','登录系统','192.168.100.163','2017-07-19 22:37:10','0','管理用户：jsh 登录系统','jsh 登录系统'), ('3651','63','更新供应商','192.168.100.163','2017-07-19 22:44:05','0','更新供应商ID为  44 成功！','更新供应商成功'), ('3652','63','更新供应商','192.168.100.163','2017-07-19 22:50:04','0','更新供应商ID为  2 成功！','更新供应商成功'), ('3653','63','更新供应商','192.168.100.163','2017-07-19 22:50:51','0','更新供应商ID为  2 成功！','更新供应商成功'), ('3654','63','更新供应商','192.168.100.163','2017-07-19 22:51:16','0','更新供应商ID为  44 成功！','更新供应商成功'), ('3655','63','更新供应商','192.168.100.163','2017-07-19 22:51:25','0','更新供应商ID为  6 成功！','更新供应商成功'), ('3656','63','更新供应商','192.168.100.163','2017-07-19 22:53:26','0','更新供应商ID为  10 成功！','更新供应商成功'), ('3657','63','更新供应商','192.168.100.163','2017-07-19 22:53:34','0','更新供应商ID为  6 成功！','更新供应商成功'), ('3658','63','登录系统','192.168.100.163','2017-07-19 23:26:56','0','管理用户：jsh 登录系统','jsh 登录系统'), ('3659','63','更新UserBusiness','192.168.100.163','2017-07-19 23:27:55','0','更新UserBusiness的ID为  27 成功！','更新UserBusiness成功'), ('3660','63','登录系统','192.168.100.163','2017-07-19 23:35:05','0','管理用户：jsh 登录系统','jsh 登录系统'), ('3661','63','更新UserBusiness','192.168.100.163','2017-07-19 23:41:34','0','更新UserBusiness的ID为  27 成功！','更新UserBusiness成功'), ('3662','63','登录系统','192.168.100.163','2017-07-19 23:47:39','0','管理用户：jsh 登录系统','jsh 登录系统'), ('3663','63','更新UserBusiness','192.168.100.163','2017-07-19 23:48:01','0','更新UserBusiness的ID为  27 成功！','更新UserBusiness成功'), ('3664','63','登录系统','192.168.100.163','2017-07-20 00:18:29','0','管理用户：jsh 登录系统','jsh 登录系统'), ('3665','63','登录系统','192.168.100.163','2017-07-20 21:05:10','0','管理用户：jsh 登录系统','jsh 登录系统'), ('3666','63','更新功能','192.168.100.163','2017-07-20 21:06:18','0','更新功能ID为  213 成功！','更新功能成功'), ('3667','63','更新功能','192.168.100.163','2017-07-20 21:06:28','0','更新功能ID为  214 成功！','更新功能成功'), ('3668','63','更新功能','192.168.100.163','2017-07-20 21:06:34','0','更新功能ID为  215 成功！','更新功能成功'), ('3669','63','更新功能','192.168.100.163','2017-07-20 21:06:41','0','更新功能ID为  216 成功！','更新功能成功'), ('3670','63','更新功能','192.168.100.163','2017-07-20 21:07:54','0','更新功能ID为  16 成功！','更新功能成功'), ('3671','63','更新功能','192.168.100.163','2017-07-20 21:08:12','0','更新功能ID为  16 成功！','更新功能成功'), ('3672','63','更新仓库','192.168.100.163','2017-07-20 22:46:14','0','更新仓库ID为  2 成功！','更新仓库成功'), ('3673','63','更新仓库','192.168.100.163','2017-07-20 22:46:39','0','更新仓库ID为  1 成功！','更新仓库成功'), ('3674','63','更新仓库','192.168.100.163','2017-07-20 22:49:38','0','更新仓库ID为  1 成功！','更新仓库成功'), ('3675','63','更新仓库','192.168.100.163','2017-07-20 22:49:48','0','更新仓库ID为  3 成功！','更新仓库成功'), ('3676','63','更新仓库','192.168.100.163','2017-07-20 22:49:56','0','更新仓库ID为  3 成功！','更新仓库成功'), ('3677','63','更新仓库','192.168.100.163','2017-07-20 22:54:47','0','更新仓库ID为  3 成功！','更新仓库成功'), ('3678','63','退出系统','192.168.100.163','2017-07-20 23:32:43','0','管理用户：jsh 退出系统','jsh 退出系统'), ('3679','63','登录系统','192.168.100.163','2017-07-20 23:32:47','0','管理用户：jsh 登录系统','jsh 登录系统'), ('3680','63','登录系统','192.168.100.163','2017-07-20 23:41:12','0','管理用户：jsh 登录系统','jsh 登录系统'), ('3681','63','更新仓库','192.168.100.163','2017-07-20 23:56:18','0','更新仓库ID为  2 成功！','更新仓库成功'), ('3682','63','登录系统','192.168.100.163','2017-07-21 00:01:51','0','管理用户：jsh 登录系统','jsh 登录系统'), ('3683','63','更新仓库','192.168.100.163','2017-07-21 00:02:16','0','更新仓库ID为  2 成功！','更新仓库成功'), ('3684','63','增加仓库','192.168.100.163','2017-07-21 00:03:02','0','增加仓库名称为  42134 成功！','增加仓库成功'), ('3685','63','删除仓库','192.168.100.163','2017-07-21 00:03:06','0','删除仓库ID为  7 成功！','删除仓库成功'), ('3686','63','登录系统','192.168.100.163','2017-07-21 00:05:03','0','管理用户：jsh 登录系统','jsh 登录系统'), ('3687','63','登录系统','192.168.100.163','2017-07-21 00:21:39','0','管理用户：jsh 登录系统','jsh 登录系统'), ('3688','63','更新仓库','192.168.100.163','2017-07-21 00:21:56','0','更新仓库ID为  2 成功！','更新仓库成功'), ('3689','63','更新仓库','192.168.100.163','2017-07-21 00:22:00','0','更新仓库ID为  2 成功！','更新仓库成功'), ('3690','63','更新仓库','192.168.100.163','2017-07-21 00:22:07','0','更新仓库ID为  2 成功！','更新仓库成功'), ('3691','63','更新仓库','192.168.100.163','2017-07-21 00:22:18','0','更新仓库ID为  3 成功！','更新仓库成功'), ('3692','63','增加仓库','192.168.100.163','2017-07-21 00:22:32','0','增加仓库名称为  11 成功！','增加仓库成功'), ('3693','63','更新仓库','192.168.100.163','2017-07-21 00:22:37','0','更新仓库ID为  8 成功！','更新仓库成功'), ('3694','63','删除仓库','192.168.100.163','2017-07-21 00:22:41','0','删除仓库ID为  8 成功！','删除仓库成功'), ('3695','63','登录系统','192.168.100.163','2017-07-21 21:27:45','0','管理用户：jsh 登录系统','jsh 登录系统'), ('3696','63','登录系统','192.168.100.163','2017-07-21 21:41:43','0','管理用户：jsh 登录系统','jsh 登录系统'), ('3697','63','登录系统','192.168.100.163','2017-07-21 21:51:18','0','管理用户：jsh 登录系统','jsh 登录系统'), ('3698','63','登录系统','192.168.100.163','2017-07-21 21:53:53','0','管理用户：jsh 登录系统','jsh 登录系统'), ('3699','63','登录系统','192.168.100.163','2017-07-21 22:36:24','0','管理用户：jsh 登录系统','jsh 登录系统'), ('3700','63','登录系统','192.168.100.163','2017-07-21 22:39:34','0','管理用户：jsh 登录系统','jsh 登录系统'), ('3701','63','登录系统','192.168.100.163','2017-07-21 22:41:09','0','管理用户：jsh 登录系统','jsh 登录系统'), ('3702','63','批量删除供应商','192.168.100.163','2017-07-21 22:41:51','0','批量删除供应商ID为  44 成功！','批量删除供应商成功'), ('3703','63','批量删除供应商','192.168.100.163','2017-07-21 22:42:26','0','批量删除供应商ID为  44 成功！','批量删除供应商成功'), ('3704','63','批量删除供应商','192.168.100.163','2017-07-21 22:43:28','0','批量删除供应商ID为  44 成功！','批量删除供应商成功'), ('3705','63','批量删除供应商','192.168.100.163','2017-07-21 22:45:11','0','批量删除供应商ID为  44 成功！','批量删除供应商成功'), ('3706','63','批量删除供应商','192.168.100.163','2017-07-21 22:45:20','0','批量删除供应商ID为  44 成功！','批量删除供应商成功'), ('3707','63','登录系统','192.168.100.163','2017-07-21 22:48:58','0','管理用户：jsh 登录系统','jsh 登录系统'), ('3708','63','批量删除供应商','192.168.100.163','2017-07-21 22:49:50','0','批量删除供应商ID为  44 成功！','批量删除供应商成功'), ('3709','63','登录系统','192.168.100.163','2017-07-21 22:54:07','0','管理用户：jsh 登录系统','jsh 登录系统'), ('3710','63','批量删除供应商','192.168.100.163','2017-07-21 22:54:16','0','批量删除供应商ID为  44 成功！','批量删除供应商成功'), ('3711','63','批量删除供应商','192.168.100.163','2017-07-21 22:54:19','0','批量删除供应商ID为  44 成功！','批量删除供应商成功'), ('3712','63','批量删除供应商','192.168.100.163','2017-07-21 22:55:16','0','批量删除供应商ID为  44 成功！','批量删除供应商成功'), ('3713','63','批量删除供应商','192.168.100.163','2017-07-21 22:55:20','0','批量删除供应商ID为  41,37 成功！','批量删除供应商成功'), ('3714','63','批量删除供应商','192.168.100.163','2017-07-21 22:55:25','0','批量删除供应商ID为  41,4 成功！','批量删除供应商成功'), ('3715','63','批量删除供应商','192.168.100.163','2017-07-21 22:55:30','0','批量删除供应商ID为  4,1 成功！','批量删除供应商成功'), ('3716','63','登录系统','192.168.100.163','2017-07-22 11:01:01','0','管理用户：jsh 登录系统','jsh 登录系统'), ('3717','63','更新供应商','192.168.100.163','2017-07-22 11:03:49','0','更新供应商ID为  44 成功！','更新供应商成功'), ('3718','63','登录系统','192.168.100.163','2017-07-22 12:57:12','0','管理用户：jsh 登录系统','jsh 登录系统'), ('3719','63','登录系统','192.168.100.163','2017-07-22 15:39:39','0','管理用户：jsh 登录系统','jsh 登录系统'), ('3720','63','登录系统','192.168.100.163','2017-07-22 15:59:40','0','管理用户：jsh 登录系统','jsh 登录系统'), ('3721','63','登录系统','192.168.100.163','2017-07-22 16:03:28','0','管理用户：jsh 登录系统','jsh 登录系统');
INSERT INTO `jsh_log` VALUES ('3722','63','登录系统','192.168.100.163','2017-07-22 16:15:58','0','管理用户：jsh 登录系统','jsh 登录系统'), ('3723','63','登录系统','192.168.100.163','2017-07-22 16:54:34','0','管理用户：jsh 登录系统','jsh 登录系统'), ('3724','63','登录系统','192.168.100.163','2017-07-22 16:55:25','0','管理用户：jsh 登录系统','jsh 登录系统'), ('3725','63','登录系统','192.168.100.163','2017-07-22 17:01:50','0','管理用户：jsh 登录系统','jsh 登录系统'), ('3726','63','登录系统','192.168.100.163','2017-07-22 17:05:41','0','管理用户：jsh 登录系统','jsh 登录系统'), ('3727','63','登录系统','192.168.100.163','2017-07-22 17:14:50','0','管理用户：jsh 登录系统','jsh 登录系统'), ('3728','63','登录系统','192.168.100.163','2017-07-22 17:16:37','0','管理用户：jsh 登录系统','jsh 登录系统'), ('3729','63','登录系统','192.168.100.163','2017-07-22 17:21:04','0','管理用户：jsh 登录系统','jsh 登录系统'), ('3730','63','登录系统','192.168.100.163','2017-07-22 17:23:08','0','管理用户：jsh 登录系统','jsh 登录系统'), ('3731','63','登录系统','192.168.100.163','2017-07-22 17:25:43','0','管理用户：jsh 登录系统','jsh 登录系统'), ('3732','63','登录系统','192.168.100.163','2017-07-22 17:35:35','0','管理用户：jsh 登录系统','jsh 登录系统'), ('3733','63','登录系统','192.168.100.163','2017-07-22 17:42:51','0','管理用户：jsh 登录系统','jsh 登录系统'), ('3734','63','登录系统','192.168.100.163','2017-07-22 17:57:58','0','管理用户：jsh 登录系统','jsh 登录系统'), ('3735','63','更新供应商','192.168.100.163','2017-07-22 17:59:23','0','更新供应商ID为  6 成功！','更新供应商成功'), ('3736','63','增加功能','192.168.100.163','2017-07-22 18:25:53','0','增加功能名称为  资产管理 成功！','增加功能成功'), ('3737','63','更新UserBusiness','192.168.100.163','2017-07-22 18:26:09','0','更新UserBusiness的ID为  5 成功！','更新UserBusiness成功'), ('3738','63','删除资产','192.168.100.163','2017-07-22 18:41:27','0','删除资产ID为  2 成功！','删除资产成功'), ('3739','63','登录系统','192.168.100.163','2017-07-22 23:49:18','0','管理用户：jsh 登录系统','jsh 登录系统'), ('3740','63','登录系统','192.168.100.163','2017-07-22 23:52:23','0','管理用户：jsh 登录系统','jsh 登录系统'), ('3741','63','登录系统','192.168.100.163','2017-07-23 00:03:04','0','管理用户：jsh 登录系统','jsh 登录系统'), ('3742','63','登录系统','192.168.100.163','2017-07-23 00:09:53','0','管理用户：jsh 登录系统','jsh 登录系统'), ('3743','63','登录系统','192.168.100.163','2017-07-23 00:14:54','0','管理用户：jsh 登录系统','jsh 登录系统'), ('3744','63','登录系统','192.168.100.163','2017-07-23 00:39:37','0','管理用户：jsh 登录系统','jsh 登录系统'), ('3745','63','批量删除供应商','192.168.100.163','2017-07-23 00:40:13','0','批量删除供应商ID为  45 成功！','批量删除供应商成功'), ('3746','63','登录系统','192.168.100.163','2017-07-23 10:50:14','0','管理用户：jsh 登录系统','jsh 登录系统'), ('3747','63','删除供应商','192.168.100.163','2017-07-23 10:50:31','0','删除供应商ID为  44,名称为  南通某某企业成功！','删除供应商成功'), ('3748','63','批量删除供应商','192.168.100.163','2017-07-23 10:51:11','0','批量删除供应商ID为  4,1 成功！','批量删除供应商成功'), ('3749','63','登录系统','192.168.100.163','2017-07-23 10:58:13','0','管理用户：jsh 登录系统','jsh 登录系统'), ('3750','63','登录系统','192.168.100.163','2017-07-23 11:49:55','0','管理用户：jsh 登录系统','jsh 登录系统'), ('3751','63','批量删除供应商','192.168.100.163','2017-07-23 12:30:23','0','批量删除供应商ID为  48,47 成功！','批量删除供应商成功'), ('3752','63','登录系统','192.168.100.163','2017-07-23 12:35:23','0','管理用户：jsh 登录系统','jsh 登录系统'), ('3753','63','登录系统','192.168.100.163','2017-07-23 14:03:43','0','管理用户：jsh 登录系统','jsh 登录系统'), ('3754','63','删除供应商','192.168.100.163','2017-07-23 14:11:33','0','删除供应商ID为  43,名称为  南通智达建筑成功！','删除供应商成功'), ('3755','63','删除供应商','192.168.100.163','2017-07-23 14:11:36','0','删除供应商ID为  42,名称为  南通广通控股成功！','删除供应商成功'), ('3756','63','登录系统','192.168.100.163','2017-07-23 14:23:01','0','管理用户：jsh 登录系统','jsh 登录系统'), ('3757','63','登录系统','192.168.100.163','2017-07-23 14:31:18','0','管理用户：jsh 登录系统','jsh 登录系统'), ('3758','63','删除供应商','192.168.100.163','2017-07-23 14:36:11','0','删除供应商ID为  45,名称为  南通智达建筑成功！','删除供应商成功'), ('3759','63','删除供应商','192.168.100.163','2017-07-23 14:36:13','0','删除供应商ID为  44,名称为  南通广通控股成功！','删除供应商成功'), ('3760','63','登录系统','192.168.100.163','2017-07-23 14:42:03','0','管理用户：jsh 登录系统','jsh 登录系统'), ('3761','63','删除供应商','192.168.100.163','2017-07-23 14:42:10','0','删除供应商ID为  46,名称为  南通广通控股成功！','删除供应商成功'), ('3762','63','登录系统','192.168.100.163','2017-07-23 14:56:31','0','管理用户：jsh 登录系统','jsh 登录系统'), ('3763','63','删除供应商','192.168.100.163','2017-07-23 14:56:38','0','删除供应商ID为  49,名称为  南通智达建筑成功！','删除供应商成功'), ('3764','63','删除供应商','192.168.100.163','2017-07-23 14:56:40','0','删除供应商ID为  48,名称为  南通广通控股成功！','删除供应商成功'), ('3765','63','登录系统','192.168.100.163','2017-07-23 15:01:04','0','管理用户：jsh 登录系统','jsh 登录系统'), ('3766','63','删除供应商','192.168.100.163','2017-07-23 15:01:37','0','删除供应商ID为  50,名称为  南通智达建筑成功！','删除供应商成功'), ('3767','63','删除供应商','192.168.100.163','2017-07-23 15:02:58','0','删除供应商ID为  51,名称为  南通智达建筑成功！','删除供应商成功'), ('3768','63','删除供应商','192.168.100.163','2017-07-23 15:04:05','0','删除供应商ID为  52,名称为  南通智达建筑成功！','删除供应商成功'), ('3769','63','登录系统','192.168.100.163','2017-07-23 15:21:28','0','管理用户：jsh 登录系统','jsh 登录系统'), ('3770','63','增加供应商','192.168.100.163','2017-07-23 15:27:51','0','增加供应商名称为  2134213 成功！','增加供应商成功'), ('3771','63','删除供应商','192.168.100.163','2017-07-23 15:28:19','0','删除供应商ID为  53,名称为  2134213成功！','删除供应商成功'), ('3772','63','增加供应商','192.168.100.163','2017-07-23 15:28:26','0','增加供应商名称为  123 成功！','增加供应商成功'), ('3773','63','删除供应商','192.168.100.163','2017-07-23 15:29:28','0','删除供应商ID为  54,名称为  123成功！','删除供应商成功'), ('3774','63','增加供应商','192.168.100.163','2017-07-23 15:29:36','0','增加供应商名称为  123123 成功！','增加供应商成功'), ('3775','63','删除供应商','192.168.100.163','2017-07-23 15:31:18','0','删除供应商ID为  55,名称为  123123成功！','删除供应商成功'), ('3776','63','增加供应商','192.168.100.163','2017-07-23 15:31:25','0','增加供应商名称为  3223423 成功！','增加供应商成功'), ('3777','63','登录系统','192.168.100.163','2017-07-23 15:34:10','0','管理用户：jsh 登录系统','jsh 登录系统'), ('3778','63','增加供应商','192.168.100.163','2017-07-23 15:34:19','0','增加供应商名称为  3423423 成功！','增加供应商成功'), ('3779','63','更新供应商','192.168.100.163','2017-07-23 15:34:24','0','更新供应商ID为  57 成功！','更新供应商成功'), ('3780','63','批量删除供应商','192.168.100.163','2017-07-23 15:34:28','0','批量删除供应商ID为  57 成功！','批量删除供应商成功'), ('3781','63','批量删除供应商','192.168.100.163','2017-07-23 15:34:31','0','批量删除供应商ID为  57 成功！','批量删除供应商成功'), ('3782','63','删除供应商','192.168.100.163','2017-07-23 15:34:35','0','删除供应商ID为  57,名称为  3423423aa成功！','删除供应商成功'), ('3783','63','删除供应商','192.168.100.163','2017-07-23 15:34:39','0','删除供应商ID为  56,名称为  3223423成功！','删除供应商成功'), ('3784','63','批量删除供应商','192.168.100.163','2017-07-23 15:39:10','0','批量删除供应商ID为  6 成功！','批量删除供应商成功'), ('3785','63','批量删除供应商','192.168.100.163','2017-07-23 15:39:18','0','批量删除供应商ID为  41 成功！','批量删除供应商成功'), ('3786','63','登录系统','192.168.100.163','2017-07-23 15:43:28','0','管理用户：jsh 登录系统','jsh 登录系统'), ('3787','63','批量删除供应商','192.168.100.163','2017-07-23 15:44:26','0','批量删除供应商ID为  4 成功！','批量删除供应商成功'), ('3788','63','批量删除供应商','192.168.100.163','2017-07-23 15:45:10','0','批量删除供应商ID为  4 成功！','批量删除供应商成功'), ('3789','63','批量删除供应商','192.168.100.163','2017-07-23 15:45:13','0','批量删除供应商ID为  1 成功！','批量删除供应商成功'), ('3790','63','登录系统','192.168.100.163','2017-07-23 15:51:12','0','管理用户：jsh 登录系统','jsh 登录系统'), ('3791','63','批量删除供应商','192.168.100.163','2017-07-23 15:52:36','0','批量删除供应商ID为  5 成功！','批量删除供应商成功'), ('3792','63','批量删除供应商','192.168.100.163','2017-07-23 15:56:09','0','批量删除供应商ID为  5 成功！','批量删除供应商成功'), ('3793','63','增加仓库','192.168.100.163','2017-07-23 16:03:35','0','增加仓库名称为  rrrr 成功！','增加仓库成功'), ('3794','63','删除仓库','192.168.100.163','2017-07-23 16:03:38','0','删除仓库ID为  7 成功！','删除仓库成功'), ('3795','63','登录系统','192.168.100.163','2017-07-23 17:12:34','0','管理用户：jsh 登录系统','jsh 登录系统'), ('3796','63','登录系统','192.168.100.163','2017-07-23 17:40:17','0','管理用户：jsh 登录系统','jsh 登录系统'), ('3797','63','登录系统','192.168.100.163','2017-07-23 17:59:33','0','管理用户：jsh 登录系统','jsh 登录系统'), ('3798','63','登录系统','192.168.100.163','2017-07-23 18:03:44','0','管理用户：jsh 登录系统','jsh 登录系统'), ('3799','63','更新商品','192.168.100.163','2017-07-23 18:06:40','0','更新商品ID为  485 成功！','更新商品成功'), ('3800','63','更新商品','192.168.100.163','2017-07-23 18:17:39','0','更新商品ID为  485 成功！','更新商品成功'), ('3801','63','更新商品','192.168.100.163','2017-07-23 18:18:01','0','更新商品ID为  485 成功！','更新商品成功'), ('3802','63','更新商品','192.168.100.163','2017-07-23 18:30:06','0','更新商品ID为  487 成功！','更新商品成功'), ('3803','63','更新商品','192.168.100.163','2017-07-23 18:35:47','0','更新商品ID为  485 成功！','更新商品成功'), ('3804','63','更新商品','192.168.100.163','2017-07-23 18:35:56','0','更新商品ID为  485 成功！','更新商品成功'), ('3805','63','更新商品','192.168.100.163','2017-07-23 18:36:03','0','更新商品ID为  485 成功！','更新商品成功'), ('3806','63','更新商品','192.168.100.163','2017-07-23 18:36:09','0','更新商品ID为  485 成功！','更新商品成功'), ('3807','63','登录系统','192.168.100.163','2017-07-23 18:51:53','0','管理用户：jsh 登录系统','jsh 登录系统'), ('3808','63','登录系统','192.168.100.163','2017-07-23 18:54:37','0','管理用户：jsh 登录系统','jsh 登录系统'), ('3809','63','更新商品','192.168.100.163','2017-07-23 19:15:51','0','更新商品ID为  487 成功！','更新商品成功'), ('3810','63','更新商品','192.168.100.163','2017-07-23 19:16:08','0','更新商品ID为  498 成功！','更新商品成功'), ('3811','63','更新商品','192.168.100.163','2017-07-23 19:16:35','0','更新商品ID为  498 成功！','更新商品成功'), ('3812','63','更新商品','192.168.100.163','2017-07-23 19:17:02','0','更新商品ID为  498 成功！','更新商品成功'), ('3813','63','更新商品','192.168.100.163','2017-07-23 19:21:26','0','更新商品ID为  485 成功！','更新商品成功'), ('3814','63','更新商品','192.168.100.163','2017-07-23 19:21:36','0','更新商品ID为  485 成功！','更新商品成功'), ('3815','63','更新商品','192.168.100.163','2017-07-23 19:21:42','0','更新商品ID为  485 成功！','更新商品成功'), ('3816','63','增加商品类别','192.168.100.163','2017-07-23 20:28:00','0','增加商品类别名称为  花边二级B 成功！','增加商品类别成功'), ('3817','63','更新商品类别','192.168.100.163','2017-07-23 20:28:20','0','更新商品类别ID为  2 成功！','更新商品类别成功'), ('3818','63','增加商品类别','192.168.100.163','2017-07-23 20:28:39','0','增加商品类别名称为  花边一级B 成功！','增加商品类别成功'), ('3819','63','更新商品类别','192.168.100.163','2017-07-23 20:29:01','0','更新商品类别ID为  6 成功！','更新商品类别成功'), ('3820','63','更新商品类别','192.168.100.163','2017-07-23 20:29:15','0','更新商品类别ID为  6 成功！','更新商品类别成功'), ('3821','63','更新商品类别','192.168.100.163','2017-07-23 20:30:16','0','更新商品类别ID为  6 成功！','更新商品类别成功');
INSERT INTO `jsh_log` VALUES ('3822','63','更新商品类别','192.168.100.163','2017-07-23 20:31:11','0','更新商品类别ID为  7 成功！','更新商品类别成功'), ('3823','63','更新商品类别','192.168.100.163','2017-07-23 20:31:16','0','更新商品类别ID为  7 成功！','更新商品类别成功'), ('3824','63','增加商品类别','192.168.100.163','2017-07-23 20:31:32','0','增加商品类别名称为  花边三级B 成功！','增加商品类别成功'), ('3825','63','更新商品','192.168.100.163','2017-07-23 20:36:03','0','更新商品ID为  487 成功！','更新商品成功'), ('3826','63','更新商品','192.168.100.163','2017-07-23 21:52:43','0','更新商品ID为  485 成功！','更新商品成功'), ('3827','63','更新商品','192.168.100.163','2017-07-23 21:53:05','0','更新商品ID为  485 成功！','更新商品成功'), ('3828','63','更新商品','192.168.100.163','2017-07-23 21:53:22','0','更新商品ID为  485 成功！','更新商品成功'), ('3829','63','更新商品','192.168.100.163','2017-07-23 21:54:33','0','更新商品ID为  485 成功！','更新商品成功'), ('3830','63','更新商品','192.168.100.163','2017-07-23 21:55:11','0','更新商品ID为  485 成功！','更新商品成功'), ('3831','63','更新商品','192.168.100.163','2017-07-23 21:55:48','0','更新商品ID为  485 成功！','更新商品成功'), ('3832','63','更新商品','192.168.100.163','2017-07-23 21:57:09','0','更新商品ID为  485 成功！','更新商品成功'), ('3833','63','更新商品','192.168.100.163','2017-07-23 21:57:20','0','更新商品ID为  485 成功！','更新商品成功'), ('3834','63','更新商品','192.168.100.163','2017-07-23 21:58:07','0','更新商品ID为  485 成功！','更新商品成功'), ('3835','63','更新商品','192.168.100.163','2017-07-23 21:58:15','0','更新商品ID为  485 成功！','更新商品成功'), ('3836','63','更新商品','192.168.100.163','2017-07-23 22:00:21','0','更新商品ID为  485 成功！','更新商品成功'), ('3837','63','更新商品','192.168.100.163','2017-07-23 22:01:23','0','更新商品ID为  485 成功！','更新商品成功'), ('3838','63','更新商品','192.168.100.163','2017-07-23 22:01:36','0','更新商品ID为  485 成功！','更新商品成功'), ('3839','63','更新商品','192.168.100.163','2017-07-23 22:01:56','0','更新商品ID为  485 成功！','更新商品成功'), ('3840','63','更新商品','192.168.100.163','2017-07-23 22:03:04','0','更新商品ID为  485 成功！','更新商品成功'), ('3841','63','更新商品','192.168.100.163','2017-07-23 22:04:16','0','更新商品ID为  485 成功！','更新商品成功'), ('3842','63','更新商品','192.168.100.163','2017-07-23 22:04:36','0','更新商品ID为  485 成功！','更新商品成功'), ('3843','63','更新商品','192.168.100.163','2017-07-23 22:04:44','0','更新商品ID为  485 成功！','更新商品成功'), ('3844','63','更新商品','192.168.100.163','2017-07-23 22:04:49','0','更新商品ID为  485 成功！','更新商品成功'), ('3845','63','更新商品','192.168.100.163','2017-07-23 22:04:53','0','更新商品ID为  485 成功！','更新商品成功'), ('3846','63','更新商品','192.168.100.163','2017-07-23 22:04:58','0','更新商品ID为  485 成功！','更新商品成功'), ('3847','63','更新商品','192.168.100.163','2017-07-23 22:05:49','0','更新商品ID为  487 成功！','更新商品成功'), ('3848','63','更新商品','192.168.100.163','2017-07-23 22:05:55','0','更新商品ID为  498 成功！','更新商品成功'), ('3849','63','更新商品','192.168.100.163','2017-07-23 22:06:01','0','更新商品ID为  499 成功！','更新商品成功'), ('3850','63','更新商品','192.168.100.163','2017-07-23 22:06:10','0','更新商品ID为  500 成功！','更新商品成功'), ('3851','63','更新商品','192.168.100.163','2017-07-23 22:06:15','0','更新商品ID为  501 成功！','更新商品成功'), ('3852','63','增加商品类别','192.168.100.163','2017-07-23 22:08:37','0','增加商品类别名称为  aaa 成功！','增加商品类别成功'), ('3853','63','删除商品类别','192.168.100.163','2017-07-23 22:08:41','0','删除商品类别ID为  11 成功！','删除商品类别成功'), ('3854','63','增加商品类别','192.168.100.163','2017-07-23 22:09:01','0','增加商品类别名称为  aaaa 成功！','增加商品类别成功'), ('3855','63','删除商品类别','192.168.100.163','2017-07-23 22:09:07','0','删除商品类别ID为  12 成功！','删除商品类别成功'), ('3856','63','增加商品类别','192.168.100.163','2017-07-23 22:10:37','0','增加商品类别名称为  bbbb 成功！','增加商品类别成功'), ('3857','63','删除商品类别','192.168.100.163','2017-07-23 22:10:59','0','删除商品类别ID为  13 成功！','删除商品类别成功'), ('3858','63','增加商品类别','192.168.100.163','2017-07-23 22:11:14','0','增加商品类别名称为  4444 成功！','增加商品类别成功'), ('3859','63','删除商品类别','192.168.100.163','2017-07-23 22:11:22','0','删除商品类别ID为  14 成功！','删除商品类别成功'), ('3860','63','更新商品','192.168.100.163','2017-07-23 22:11:57','0','更新商品ID为  485 成功！','更新商品成功'), ('3861','63','登录系统','192.168.100.163','2017-07-23 22:33:31','0','管理用户：jsh 登录系统','jsh 登录系统'), ('3862','63','登录系统','192.168.100.163','2017-07-23 22:39:28','0','管理用户：jsh 登录系统','jsh 登录系统'), ('3863','63','登录系统','192.168.100.163','2017-07-23 22:54:19','0','管理用户：jsh 登录系统','jsh 登录系统'), ('3864','63','登录系统','192.168.100.163','2017-07-23 23:01:53','0','管理用户：jsh 登录系统','jsh 登录系统'), ('3865','63','登录系统','192.168.100.163','2017-07-23 23:04:33','0','管理用户：jsh 登录系统','jsh 登录系统'), ('3866','63','增加商品','192.168.100.163','2017-07-23 23:17:17','0','增加商品名称为  432134 成功！','增加商品成功'), ('3867','63','更新商品','192.168.100.163','2017-07-23 23:38:02','0','更新商品ID为  502 成功！','更新商品成功'), ('3868','63','更新商品','192.168.100.163','2017-07-23 23:38:12','0','更新商品ID为  502 成功！','更新商品成功'), ('3869','63','更新商品','192.168.100.163','2017-07-23 23:38:18','0','更新商品ID为  502 成功！','更新商品成功'), ('3870','63','增加商品','192.168.100.163','2017-07-23 23:44:56','0','增加商品名称为  棉线 成功！','增加商品成功'), ('3871','63','批量删除商品','192.168.100.163','2017-07-23 23:45:00','1','批量删除商品ID为  485 失败！','批量删除商品失败'), ('3872','63','批量删除商品','192.168.100.163','2017-07-23 23:45:12','0','批量删除商品ID为  503 成功！','批量删除商品成功'), ('3873','63','批量删除商品','192.168.100.163','2017-07-23 23:45:19','0','批量删除商品ID为  502 成功！','批量删除商品成功'), ('3874','63','批量删除商品','192.168.100.163','2017-07-23 23:45:23','1','批量删除商品ID为  485 失败！','批量删除商品失败'), ('3875','63','删除结算账户','192.168.100.163','2017-07-23 23:45:52','1','删除结算账户ID为  9,名称为  流动总账失败！','删除结算账户失败'), ('3876','63','登录系统','192.168.100.163','2017-07-24 21:11:14','0','管理用户：jsh 登录系统','jsh 登录系统'), ('3877','63','登录系统','192.168.100.163','2017-07-24 21:21:24','0','管理用户：jsh 登录系统','jsh 登录系统'), ('3878','63','登录系统','192.168.100.163','2017-07-24 21:30:52','0','管理用户：jsh 登录系统','jsh 登录系统'), ('3879','63','登录系统','192.168.100.163','2017-07-24 21:35:54','0','管理用户：jsh 登录系统','jsh 登录系统'), ('3880','63','登录系统','192.168.100.163','2017-07-24 21:39:07','0','管理用户：jsh 登录系统','jsh 登录系统'), ('3881','63','登录系统','192.168.100.163','2017-07-24 21:41:59','0','管理用户：jsh 登录系统','jsh 登录系统'), ('3882','63','登录系统','192.168.100.163','2017-07-24 21:43:31','0','管理用户：jsh 登录系统','jsh 登录系统'), ('3883','63','登录系统','192.168.100.163','2017-07-24 21:46:12','0','管理用户：jsh 登录系统','jsh 登录系统'), ('3884','63','登录系统','192.168.100.163','2017-07-24 21:49:00','0','管理用户：jsh 登录系统','jsh 登录系统'), ('3885','63','登录系统','192.168.100.163','2017-07-24 21:52:07','0','管理用户：jsh 登录系统','jsh 登录系统'), ('3886','63','登录系统','192.168.100.163','2017-07-24 21:59:24','0','管理用户：jsh 登录系统','jsh 登录系统'), ('3887','63','登录系统','192.168.100.163','2017-07-24 22:01:15','0','管理用户：jsh 登录系统','jsh 登录系统'), ('3888','63','登录系统','192.168.100.163','2017-07-24 22:31:38','0','管理用户：jsh 登录系统','jsh 登录系统'), ('3889','63','登录系统','192.168.100.163','2017-07-24 22:36:29','0','管理用户：jsh 登录系统','jsh 登录系统'), ('3890','63','删除供应商','192.168.100.163','2017-07-24 22:38:40','0','删除供应商ID为  42,名称为  666666666成功！','删除供应商成功'), ('3891','63','登录系统','192.168.100.163','2017-07-24 22:46:06','0','管理用户：jsh 登录系统','jsh 登录系统'), ('3892','63','删除供应商','192.168.100.163','2017-07-24 22:46:41','0','删除供应商ID为  43,名称为  666666666成功！','删除供应商成功'), ('3893','63','登录系统','192.168.100.163','2017-07-24 22:49:47','0','管理用户：jsh 登录系统','jsh 登录系统'), ('3894','63','删除供应商','192.168.100.163','2017-07-24 22:54:45','0','删除供应商ID为  44,名称为  666666666成功！','删除供应商成功'), ('3895','63','登录系统','192.168.100.163','2017-07-24 23:48:52','0','管理用户：jsh 登录系统','jsh 登录系统'), ('3896','63','登录系统','192.168.100.163','2017-07-25 20:34:08','0','管理用户：jsh 登录系统','jsh 登录系统'), ('3897','63','登录系统','192.168.100.163','2017-07-25 22:26:01','0','管理用户：jsh 登录系统','jsh 登录系统'), ('3898','63','更新应用','192.168.100.163','2017-07-25 22:38:46','0','更新应用ID为  8 成功！','更新应用成功'), ('3899','63','更新应用','192.168.100.163','2017-07-25 22:39:19','0','更新应用ID为  8 成功！','更新应用成功'), ('3900','63','更新应用','192.168.100.163','2017-07-25 22:39:52','0','更新应用ID为  8 成功！','更新应用成功'), ('3901','63','更新应用','192.168.100.163','2017-07-25 22:43:45','0','更新应用ID为  8 成功！','更新应用成功'), ('3902','63','更新应用','192.168.100.163','2017-07-25 22:45:48','0','更新应用ID为  8 成功！','更新应用成功'), ('3903','63','更新应用','192.168.100.163','2017-07-25 22:46:34','0','更新应用ID为  8 成功！','更新应用成功'), ('3904','63','登录系统','192.168.100.163','2017-07-25 22:54:30','0','管理用户：jsh 登录系统','jsh 登录系统'), ('3905','63','登录系统','192.168.100.163','2017-07-25 23:00:11','0','管理用户：jsh 登录系统','jsh 登录系统'), ('3906','63','增加商品','192.168.100.163','2017-07-25 23:01:07','0','增加商品名称为  3123 成功！','增加商品成功'), ('3907','63','批量删除商品','192.168.100.163','2017-07-25 23:01:10','0','批量删除商品ID为  502 成功！','批量删除商品成功'), ('3908','63','批量修改商品状态','192.168.100.163','2017-07-25 23:09:36','0','批量修改状态，商品ID为  501 成功！','批量修改商品状态成功'), ('3909','63','批量修改商品状态','192.168.100.163','2017-07-25 23:09:46','0','批量修改状态，商品ID为  501 成功！','批量修改商品状态成功'), ('3910','63','批量修改商品状态','192.168.100.163','2017-07-25 23:11:23','0','批量修改状态，商品ID为  485 成功！','批量修改商品状态成功'), ('3911','63','批量修改商品状态','192.168.100.163','2017-07-25 23:11:45','0','批量修改状态，商品ID为  485 成功！','批量修改商品状态成功'), ('3912','63','登录系统','192.168.100.163','2017-07-25 23:13:56','0','管理用户：jsh 登录系统','jsh 登录系统'), ('3913','63','批量修改商品状态','192.168.100.163','2017-07-25 23:14:10','0','批量修改状态，商品ID为  501 成功！','批量修改商品状态成功'), ('3914','63','批量修改商品状态','192.168.100.163','2017-07-25 23:14:14','0','批量修改状态，商品ID为  485 成功！','批量修改商品状态成功'), ('3915','63','批量修改商品状态','192.168.100.163','2017-07-25 23:16:13','0','批量修改状态，商品ID为  501 成功！','批量修改商品状态成功'), ('3916','63','批量修改单位状态','192.168.100.163','2017-07-25 23:16:20','0','批量修改状态，单位ID为  8 成功！','批量修改单位状态成功'), ('3917','63','批量修改单位状态','192.168.100.163','2017-07-25 23:16:24','0','批量修改状态，单位ID为  8 成功！','批量修改单位状态成功'), ('3918','63','登录系统','192.168.100.163','2017-07-26 00:00:54','0','管理用户：jsh 登录系统','jsh 登录系统'), ('3919','63','登录系统','192.168.100.163','2017-07-26 20:35:46','0','管理用户：jsh 登录系统','jsh 登录系统'), ('3920','63','登录系统','192.168.100.163','2017-07-26 22:28:38','0','管理用户：jsh 登录系统','jsh 登录系统'), ('3921','63','更新功能','192.168.100.163','2017-07-27 00:26:14','0','更新功能ID为  33 成功！','更新功能成功');
INSERT INTO `jsh_log` VALUES ('3922','63','更新功能','192.168.100.163','2017-07-27 00:26:26','0','更新功能ID为  41 成功！','更新功能成功'), ('3923','63','登录系统','192.168.100.163','2017-07-27 22:48:24','0','管理用户：jsh 登录系统','jsh 登录系统'), ('3924','63','登录系统','192.168.100.163','2017-07-27 23:09:17','0','管理用户：jsh 登录系统','jsh 登录系统'), ('3925','63','登录系统','192.168.100.163','2017-07-27 23:25:59','0','管理用户：jsh 登录系统','jsh 登录系统'), ('3926','63','批量修改单位状态','192.168.100.163','2017-07-27 23:54:53','0','批量修改状态，单位ID为  1 成功！','批量修改单位状态成功'), ('3927','63','增加单据','192.168.100.163','2017-07-27 23:57:38','1','增加单据编号为  CGRK20170727235720 失败！','增加单据失败'), ('3928','63','登录系统','192.168.100.163','2017-07-27 23:58:59','0','管理用户：jsh 登录系统','jsh 登录系统'), ('3929','63','增加单据','192.168.100.163','2017-07-28 00:00:25','0','增加单据编号为  CGRK20170727235957 成功！','增加单据成功'), ('3930','63','增加单据','192.168.100.163','2017-07-28 00:19:48','0','增加单据编号为  CGRK2017072801925 成功！','增加单据成功'), ('3931','63','增加单据','192.168.100.163','2017-07-28 00:24:38','0','增加单据编号为  CGRK2017072801925 成功！','增加单据成功'), ('3932','63','登录系统','192.168.100.163','2017-07-28 00:32:16','0','管理用户：jsh 登录系统','jsh 登录系统'), ('3933','63','增加单据','192.168.100.163','2017-07-28 00:32:49','0','增加单据编号为  CGRK2017072803223 成功！','增加单据成功'), ('3934','63','登录系统','192.168.100.163','2017-07-28 00:41:38','0','管理用户：jsh 登录系统','jsh 登录系统'), ('3935','63','登录系统','192.168.100.163','2017-07-28 20:38:31','0','管理用户：jsh 登录系统','jsh 登录系统'), ('3936','63','登录系统','192.168.100.163','2017-07-28 21:50:05','0','管理用户：jsh 登录系统','jsh 登录系统'), ('3937','63','批量删除单据','192.168.100.163','2017-07-28 22:02:34','0','批量删除单据ID为  123,122,121,120,113,108,107,106,76,72 成功！','批量删除单据成功'), ('3938','63','批量删除单据','192.168.100.163','2017-07-28 22:02:38','0','批量删除单据ID为  69,67,59,51,50,49,48,47,46,41 成功！','批量删除单据成功'), ('3939','63','批量删除单据','192.168.100.163','2017-07-28 22:02:42','0','批量删除单据ID为  39,38,32 成功！','批量删除单据成功'), ('3940','63','批量删除单据','192.168.100.163','2017-07-28 22:02:46','0','批量删除单据ID为  105,81 成功！','批量删除单据成功'), ('3941','63','批量删除单据','192.168.100.163','2017-07-28 22:02:55','0','批量删除单据ID为  74,60,53 成功！','批量删除单据成功'), ('3942','63','批量删除单据','192.168.100.163','2017-07-28 22:03:02','0','批量删除单据ID为  56,54,33 成功！','批量删除单据成功'), ('3943','63','更新供应商预付款','','2017-07-28 22:03:13','0','更新供应商ID为  8 成功！','更新供应商成功'), ('3944','63','更新供应商预付款','','2017-07-28 22:03:13','0','更新供应商ID为  8 成功！','更新供应商成功'), ('3945','63','更新供应商预付款','','2017-07-28 22:03:13','0','更新供应商ID为  7 成功！','更新供应商成功'), ('3946','63','更新供应商预付款','','2017-07-28 22:03:13','0','更新供应商ID为  8 成功！','更新供应商成功'), ('3947','63','更新供应商预付款','','2017-07-28 22:03:13','0','更新供应商ID为  8 成功！','更新供应商成功'), ('3948','63','更新供应商预付款','','2017-07-28 22:03:13','0','更新供应商ID为  10 成功！','更新供应商成功'), ('3949','63','更新供应商预付款','','2017-07-28 22:03:13','0','更新供应商ID为  8 成功！','更新供应商成功'), ('3950','63','批量删除单据','192.168.100.163','2017-07-28 22:03:13','0','批量删除单据ID为  118,104,103,92,90,89,88,87,86,85 成功！','批量删除单据成功'), ('3951','63','更新供应商预付款','','2017-07-28 22:03:13','0','更新供应商ID为  7 成功！','更新供应商成功'), ('3952','63','更新供应商预付款','','2017-07-28 22:03:13','0','更新供应商ID为  9 成功！','更新供应商成功'), ('3953','63','更新供应商预付款','','2017-07-28 22:03:13','0','更新供应商ID为  5 成功！','更新供应商成功'), ('3954','63','更新供应商预付款','','2017-07-28 22:03:16','0','更新供应商ID为  2 成功！','更新供应商成功'), ('3955','63','更新供应商预付款','','2017-07-28 22:03:16','0','更新供应商ID为  2 成功！','更新供应商成功'), ('3956','63','更新供应商预付款','','2017-07-28 22:03:16','0','更新供应商ID为  2 成功！','更新供应商成功'), ('3957','63','批量删除单据','192.168.100.163','2017-07-28 22:03:16','0','批量删除单据ID为  83,82,80 成功！','批量删除单据成功'), ('3958','63','批量删除单据','192.168.100.163','2017-07-28 22:03:21','0','批量删除单据ID为  119,91,77,73,71,70,68,52,31 成功！','批量删除单据成功'), ('3959','63','批量删除单据','192.168.100.163','2017-07-28 22:03:25','0','批量删除单据ID为  58 成功！','批量删除单据成功'), ('3960','63','批量删除单据','192.168.100.163','2017-07-28 22:03:29','0','批量删除单据ID为  61,57 成功！','批量删除单据成功'), ('3961','63','批量删除单据','192.168.100.163','2017-07-28 22:03:33','0','批量删除单据ID为  65,64 成功！','批量删除单据成功'), ('3962','63','更新功能','192.168.100.163','2017-07-28 22:05:32','0','更新功能ID为  211 成功！','更新功能成功'), ('3963','63','更新功能','192.168.100.163','2017-07-28 22:05:55','0','更新功能ID为  210 成功！','更新功能成功'), ('3964','63','更新功能','192.168.100.163','2017-07-28 22:08:23','0','更新功能ID为  214 成功！','更新功能成功'), ('3965','63','更新功能','192.168.100.163','2017-07-28 22:08:27','0','更新功能ID为  215 成功！','更新功能成功'), ('3966','63','更新UserBusiness','192.168.100.163','2017-07-28 22:09:00','0','更新UserBusiness的ID为  5 成功！','更新UserBusiness成功'), ('3967','63','批量删除单据','192.168.100.163','2017-07-28 22:09:10','0','批量删除单据ID为  115,114,110 成功！','批量删除单据成功'), ('3968','63','批量删除单据','192.168.100.163','2017-07-28 22:09:14','0','批量删除单据ID为  117,116,112,111 成功！','批量删除单据成功'), ('3969','63','更新功能','192.168.100.163','2017-07-28 22:09:42','0','更新功能ID为  214 成功！','更新功能成功'), ('3970','63','更新功能','192.168.100.163','2017-07-28 22:09:46','0','更新功能ID为  215 成功！','更新功能成功'), ('3971','63','增加单据','192.168.100.163','2017-07-28 22:29:20','0','增加单据编号为  CGRK20170728221045 成功！','增加单据成功'), ('3972','63','删除单据','192.168.100.163','2017-07-28 22:36:22','0','删除单据ID为  1 成功！','删除单据成功'), ('3973','63','增加单据','192.168.100.163','2017-07-28 22:36:48','0','增加单据编号为  CGRK20170728223624 成功！','增加单据成功'), ('3974','63','增加单据','192.168.100.163','2017-07-28 22:57:39','0','增加单据编号为  CGRK20170728225646 成功！','增加单据成功'), ('3975','63','登录系统','192.168.100.163','2017-07-28 23:03:49','0','管理用户：jsh 登录系统','jsh 登录系统'), ('3976','63','增加单据','192.168.100.163','2017-07-28 23:04:40','0','增加单据编号为  CGRK2017072823359 成功！','增加单据成功'), ('3977','63','删除单据','192.168.100.163','2017-07-28 23:08:19','0','删除单据ID为  4 成功！','删除单据成功'), ('3978','63','删除单据','192.168.100.163','2017-07-28 23:08:21','0','删除单据ID为  3 成功！','删除单据成功'), ('3979','63','删除单据','192.168.100.163','2017-07-28 23:08:22','0','删除单据ID为  2 成功！','删除单据成功'), ('3980','63','增加单据','192.168.100.163','2017-07-28 23:09:36','0','增加单据编号为  CGRK2017072823836 成功！','增加单据成功'), ('3981','63','删除单据','192.168.100.163','2017-07-28 23:16:13','0','删除单据ID为  5 成功！','删除单据成功'), ('3982','63','增加单据','192.168.100.163','2017-07-28 23:17:19','0','增加单据编号为  CGRK20170728231642 成功！','增加单据成功'), ('3983','63','保存仓管通明细','192.168.100.163','2017-07-28 23:17:19','1','保存仓管通明细对应主表编号为  6 失败！','保存仓管通明细失败'), ('3984','63','登录系统','192.168.100.163','2017-07-28 23:29:55','0','管理用户：jsh 登录系统','jsh 登录系统'), ('3985','63','删除单据','192.168.100.163','2017-07-28 23:30:06','0','删除单据ID为  6 成功！','删除单据成功'), ('3986','63','增加单据','192.168.100.163','2017-07-28 23:30:47','0','增加单据编号为  CGRK2017072823309 成功！','增加单据成功'), ('3987','63','保存仓管通明细','192.168.100.163','2017-07-28 23:30:48','1','保存仓管通明细对应主表编号为  7 失败！','保存仓管通明细失败'), ('3988','63','登录系统','192.168.100.163','2017-07-28 23:39:52','0','管理用户：jsh 登录系统','jsh 登录系统'), ('3989','63','删除单据','192.168.100.163','2017-07-28 23:40:21','0','删除单据ID为  7 成功！','删除单据成功'), ('3990','63','增加单据','192.168.100.163','2017-07-28 23:40:58','0','增加单据编号为  CGRK20170728234026 成功！','增加单据成功'), ('3991','63','保存仓管通明细','192.168.100.163','2017-07-28 23:40:58','1','保存仓管通明细对应主表编号为  8 失败！','保存仓管通明细失败'), ('3992','63','登录系统','192.168.100.163','2017-07-28 23:48:03','0','管理用户：jsh 登录系统','jsh 登录系统'), ('3993','63','删除单据','192.168.100.163','2017-07-28 23:48:12','0','删除单据ID为  8 成功！','删除单据成功'), ('3994','63','增加单据','192.168.100.163','2017-07-28 23:48:42','0','增加单据编号为  CGRK20170728234814 成功！','增加单据成功'), ('3995','63','保存仓管通明细','192.168.100.163','2017-07-28 23:48:42','0','保存仓管通明细对应主表编号为  9 成功！','保存仓管通明细成功'), ('3996','63','登录系统','192.168.100.163','2017-07-28 23:55:11','0','管理用户：jsh 登录系统','jsh 登录系统'), ('3997','63','删除单据','192.168.100.163','2017-07-28 23:55:18','0','删除单据ID为  9 成功！','删除单据成功'), ('3998','63','增加单据','192.168.100.163','2017-07-28 23:55:42','0','增加单据编号为  CGRK20170728235520 成功！','增加单据成功'), ('3999','63','删除单据','192.168.100.163','2017-07-28 23:56:25','0','删除单据ID为  10 成功！','删除单据成功'), ('4000','63','增加单据','192.168.100.163','2017-07-28 23:56:48','0','增加单据编号为  CGRK20170728235627 成功！','增加单据成功'), ('4001','63','保存仓管通明细','192.168.100.163','2017-07-28 23:56:48','0','保存仓管通明细对应主表编号为  11 成功！','保存仓管通明细成功'), ('4002','63','登录系统','192.168.100.163','2017-07-29 00:06:12','0','管理用户：jsh 登录系统','jsh 登录系统'), ('4003','63','删除单据','192.168.100.163','2017-07-29 00:06:39','0','删除单据ID为  11 成功！','删除单据成功'), ('4004','63','增加单据','192.168.100.163','2017-07-29 00:07:25','0','增加单据编号为  CGRK201707290641 成功！','增加单据成功'), ('4005','63','登录系统','192.168.100.163','2017-07-29 00:13:55','0','管理用户：jsh 登录系统','jsh 登录系统'), ('4006','63','删除单据','192.168.100.163','2017-07-29 00:14:03','0','删除单据ID为  12 成功！','删除单据成功'), ('4007','63','增加单据','192.168.100.163','2017-07-29 00:14:42','0','增加单据编号为  CGRK201707290145 成功！','增加单据成功'), ('4008','63','登录系统','192.168.100.163','2017-07-29 00:18:41','0','管理用户：jsh 登录系统','jsh 登录系统'), ('4009','63','删除单据','192.168.100.163','2017-07-29 00:18:49','0','删除单据ID为  13 成功！','删除单据成功'), ('4010','63','增加单据','192.168.100.163','2017-07-29 00:19:12','0','增加单据编号为  CGRK2017072901851 成功！','增加单据成功'), ('4011','63','增加单据','192.168.100.163','2017-07-29 00:20:57','0','增加单据编号为  CGRK2017072902040 成功！','增加单据成功'), ('4012','63','保存仓管通明细','192.168.100.163','2017-07-29 00:20:57','0','保存仓管通明细对应主表编号为  15 成功！','保存仓管通明细成功'), ('4013','63','增加单据','192.168.100.163','2017-07-29 00:21:53','0','增加单据编号为  CGRK2017072902114 成功！','增加单据成功'), ('4014','63','登录系统','192.168.100.163','2017-07-29 00:24:59','0','管理用户：jsh 登录系统','jsh 登录系统'), ('4015','63','删除单据','192.168.100.163','2017-07-29 00:25:08','0','删除单据ID为  16 成功！','删除单据成功'), ('4016','63','删除单据','192.168.100.163','2017-07-29 00:25:10','0','删除单据ID为  15 成功！','删除单据成功'), ('4017','63','删除单据','192.168.100.163','2017-07-29 00:25:11','0','删除单据ID为  14 成功！','删除单据成功'), ('4018','63','增加单据','192.168.100.163','2017-07-29 00:25:50','0','增加单据编号为  CGRK2017072902512 成功！','增加单据成功'), ('4019','63','登录系统','192.168.100.163','2017-07-29 00:30:30','0','管理用户：jsh 登录系统','jsh 登录系统'), ('4020','63','删除单据','192.168.100.163','2017-07-29 00:30:41','0','删除单据ID为  17 成功！','删除单据成功'), ('4021','63','增加单据','192.168.100.163','2017-07-29 00:31:09','0','增加单据编号为  CGRK2017072903043 成功！','增加单据成功');
INSERT INTO `jsh_log` VALUES ('4022','63','登录系统','192.168.100.163','2017-07-29 00:44:34','0','管理用户：jsh 登录系统','jsh 登录系统'), ('4023','63','删除单据','192.168.100.163','2017-07-29 00:44:41','0','删除单据ID为  18 成功！','删除单据成功'), ('4024','63','增加单据','192.168.100.163','2017-07-29 00:44:58','0','增加单据编号为  CGRK2017072904442 成功！','增加单据成功'), ('4025','63','登录系统','192.168.100.163','2017-07-29 00:48:18','0','管理用户：jsh 登录系统','jsh 登录系统'), ('4026','63','删除单据','192.168.100.163','2017-07-29 00:48:25','0','删除单据ID为  1 成功！','删除单据成功'), ('4027','63','增加单据','192.168.100.163','2017-07-29 00:48:40','0','增加单据编号为  CGRK2017072904828 成功！','增加单据成功'), ('4028','63','登录系统','192.168.100.163','2017-07-29 00:51:21','0','管理用户：jsh 登录系统','jsh 登录系统'), ('4029','63','删除单据','192.168.100.163','2017-07-29 00:51:27','0','删除单据ID为  2 成功！','删除单据成功'), ('4030','63','增加单据','192.168.100.163','2017-07-29 00:51:42','0','增加单据编号为  CGRK2017072905128 成功！','增加单据成功'), ('4031','63','删除单据','192.168.100.163','2017-07-29 00:54:15','0','删除单据ID为  3 成功！','删除单据成功'), ('4032','63','增加单据','192.168.100.163','2017-07-29 00:54:31','0','增加单据编号为  CGRK2017072905415 成功！','增加单据成功'), ('4033','63','保存仓管通明细','192.168.100.163','2017-07-29 00:54:31','0','保存仓管通明细对应主表编号为  4 成功！','保存仓管通明细成功'), ('4034','63','删除单据','192.168.100.163','2017-07-29 00:54:44','0','删除单据ID为  4 成功！','删除单据成功'), ('4035','63','增加单据','192.168.100.163','2017-07-29 00:55:22','0','增加单据编号为  CGRK2017072905446 成功！','增加单据成功'), ('4036','63','登录系统','192.168.100.163','2017-07-29 00:58:06','0','管理用户：jsh 登录系统','jsh 登录系统'), ('4037','63','删除单据','192.168.100.163','2017-07-29 00:58:13','0','删除单据ID为  5 成功！','删除单据成功'), ('4038','63','增加单据','192.168.100.163','2017-07-29 00:58:26','0','增加单据编号为  CGRK2017072905814 成功！','增加单据成功'), ('4039','63','登录系统','192.168.100.163','2017-07-29 01:06:36','0','管理用户：jsh 登录系统','jsh 登录系统'), ('4040','63','删除单据','192.168.100.163','2017-07-29 01:06:42','0','删除单据ID为  6 成功！','删除单据成功'), ('4041','63','增加单据','192.168.100.163','2017-07-29 01:07:02','0','增加单据编号为  CGRK201707291643 成功！','增加单据成功'), ('4042','63','登录系统','192.168.100.163','2017-07-29 01:08:54','0','管理用户：jsh 登录系统','jsh 登录系统'), ('4043','63','删除单据','192.168.100.163','2017-07-29 01:09:00','0','删除单据ID为  7 成功！','删除单据成功'), ('4044','63','增加单据','192.168.100.163','2017-07-29 01:09:22','0','增加单据编号为  CGRK20170729191 成功！','增加单据成功'), ('4045','63','登录系统','192.168.100.163','2017-07-29 01:11:06','0','管理用户：jsh 登录系统','jsh 登录系统'), ('4046','63','删除单据','192.168.100.163','2017-07-29 01:11:11','0','删除单据ID为  8 成功！','删除单据成功'), ('4047','63','增加单据','192.168.100.163','2017-07-29 01:11:24','0','增加单据编号为  CGRK2017072911113 成功！','增加单据成功'), ('4048','63','登录系统','192.168.100.163','2017-07-29 01:13:16','0','管理用户：jsh 登录系统','jsh 登录系统'), ('4049','63','删除单据','192.168.100.163','2017-07-29 01:13:22','0','删除单据ID为  9 成功！','删除单据成功'), ('4050','63','增加单据','192.168.100.163','2017-07-29 01:13:36','0','增加单据编号为  CGRK2017072911322 成功！','增加单据成功'), ('4051','63','删除单据','192.168.100.163','2017-07-29 01:13:49','0','删除单据ID为  10 成功！','删除单据成功'), ('4052','63','增加单据','192.168.100.163','2017-07-29 01:14:06','0','增加单据编号为  CGRK2017072911350 成功！','增加单据成功'), ('4053','63','保存仓管通明细','192.168.100.163','2017-07-29 01:14:06','0','保存仓管通明细对应主表编号为  11 成功！','保存仓管通明细成功'), ('4054','63','登录系统','192.168.100.163','2017-07-29 01:16:56','0','管理用户：jsh 登录系统','jsh 登录系统'), ('4055','63','删除单据','192.168.100.163','2017-07-29 01:17:04','0','删除单据ID为  11 成功！','删除单据成功'), ('4056','63','增加单据','192.168.100.163','2017-07-29 01:17:26','0','增加单据编号为  CGRK201707291176 成功！','增加单据成功'), ('4057','63','增加单据','192.168.100.163','2017-07-29 01:17:58','0','增加单据编号为  CGRK2017072911744 成功！','增加单据成功'), ('4058','63','保存仓管通明细','192.168.100.163','2017-07-29 01:17:59','0','保存仓管通明细对应主表编号为  13 成功！','保存仓管通明细成功'), ('4059','63','登录系统','192.168.100.163','2017-07-29 01:26:07','0','管理用户：jsh 登录系统','jsh 登录系统'), ('4060','63','删除单据','192.168.100.163','2017-07-29 01:26:13','0','删除单据ID为  12 成功！','删除单据成功'), ('4061','63','增加单据','192.168.100.163','2017-07-29 01:26:28','0','增加单据编号为  CGRK2017072912614 成功！','增加单据成功'), ('4062','63','保存仓管通明细','192.168.100.163','2017-07-29 01:26:28','0','保存仓管通明细对应主表编号为  14 成功！','保存仓管通明细成功'), ('4063','63','登录系统','192.168.1.103','2017-07-30 09:53:58','0','管理用户：jsh 登录系统','jsh 登录系统'), ('4064','63','删除单据','192.168.1.103','2017-07-30 10:05:20','0','删除单据ID为  14 成功！','删除单据成功'), ('4065','63','增加单据','192.168.1.103','2017-07-30 10:06:05','0','增加单据编号为  CGRK2017073010522 成功！','增加单据成功'), ('4066','63','保存仓管通明细','192.168.1.103','2017-07-30 10:06:06','0','保存仓管通明细对应主表编号为  1 成功！','保存仓管通明细成功'), ('4067','63','更新单据','192.168.1.103','2017-07-30 10:14:29','0','更新单据ID为  1 成功！','更新单据成功'), ('4068','63','更新单据','192.168.1.103','2017-07-30 10:14:44','0','更新单据ID为  1 成功！','更新单据成功'), ('4069','63','更新单据','192.168.1.103','2017-07-30 10:15:03','0','更新单据ID为  1 成功！','更新单据成功'), ('4070','63','更新单据','192.168.1.103','2017-07-30 10:15:56','0','更新单据ID为  1 成功！','更新单据成功'), ('4071','63','登录系统','192.168.1.103','2017-07-30 10:20:21','0','管理用户：jsh 登录系统','jsh 登录系统'), ('4072','63','更新单据','192.168.1.103','2017-07-30 10:20:56','0','更新单据ID为  1 成功！','更新单据成功'), ('4073','63','更新单据','192.168.1.103','2017-07-30 10:21:55','0','更新单据ID为  1 成功！','更新单据成功'), ('4074','63','登录系统','192.168.1.103','2017-07-30 10:31:58','0','管理用户：jsh 登录系统','jsh 登录系统'), ('4075','63','删除单据','192.168.1.103','2017-07-30 10:32:04','0','删除单据ID为  1 成功！','删除单据成功'), ('4076','63','增加单据','192.168.1.103','2017-07-30 10:32:36','0','增加单据编号为  CGRK2017073010325 成功！','增加单据成功'), ('4077','63','登录系统','192.168.1.103','2017-07-30 10:39:22','0','管理用户：jsh 登录系统','jsh 登录系统'), ('4078','63','删除单据','192.168.1.103','2017-07-30 10:39:37','0','删除单据ID为  2 成功！','删除单据成功'), ('4079','63','增加单据','192.168.1.103','2017-07-30 10:40:01','0','增加单据编号为  CGRK20170730103938 成功！','增加单据成功'), ('4080','63','删除单据','192.168.1.103','2017-07-30 10:40:22','0','删除单据ID为  3 成功！','删除单据成功'), ('4081','63','增加单据','192.168.1.103','2017-07-30 10:40:41','0','增加单据编号为  CGRK20170730104024 成功！','增加单据成功'), ('4082','63','保存仓管通明细','192.168.1.103','2017-07-30 10:40:41','0','保存仓管通明细对应主表编号为  4 成功！','保存仓管通明细成功'), ('4083','63','登录系统','192.168.1.103','2017-07-30 10:43:19','0','管理用户：jsh 登录系统','jsh 登录系统'), ('4084','63','删除单据','192.168.1.103','2017-07-30 10:43:25','0','删除单据ID为  4 成功！','删除单据成功'), ('4085','63','增加单据','192.168.1.103','2017-07-30 10:43:53','0','增加单据编号为  CGRK20170730104326 成功！','增加单据成功'), ('4086','63','保存仓管通明细','192.168.1.103','2017-07-30 10:43:53','0','保存仓管通明细对应主表编号为  5 成功！','保存仓管通明细成功'), ('4087','63','登录系统','192.168.1.103','2017-07-30 11:03:54','0','管理用户：jsh 登录系统','jsh 登录系统'), ('4088','63','增加单据','192.168.1.103','2017-07-30 11:05:20','0','增加单据编号为  CGRK201707301142 成功！','增加单据成功'), ('4089','63','保存仓管通明细','192.168.1.103','2017-07-30 11:05:20','0','保存仓管通明细对应主表编号为  6 成功！','保存仓管通明细成功'), ('4090','63','登录系统','192.168.1.103','2017-07-30 11:13:41','0','管理用户：jsh 登录系统','jsh 登录系统'), ('4091','63','删除单据','192.168.1.103','2017-07-30 11:13:47','0','删除单据ID为  6 成功！','删除单据成功'), ('4092','63','增加单据','192.168.1.103','2017-07-30 11:14:52','0','增加单据编号为  CGRK2017073011145 成功！','增加单据成功'), ('4093','63','登录系统','192.168.1.103','2017-07-30 11:21:37','0','管理用户：jsh 登录系统','jsh 登录系统'), ('4094','63','删除单据','192.168.1.103','2017-07-30 11:21:48','0','删除单据ID为  7 成功！','删除单据成功'), ('4095','63','增加单据','192.168.1.103','2017-07-30 11:22:20','0','增加单据编号为  CGRK20170730112149 成功！','增加单据成功'), ('4096','63','保存仓管通明细','192.168.1.103','2017-07-30 11:22:20','0','保存仓管通明细对应主表编号为  8 成功！','保存仓管通明细成功'), ('4097','63','更新单据','192.168.1.103','2017-07-30 11:23:01','0','更新单据ID为  8 成功！','更新单据成功'), ('4098','63','更新单据','192.168.1.103','2017-07-30 11:23:26','0','更新单据ID为  8 成功！','更新单据成功'), ('4099','63','保存仓管通明细','192.168.1.103','2017-07-30 11:23:27','0','保存仓管通明细对应主表编号为  8 成功！','保存仓管通明细成功'), ('4100','63','更新单据','192.168.1.103','2017-07-30 11:25:23','0','更新单据ID为  8 成功！','更新单据成功'), ('4101','63','删除单据','192.168.1.103','2017-07-30 11:28:59','0','删除单据ID为  8 成功！','删除单据成功'), ('4102','63','增加单据','192.168.1.103','2017-07-30 11:29:32','0','增加单据编号为  CGRK20170730112916 成功！','增加单据成功'), ('4103','63','更新单据','192.168.1.103','2017-07-30 11:29:49','0','更新单据ID为  9 成功！','更新单据成功'), ('4104','63','保存仓管通明细','192.168.1.103','2017-07-30 11:29:49','0','保存仓管通明细对应主表编号为  9 成功！','保存仓管通明细成功'), ('4105','63','更新单据','192.168.1.103','2017-07-30 11:30:13','0','更新单据ID为  9 成功！','更新单据成功'), ('4106','63','更新单据','192.168.1.103','2017-07-30 11:31:25','0','更新单据ID为  9 成功！','更新单据成功'), ('4107','63','更新单据','192.168.1.103','2017-07-30 11:34:50','0','更新单据ID为  9 成功！','更新单据成功'), ('4108','63','更新单据','192.168.1.103','2017-07-30 11:35:07','0','更新单据ID为  9 成功！','更新单据成功'), ('4109','63','更新单据','192.168.1.103','2017-07-30 11:35:10','0','更新单据ID为  9 成功！','更新单据成功'), ('4110','63','更新单据','192.168.1.103','2017-07-30 11:35:16','0','更新单据ID为  9 成功！','更新单据成功'), ('4111','63','更新单据','192.168.1.103','2017-07-30 11:35:17','0','更新单据ID为  9 成功！','更新单据成功'), ('4112','63','更新单据','192.168.1.103','2017-07-30 11:35:19','0','更新单据ID为  9 成功！','更新单据成功'), ('4113','63','更新单据','192.168.1.103','2017-07-30 11:35:19','0','更新单据ID为  9 成功！','更新单据成功'), ('4114','63','更新单据','192.168.1.103','2017-07-30 11:35:19','0','更新单据ID为  9 成功！','更新单据成功'), ('4115','63','更新单据','192.168.1.103','2017-07-30 11:35:19','0','更新单据ID为  9 成功！','更新单据成功'), ('4116','63','更新单据','192.168.1.103','2017-07-30 11:35:20','0','更新单据ID为  9 成功！','更新单据成功'), ('4117','63','更新单据','192.168.1.103','2017-07-30 11:35:24','0','更新单据ID为  9 成功！','更新单据成功'), ('4118','63','保存仓管通明细','192.168.1.103','2017-07-30 11:35:24','0','保存仓管通明细对应主表编号为  9 成功！','保存仓管通明细成功'), ('4119','63','更新单据','192.168.1.103','2017-07-30 11:35:34','0','更新单据ID为  9 成功！','更新单据成功'), ('4120','63','删除单据','192.168.1.103','2017-07-30 11:40:01','0','删除单据ID为  9 成功！','删除单据成功'), ('4121','63','增加单据','192.168.1.103','2017-07-30 11:40:18','0','增加单据编号为  CGRK2017073011402 成功！','增加单据成功');
INSERT INTO `jsh_log` VALUES ('4122','63','保存仓管通明细','192.168.1.103','2017-07-30 11:40:19','0','保存仓管通明细对应主表编号为  10 成功！','保存仓管通明细成功'), ('4123','63','更新单据','192.168.1.103','2017-07-30 11:40:25','0','更新单据ID为  10 成功！','更新单据成功'), ('4124','63','更新单据','192.168.1.103','2017-07-30 11:40:33','0','更新单据ID为  10 成功！','更新单据成功'), ('4125','63','更新单据','192.168.1.103','2017-07-30 11:44:16','0','更新单据ID为  10 成功！','更新单据成功'), ('4126','63','更新单据','192.168.1.103','2017-07-30 11:45:57','0','更新单据ID为  10 成功！','更新单据成功'), ('4127','63','更新单据','192.168.1.103','2017-07-30 11:46:47','0','更新单据ID为  10 成功！','更新单据成功'), ('4128','63','更新单据','192.168.1.103','2017-07-30 11:46:49','0','更新单据ID为  10 成功！','更新单据成功'), ('4129','63','更新单据','192.168.1.103','2017-07-30 11:49:53','0','更新单据ID为  10 成功！','更新单据成功'), ('4130','63','更新单据','192.168.1.103','2017-07-30 11:49:56','0','更新单据ID为  10 成功！','更新单据成功'), ('4131','63','更新单据','192.168.1.103','2017-07-30 11:50:19','0','更新单据ID为  10 成功！','更新单据成功'), ('4132','63','更新单据','192.168.1.103','2017-07-30 11:51:10','0','更新单据ID为  10 成功！','更新单据成功'), ('4133','63','更新单据','192.168.1.103','2017-07-30 11:52:17','0','更新单据ID为  10 成功！','更新单据成功'), ('4134','63','更新单据','192.168.1.103','2017-07-30 11:53:53','0','更新单据ID为  10 成功！','更新单据成功'), ('4135','63','更新单据','192.168.1.103','2017-07-30 11:54:13','0','更新单据ID为  10 成功！','更新单据成功'), ('4136','63','更新单据','192.168.1.103','2017-07-30 11:54:49','0','更新单据ID为  10 成功！','更新单据成功'), ('4137','63','更新单据','192.168.1.103','2017-07-30 11:56:14','0','更新单据ID为  10 成功！','更新单据成功'), ('4138','63','更新单据','192.168.1.103','2017-07-30 11:56:18','0','更新单据ID为  10 成功！','更新单据成功'), ('4139','63','更新单据','192.168.1.103','2017-07-30 11:56:25','0','更新单据ID为  10 成功！','更新单据成功'), ('4140','63','更新单据','192.168.1.103','2017-07-30 11:56:27','0','更新单据ID为  10 成功！','更新单据成功'), ('4141','63','更新单据','192.168.1.103','2017-07-30 11:57:08','0','更新单据ID为  10 成功！','更新单据成功'), ('4142','63','更新单据','192.168.1.103','2017-07-30 11:58:47','0','更新单据ID为  10 成功！','更新单据成功'), ('4143','63','更新单据','192.168.1.103','2017-07-30 11:58:51','0','更新单据ID为  10 成功！','更新单据成功'), ('4144','63','更新单据','192.168.1.103','2017-07-30 11:59:14','0','更新单据ID为  10 成功！','更新单据成功'), ('4145','63','更新单据','192.168.1.103','2017-07-30 11:59:20','0','更新单据ID为  10 成功！','更新单据成功'), ('4146','63','更新单据','192.168.1.103','2017-07-30 11:59:21','0','更新单据ID为  10 成功！','更新单据成功'), ('4147','63','更新单据','192.168.1.103','2017-07-30 11:59:22','0','更新单据ID为  10 成功！','更新单据成功'), ('4148','63','更新单据','192.168.1.103','2017-07-30 11:59:22','0','更新单据ID为  10 成功！','更新单据成功'), ('4149','63','更新单据','192.168.1.103','2017-07-30 12:00:36','0','更新单据ID为  10 成功！','更新单据成功'), ('4150','63','更新单据','192.168.1.103','2017-07-30 12:01:04','0','更新单据ID为  10 成功！','更新单据成功'), ('4151','63','更新单据','192.168.1.103','2017-07-30 12:02:07','0','更新单据ID为  10 成功！','更新单据成功'), ('4152','63','更新单据','192.168.1.103','2017-07-30 12:02:49','0','更新单据ID为  10 成功！','更新单据成功'), ('4153','63','更新单据','192.168.1.103','2017-07-30 12:04:59','0','更新单据ID为  10 成功！','更新单据成功'), ('4154','63','更新单据','192.168.1.103','2017-07-30 12:26:39','0','更新单据ID为  10 成功！','更新单据成功'), ('4155','63','更新单据','192.168.1.103','2017-07-30 12:27:24','0','更新单据ID为  10 成功！','更新单据成功'), ('4156','63','更新单据','192.168.1.103','2017-07-30 12:28:17','0','更新单据ID为  10 成功！','更新单据成功'), ('4157','63','更新单据','192.168.1.103','2017-07-30 12:28:30','0','更新单据ID为  10 成功！','更新单据成功'), ('4158','63','更新单据','192.168.1.103','2017-07-30 12:32:30','0','更新单据ID为  10 成功！','更新单据成功'), ('4159','63','保存仓管通明细','192.168.1.103','2017-07-30 12:32:31','0','保存仓管通明细对应主表编号为  10 成功！','保存仓管通明细成功'), ('4160','63','更新单据','192.168.1.103','2017-07-30 12:32:37','0','更新单据ID为  10 成功！','更新单据成功'), ('4161','63','更新单据','192.168.1.103','2017-07-30 12:32:48','0','更新单据ID为  10 成功！','更新单据成功'), ('4162','63','更新单据','192.168.1.103','2017-07-30 12:32:55','0','更新单据ID为  10 成功！','更新单据成功'), ('4163','63','保存仓管通明细','192.168.1.103','2017-07-30 12:32:55','0','保存仓管通明细对应主表编号为  10 成功！','保存仓管通明细成功'), ('4164','63','增加单据','192.168.1.103','2017-07-30 12:37:43','0','增加单据编号为  CGRK20170730123717 成功！','增加单据成功'), ('4165','63','增加单据','192.168.1.103','2017-07-30 12:42:02','0','增加单据编号为  CGRK20170730123717 成功！','增加单据成功'), ('4166','63','保存仓管通明细','192.168.1.103','2017-07-30 12:42:02','0','保存仓管通明细对应主表编号为  12 成功！','保存仓管通明细成功'), ('4167','63','增加单据','192.168.1.103','2017-07-30 12:46:14','0','增加单据编号为  XSCK20170730124520 成功！','增加单据成功'), ('4168','63','保存仓管通明细','192.168.1.103','2017-07-30 12:46:15','0','保存仓管通明细对应主表编号为  13 成功！','保存仓管通明细成功'), ('4169','63','更新单据','192.168.1.103','2017-07-30 12:47:46','0','更新单据ID为  13 成功！','更新单据成功'), ('4170','63','保存仓管通明细','192.168.1.103','2017-07-30 12:47:46','0','保存仓管通明细对应主表编号为  13 成功！','保存仓管通明细成功'), ('4171','63','增加经手人','192.168.1.103','2017-07-30 13:11:16','0','增加经手人名称为  小李-业务员 成功！','增加经手人成功'), ('4172','63','增加经手人','192.168.1.103','2017-07-30 13:11:28','0','增加经手人名称为  小军-业务员 成功！','增加经手人成功'), ('4173','63','登录系统','192.168.1.103','2017-07-30 13:40:38','0','管理用户：jsh 登录系统','jsh 登录系统'), ('4174','63','登录系统','192.168.1.103','2017-07-30 13:51:19','0','管理用户：jsh 登录系统','jsh 登录系统'), ('4175','63','增加单据','192.168.1.103','2017-07-30 13:55:51','0','增加单据编号为  XSCK20170730135537 成功！','增加单据成功'), ('4176','63','保存仓管通明细','192.168.1.103','2017-07-30 13:55:52','0','保存仓管通明细对应主表编号为  14 成功！','保存仓管通明细成功'), ('4177','63','增加单据','192.168.1.103','2017-07-30 13:59:19','0','增加单据编号为  XSCK2017073013592 成功！','增加单据成功'), ('4178','63','保存仓管通明细','192.168.1.103','2017-07-30 13:59:19','0','保存仓管通明细对应主表编号为  15 成功！','保存仓管通明细成功'), ('4179','63','登录系统','192.168.100.163','2017-07-30 18:47:53','0','管理用户：jsh 登录系统','jsh 登录系统'), ('4180','63','删除单据','192.168.100.163','2017-07-30 18:57:07','0','删除单据ID为  15 成功！','删除单据成功'), ('4181','63','删除单据','192.168.100.163','2017-07-30 18:57:09','0','删除单据ID为  14 成功！','删除单据成功'), ('4182','63','删除单据','192.168.100.163','2017-07-30 18:57:10','0','删除单据ID为  13 成功！','删除单据成功'), ('4183','63','删除单据','192.168.100.163','2017-07-30 18:57:28','0','删除单据ID为  12 成功！','删除单据成功'), ('4184','63','删除单据','192.168.100.163','2017-07-30 18:57:30','0','删除单据ID为  11 成功！','删除单据成功'), ('4185','63','删除单据','192.168.100.163','2017-07-30 18:57:52','0','删除单据ID为  10 成功！','删除单据成功'), ('4186','63','增加单据','192.168.100.163','2017-07-30 19:03:22','0','增加单据编号为  XSCK20170730185833 成功！','增加单据成功'), ('4187','63','保存仓管通明细','192.168.100.163','2017-07-30 19:03:22','0','保存仓管通明细对应主表编号为  1 成功！','保存仓管通明细成功'), ('4188','63','删除单据','192.168.100.163','2017-07-30 19:04:40','0','删除单据ID为  1 成功！','删除单据成功'), ('4189','63','增加单据','192.168.100.163','2017-07-30 19:05:09','0','增加单据编号为  XSCK2017073019448 成功！','增加单据成功'), ('4190','63','保存仓管通明细','192.168.100.163','2017-07-30 19:05:09','0','保存仓管通明细对应主表编号为  2 成功！','保存仓管通明细成功'), ('4191','63','删除单据','192.168.100.163','2017-07-30 19:07:49','0','删除单据ID为  2 成功！','删除单据成功'), ('4192','63','增加单据','192.168.100.163','2017-07-30 19:08:08','0','增加单据编号为  XSCK2017073019751 成功！','增加单据成功'), ('4193','63','保存仓管通明细','192.168.100.163','2017-07-30 19:08:08','0','保存仓管通明细对应主表编号为  3 成功！','保存仓管通明细成功'), ('4194','63','登录系统','192.168.100.163','2017-07-30 19:14:40','0','管理用户：jsh 登录系统','jsh 登录系统'), ('4195','63','删除单据','192.168.100.163','2017-07-30 19:14:48','0','删除单据ID为  3 成功！','删除单据成功'), ('4196','63','增加单据','192.168.100.163','2017-07-30 19:15:11','0','增加单据编号为  XSCK20170730191450 成功！','增加单据成功'), ('4197','63','保存仓管通明细','192.168.100.163','2017-07-30 19:15:11','0','保存仓管通明细对应主表编号为  4 成功！','保存仓管通明细成功'), ('4198','63','登录系统','192.168.100.163','2017-07-30 19:17:40','0','管理用户：jsh 登录系统','jsh 登录系统'), ('4199','63','删除单据','192.168.100.163','2017-07-30 19:17:50','0','删除单据ID为  4 成功！','删除单据成功'), ('4200','63','增加单据','192.168.100.163','2017-07-30 19:18:13','0','增加单据编号为  XSCK20170730191752 成功！','增加单据成功'), ('4201','63','保存仓管通明细','192.168.100.163','2017-07-30 19:18:14','0','保存仓管通明细对应主表编号为  5 成功！','保存仓管通明细成功'), ('4202','63','登录系统','192.168.100.163','2017-07-30 19:23:42','0','管理用户：jsh 登录系统','jsh 登录系统'), ('4203','63','删除单据','192.168.100.163','2017-07-30 19:23:51','0','删除单据ID为  5 成功！','删除单据成功'), ('4204','63','增加单据','192.168.100.163','2017-07-30 19:24:28','0','增加单据编号为  XSCK20170730192354 成功！','增加单据成功'), ('4205','63','保存仓管通明细','192.168.100.163','2017-07-30 19:24:29','0','保存仓管通明细对应主表编号为  6 成功！','保存仓管通明细成功'), ('4206','63','删除单据','192.168.100.163','2017-07-30 19:33:09','0','删除单据ID为  6 成功！','删除单据成功'), ('4207','63','增加单据','192.168.100.163','2017-07-30 19:35:42','0','增加单据编号为  XSCK20170730193525 成功！','增加单据成功'), ('4208','63','保存仓管通明细','192.168.100.163','2017-07-30 19:35:47','0','保存仓管通明细对应主表编号为  7 成功！','保存仓管通明细成功'), ('4209','63','删除单据','192.168.100.163','2017-07-30 19:39:34','0','删除单据ID为  7 成功！','删除单据成功'), ('4210','63','增加单据','192.168.100.163','2017-07-30 19:39:51','0','增加单据编号为  XSCK20170730193936 成功！','增加单据成功'), ('4211','63','保存仓管通明细','192.168.100.163','2017-07-30 19:39:51','0','保存仓管通明细对应主表编号为  8 成功！','保存仓管通明细成功'), ('4212','63','登录系统','192.168.100.163','2017-07-30 19:53:56','0','管理用户：jsh 登录系统','jsh 登录系统'), ('4213','63','登录系统','192.168.100.163','2017-07-30 19:59:40','0','管理用户：jsh 登录系统','jsh 登录系统'), ('4214','63','删除单据','192.168.100.163','2017-07-30 19:59:55','0','删除单据ID为  8 成功！','删除单据成功'), ('4215','63','增加单据','192.168.100.163','2017-07-30 20:00:16','0','增加单据编号为  XSCK20170730195958 成功！','增加单据成功'), ('4216','63','保存仓管通明细','192.168.100.163','2017-07-30 20:00:16','0','保存仓管通明细对应主表编号为  9 成功！','保存仓管通明细成功'), ('4217','63','删除单据','192.168.100.163','2017-07-30 21:01:42','0','删除单据ID为  9 成功！','删除单据成功'), ('4218','63','增加单据','192.168.100.163','2017-07-30 21:01:57','0','增加单据编号为  XSCK2017073021142 成功！','增加单据成功'), ('4219','63','保存仓管通明细','192.168.100.163','2017-07-30 21:01:58','0','保存仓管通明细对应主表编号为  10 成功！','保存仓管通明细成功'), ('4220','63','删除单据','192.168.100.163','2017-07-30 21:07:16','0','删除单据ID为  10 成功！','删除单据成功'), ('4221','63','增加经手人','192.168.100.163','2017-07-30 21:07:46','0','增加经手人名称为  小曹 成功！','增加经手人成功');
INSERT INTO `jsh_log` VALUES ('4222','63','更新经手人','192.168.100.163','2017-07-30 21:08:00','0','更新经手人ID为  5 成功！','更新经手人成功'), ('4223','63','更新经手人','192.168.100.163','2017-07-30 21:08:05','0','更新经手人ID为  5 成功！','更新经手人成功'), ('4224','63','更新经手人','192.168.100.163','2017-07-30 21:08:08','0','更新经手人ID为  6 成功！','更新经手人成功'), ('4225','63','增加单据','192.168.100.163','2017-07-30 21:08:41','0','增加单据编号为  XSCK2017073021820 成功！','增加单据成功'), ('4226','63','保存仓管通明细','192.168.100.163','2017-07-30 21:08:41','0','保存仓管通明细对应主表编号为  11 成功！','保存仓管通明细成功'), ('4227','63','删除单据','192.168.100.163','2017-07-30 21:12:50','0','删除单据ID为  11 成功！','删除单据成功'), ('4228','63','增加单据','192.168.100.163','2017-07-30 21:13:05','0','增加单据编号为  XSCK20170730211251 成功！','增加单据成功'), ('4229','63','保存仓管通明细','192.168.100.163','2017-07-30 21:13:05','0','保存仓管通明细对应主表编号为  12 成功！','保存仓管通明细成功'), ('4230','63','增加单据','192.168.100.163','2017-07-30 21:14:32','0','增加单据编号为  XSCK20170730211418 成功！','增加单据成功'), ('4231','63','保存仓管通明细','192.168.100.163','2017-07-30 21:14:32','0','保存仓管通明细对应主表编号为  13 成功！','保存仓管通明细成功'), ('4232','63','增加单据','192.168.100.163','2017-07-30 21:15:14','0','增加单据编号为  XSCK20170730211459 成功！','增加单据成功'), ('4233','63','保存仓管通明细','192.168.100.163','2017-07-30 21:15:14','0','保存仓管通明细对应主表编号为  14 成功！','保存仓管通明细成功'), ('4234','63','批量删除单据','192.168.100.163','2017-07-30 21:15:44','0','批量删除单据ID为  14,13,12 成功！','批量删除单据成功'), ('4235','63','增加单据','192.168.100.163','2017-07-30 21:16:02','0','增加单据编号为  XSCK20170730211545 成功！','增加单据成功'), ('4236','63','保存仓管通明细','192.168.100.163','2017-07-30 21:16:03','0','保存仓管通明细对应主表编号为  15 成功！','保存仓管通明细成功'), ('4237','63','更新单据','192.168.100.163','2017-07-30 21:17:25','0','更新单据ID为  15 成功！','更新单据成功'), ('4238','63','删除单据','192.168.100.163','2017-07-30 21:25:09','0','删除单据ID为  15 成功！','删除单据成功'), ('4239','63','增加单据','192.168.100.163','2017-07-30 21:25:26','0','增加单据编号为  XSCK20170730212512 成功！','增加单据成功'), ('4240','63','保存仓管通明细','192.168.100.163','2017-07-30 21:25:26','0','保存仓管通明细对应主表编号为  16 成功！','保存仓管通明细成功'), ('4241','63','登录系统','192.168.100.163','2017-07-30 21:49:38','0','管理用户：jsh 登录系统','jsh 登录系统'), ('4242','63','登录系统','192.168.100.163','2017-07-30 21:52:02','0','管理用户：jsh 登录系统','jsh 登录系统'), ('4243','63','更新单据','192.168.100.163','2017-07-30 22:11:18','0','更新单据ID为  16 成功！','更新单据成功'), ('4244','63','登录系统','192.168.100.163','2017-07-30 22:53:49','0','管理用户：jsh 登录系统','jsh 登录系统'), ('4245','63','登录系统','192.168.100.163','2017-07-30 23:12:29','0','管理用户：jsh 登录系统','jsh 登录系统'), ('4246','63','登录系统','192.168.100.163','2017-07-30 23:29:39','0','管理用户：jsh 登录系统','jsh 登录系统'), ('4247','63','登录系统','192.168.100.163','2017-07-30 23:34:13','0','管理用户：jsh 登录系统','jsh 登录系统'), ('4248','63','删除单据','192.168.100.163','2017-07-30 23:36:38','0','删除单据ID为  16 成功！','删除单据成功'), ('4249','63','增加单据','192.168.100.163','2017-07-30 23:37:30','0','增加单据编号为  XSCK20170730233655 成功！','增加单据成功'), ('4250','63','保存仓管通明细','192.168.100.163','2017-07-30 23:37:30','0','保存仓管通明细对应主表编号为  17 成功！','保存仓管通明细成功'), ('4251','63','登录系统','192.168.100.163','2017-07-30 23:39:33','0','管理用户：jsh 登录系统','jsh 登录系统'), ('4252','63','增加单据','192.168.100.163','2017-07-30 23:54:42','0','增加单据编号为  XSCK20170730235423 成功！','增加单据成功'), ('4253','63','保存仓管通明细','192.168.100.163','2017-07-30 23:54:43','0','保存仓管通明细对应主表编号为  18 成功！','保存仓管通明细成功'), ('4254','63','增加单据','192.168.100.163','2017-07-31 00:02:21','0','增加单据编号为  CGRK20170731027 成功！','增加单据成功'), ('4255','63','保存仓管通明细','192.168.100.163','2017-07-31 00:02:21','0','保存仓管通明细对应主表编号为  19 成功！','保存仓管通明细成功'), ('4256','63','增加单据','192.168.100.163','2017-07-31 00:02:50','0','增加单据编号为  XSCK201707310229 成功！','增加单据成功'), ('4257','63','保存仓管通明细','192.168.100.163','2017-07-31 00:02:50','0','保存仓管通明细对应主表编号为  20 成功！','保存仓管通明细成功'), ('4258','63','更新单据','192.168.100.163','2017-07-31 00:03:34','0','更新单据ID为  20 成功！','更新单据成功'), ('4259','63','保存仓管通明细','192.168.100.163','2017-07-31 00:03:35','0','保存仓管通明细对应主表编号为  20 成功！','保存仓管通明细成功'), ('4260','63','更新单据','192.168.100.163','2017-07-31 00:15:52','0','更新单据ID为  19 成功！','更新单据成功'), ('4261','63','增加单据','192.168.100.163','2017-07-31 00:22:43','0','增加单据编号为  CGRK2017073102226 成功！','增加单据成功'), ('4262','63','保存仓管通明细','192.168.100.163','2017-07-31 00:22:43','0','保存仓管通明细对应主表编号为  21 成功！','保存仓管通明细成功'), ('4263','63','删除单据','192.168.100.163','2017-07-31 00:24:15','0','删除单据ID为  18 成功！','删除单据成功'), ('4264','63','登录系统','192.168.100.163','2017-07-31 20:47:31','0','管理用户：jsh 登录系统','jsh 登录系统'), ('4265','63','更新单据','192.168.100.163','2017-07-31 21:13:00','0','更新单据ID为  19 成功！','更新单据成功'), ('4266','63','更新单据','192.168.100.163','2017-07-31 21:13:25','0','更新单据ID为  21 成功！','更新单据成功'), ('4267','63','登录系统','192.168.100.163','2017-07-31 21:17:11','0','管理用户：jsh 登录系统','jsh 登录系统'), ('4268','63','更新单据','192.168.100.163','2017-07-31 21:17:32','0','更新单据ID为  21 成功！','更新单据成功'), ('4269','63','更新单据','192.168.100.163','2017-07-31 21:17:44','0','更新单据ID为  19 成功！','更新单据成功'), ('4270','63','增加结算账户','192.168.100.163','2017-07-31 21:18:54','0','增加结算账户名称为  支付宝 成功！','增加结算账户成功'), ('4271','63','增加结算账户','192.168.100.163','2017-07-31 21:21:37','0','增加结算账户名称为  微信 成功！','增加结算账户成功'), ('4272','63','增加结算账户','192.168.100.163','2017-07-31 21:23:07','0','增加结算账户名称为  上海农行 成功！','增加结算账户成功'), ('4273','63','更新结算账户','192.168.100.163','2017-07-31 21:23:24','0','更新结算账户ID为  12 成功！','更新结算账户成功'), ('4274','63','登录系统','192.168.100.163','2017-08-01 20:49:53','0','管理用户：jsh 登录系统','jsh 登录系统'), ('4275','63','增加单据','192.168.100.163','2017-08-01 23:34:02','0','增加单据编号为  CGRK20170801233342 成功！','增加单据成功'), ('4276','63','保存仓管通明细','192.168.100.163','2017-08-01 23:34:03','0','保存仓管通明细对应主表编号为  22 成功！','保存仓管通明细成功'), ('4277','63','增加单据','192.168.100.163','2017-08-02 00:48:25','0','增加单据编号为  CGRK2017080204614 成功！','增加单据成功'), ('4278','63','保存仓管通明细','192.168.100.163','2017-08-02 00:48:26','0','保存仓管通明细对应主表编号为  23 成功！','保存仓管通明细成功'), ('4279','63','登录系统','192.168.100.163','2017-08-02 20:52:48','0','管理用户：jsh 登录系统','jsh 登录系统'), ('4280','63','登录系统','192.168.100.163','2017-08-02 21:55:07','0','管理用户：jsh 登录系统','jsh 登录系统'), ('4281','63','更新单据','192.168.100.163','2017-08-02 22:02:06','0','更新单据ID为  23 成功！','更新单据成功'), ('4282','63','更新单据','192.168.100.163','2017-08-02 22:02:36','0','更新单据ID为  23 成功！','更新单据成功'), ('4283','63','更新单据','192.168.100.163','2017-08-02 22:02:55','0','更新单据ID为  23 成功！','更新单据成功'), ('4284','63','更新单据','192.168.100.163','2017-08-02 22:13:59','0','更新单据ID为  23 成功！','更新单据成功'), ('4285','63','更新单据','192.168.100.163','2017-08-02 22:16:46','0','更新单据ID为  23 成功！','更新单据成功'), ('4286','63','更新单据','192.168.100.163','2017-08-02 22:18:13','0','更新单据ID为  23 成功！','更新单据成功'), ('4287','63','更新单据','192.168.100.163','2017-08-02 22:18:44','0','更新单据ID为  23 成功！','更新单据成功'), ('4288','63','更新单据','192.168.100.163','2017-08-02 22:19:03','0','更新单据ID为  23 成功！','更新单据成功'), ('4289','63','更新单据','192.168.100.163','2017-08-02 22:19:46','0','更新单据ID为  23 成功！','更新单据成功'), ('4290','63','更新单据','192.168.100.163','2017-08-02 22:43:25','0','更新单据ID为  23 成功！','更新单据成功'), ('4291','63','增加单据','192.168.100.163','2017-08-02 23:47:17','0','增加单据编号为  XSCK20170802234525 成功！','增加单据成功'), ('4292','63','保存仓管通明细','192.168.100.163','2017-08-02 23:47:17','0','保存仓管通明细对应主表编号为  24 成功！','保存仓管通明细成功'), ('4293','63','更新单据','192.168.100.163','2017-08-03 00:06:50','0','更新单据ID为  23 成功！','更新单据成功'), ('4294','63','保存仓管通明细','192.168.100.163','2017-08-03 00:06:50','0','保存仓管通明细对应主表编号为  23 成功！','保存仓管通明细成功'), ('4295','63','登录系统','192.168.100.163','2017-08-03 00:50:56','0','管理用户：jsh 登录系统','jsh 登录系统'), ('4296','63','登录系统','192.168.100.163','2017-08-03 00:55:36','0','管理用户：jsh 登录系统','jsh 登录系统'), ('4297','63','登录系统','192.168.100.163','2017-08-03 00:57:06','0','管理用户：jsh 登录系统','jsh 登录系统'), ('4298','63','登录系统','192.168.100.163','2017-08-03 20:22:06','0','管理用户：jsh 登录系统','jsh 登录系统'), ('4299','63','登录系统','192.168.100.163','2017-08-03 22:09:49','0','管理用户：jsh 登录系统','jsh 登录系统'), ('4300','63','增加功能','192.168.100.163','2017-08-03 22:33:58','0','增加功能名称为  计量单位 成功！','增加功能成功'), ('4301','63','更新功能','192.168.100.163','2017-08-03 22:34:19','0','更新功能ID为  220 成功！','更新功能成功'), ('4302','63','更新UserBusiness','192.168.100.163','2017-08-03 22:34:42','0','更新UserBusiness的ID为  5 成功！','更新UserBusiness成功'), ('4303','63','更新功能','192.168.100.163','2017-08-03 22:35:49','0','更新功能ID为  220 成功！','更新功能成功'), ('4304','63','增加计量单位','192.168.100.163','2017-08-03 22:36:23','1','增加计量单位名称为  aaaa 失败！','增加计量单位失败'), ('4305','63','登录系统','192.168.100.163','2017-08-03 22:37:51','0','管理用户：jsh 登录系统','jsh 登录系统'), ('4306','63','增加计量单位','192.168.100.163','2017-08-03 22:38:01','1','增加计量单位名称为  aaaa 失败！','增加计量单位失败'), ('4307','63','增加计量单位','192.168.100.163','2017-08-03 22:38:35','1','增加计量单位名称为  aaaa 失败！','增加计量单位失败'), ('4308','63','登录系统','192.168.100.163','2017-08-03 22:41:49','0','管理用户：jsh 登录系统','jsh 登录系统'), ('4309','63','增加计量单位','192.168.100.163','2017-08-03 22:41:54','0','增加计量单位名称为  123 成功！','增加计量单位成功'), ('4310','63','增加计量单位','192.168.100.163','2017-08-03 22:41:58','0','增加计量单位名称为  1234124 成功！','增加计量单位成功'), ('4311','63','更新计量单位','192.168.100.163','2017-08-03 22:42:22','0','更新计量单位ID为  2 成功！','更新计量单位成功'), ('4312','63','更新计量单位','192.168.100.163','2017-08-03 22:42:36','0','更新计量单位ID为  1 成功！','更新计量单位成功'), ('4313','63','批量删除计量单位','192.168.100.163','2017-08-03 22:44:04','0','批量删除计量单位ID为  1 成功！','批量删除计量单位成功'), ('4314','63','增加计量单位','192.168.100.163','2017-08-03 22:44:08','0','增加计量单位名称为  ssss 成功！','增加计量单位成功'), ('4315','63','增加计量单位','192.168.100.163','2017-08-03 22:44:13','0','增加计量单位名称为  wwww 成功！','增加计量单位成功'), ('4316','63','增加计量单位','192.168.100.163','2017-08-03 22:44:23','0','增加计量单位名称为  dddddd 成功！','增加计量单位成功'), ('4317','63','增加计量单位','192.168.100.163','2017-08-03 22:44:26','0','增加计量单位名称为  fffff 成功！','增加计量单位成功'), ('4318','63','更新计量单位','192.168.100.163','2017-08-03 22:44:39','0','更新计量单位ID为  5 成功！','更新计量单位成功'), ('4319','63','更新计量单位','192.168.100.163','2017-08-03 22:44:43','0','更新计量单位ID为  5 成功！','更新计量单位成功'), ('4320','63','批量删除计量单位','192.168.100.163','2017-08-03 22:44:48','0','批量删除计量单位ID为  6 成功！','批量删除计量单位成功'), ('4321','63','增加计量单位','192.168.100.163','2017-08-03 22:44:50','0','增加计量单位名称为  12312 成功！','增加计量单位成功');
INSERT INTO `jsh_log` VALUES ('4322','63','增加计量单位','192.168.100.163','2017-08-03 23:21:44','0','增加计量单位名称为  瓶,箱(1:12) 成功！','增加计量单位成功'), ('4323','63','增加计量单位','192.168.100.163','2017-08-03 23:23:01','0','增加计量单位名称为  dsd,ad(1:123) 成功！','增加计量单位成功'), ('4324','63','批量删除计量单位','192.168.100.163','2017-08-03 23:23:05','0','批量删除计量单位ID为  9 成功！','批量删除计量单位成功'), ('4325','63','删除计量单位','192.168.100.163','2017-08-03 23:23:27','0','删除计量单位ID为  3 成功！','删除计量单位成功'), ('4326','63','删除计量单位','192.168.100.163','2017-08-03 23:23:29','0','删除计量单位ID为  4 成功！','删除计量单位成功'), ('4327','63','删除计量单位','192.168.100.163','2017-08-03 23:23:31','0','删除计量单位ID为  5 成功！','删除计量单位成功'), ('4328','63','删除计量单位','192.168.100.163','2017-08-03 23:23:34','0','删除计量单位ID为  7 成功！','删除计量单位成功'), ('4329','63','增加计量单位','192.168.100.163','2017-08-03 23:24:49','0','增加计量单位名称为  123,234(1:23) 成功！','增加计量单位成功'), ('4330','63','删除计量单位','192.168.100.163','2017-08-03 23:24:54','0','删除计量单位ID为  10 成功！','删除计量单位成功'), ('4331','63','增加计量单位','192.168.100.163','2017-08-03 23:27:00','0','增加计量单位名称为  qwe,sed(1:33) 成功！','增加计量单位成功'), ('4332','63','增加计量单位','192.168.100.163','2017-08-03 23:27:14','0','增加计量单位名称为  33,44(1:5) 成功！','增加计量单位成功'), ('4333','63','更新计量单位','192.168.100.163','2017-08-03 23:51:16','0','更新计量单位ID为  2 成功！','更新计量单位成功'), ('4334','63','更新计量单位','192.168.100.163','2017-08-03 23:51:21','0','更新计量单位ID为  2 成功！','更新计量单位成功'), ('4335','63','更新计量单位','192.168.100.163','2017-08-03 23:51:24','0','更新计量单位ID为  2 成功！','更新计量单位成功'), ('4336','63','更新计量单位','192.168.100.163','2017-08-03 23:51:38','0','更新计量单位ID为  2 成功！','更新计量单位成功'), ('4337','63','登录系统','192.168.100.163','2017-08-04 00:42:19','0','管理用户：jsh 登录系统','jsh 登录系统'), ('4338','63','登录系统','192.168.100.163','2017-08-04 00:45:19','0','管理用户：jsh 登录系统','jsh 登录系统'), ('4339','63','更新商品','192.168.100.163','2017-08-04 00:48:05','0','更新商品ID为  485 成功！','更新商品成功'), ('4340','63','登录系统','192.168.100.163','2017-08-04 20:55:57','0','管理用户：jsh 登录系统','jsh 登录系统'), ('4341','63','登录系统','192.168.100.163','2017-08-04 23:16:17','0','管理用户：jsh 登录系统','jsh 登录系统'), ('4342','63','增加商品','192.168.100.163','2017-08-05 00:06:46','0','增加商品名称为  aaaaa 成功！','增加商品成功'), ('4343','63','增加商品','192.168.100.163','2017-08-05 00:08:09','0','增加商品名称为  aaaa 成功！','增加商品成功'), ('4344','63','登录系统','192.168.100.163','2017-08-05 00:11:42','0','管理用户：jsh 登录系统','jsh 登录系统'), ('4345','63','增加商品','192.168.100.163','2017-08-05 00:11:54','0','增加商品名称为  aaaa 成功！','增加商品成功'), ('4346','63','删除商品','192.168.100.163','2017-08-05 00:11:59','0','删除商品ID为  504 成功！','删除商品成功'), ('4347','63','增加商品','192.168.100.163','2017-08-05 00:16:08','0','增加商品名称为  bbbbb 成功！','增加商品成功'), ('4348','63','登录系统','192.168.100.163','2017-08-05 00:17:55','0','管理用户：jsh 登录系统','jsh 登录系统'), ('4349','63','增加商品','192.168.100.163','2017-08-05 00:18:22','0','增加商品名称为  cccc 成功！','增加商品成功'), ('4350','63','删除商品','192.168.100.163','2017-08-05 00:22:00','0','删除商品ID为  506 成功！','删除商品成功'), ('4351','63','增加商品','192.168.100.163','2017-08-05 00:22:13','0','增加商品名称为  cccc 成功！','增加商品成功'), ('4352','63','增加商品','192.168.100.163','2017-08-05 00:24:23','0','增加商品名称为  dddd 成功！','增加商品成功'), ('4353','63','增加商品','192.168.100.163','2017-08-05 00:26:40','0','增加商品名称为  eeee 成功！','增加商品成功'), ('4354','63','登录系统','192.168.100.163','2017-08-05 00:30:54','0','管理用户：jsh 登录系统','jsh 登录系统'), ('4355','63','增加商品','192.168.100.163','2017-08-05 00:31:10','0','增加商品名称为  eewe 成功！','增加商品成功'), ('4356','63','批量删除商品','192.168.100.163','2017-08-05 00:31:19','0','批量删除商品ID为  508,509,510 成功！','批量删除商品成功'), ('4357','63','批量删除商品','192.168.100.163','2017-08-05 00:31:23','0','批量删除商品ID为  502,503,505 成功！','批量删除商品成功'), ('4358','63','批量删除商品','192.168.100.163','2017-08-05 00:31:27','0','批量删除商品ID为  507 成功！','批量删除商品成功'), ('4359','63','增加商品','192.168.100.163','2017-08-05 00:31:38','0','增加商品名称为  rrrr 成功！','增加商品成功'), ('4360','63','批量删除商品','192.168.100.163','2017-08-05 00:32:14','0','批量删除商品ID为  511 成功！','批量删除商品成功'), ('4361','63','增加商品','192.168.100.163','2017-08-05 00:32:25','0','增加商品名称为  gggg 成功！','增加商品成功'), ('4362','63','登录系统','192.168.1.108','2017-08-06 09:58:00','0','管理用户：jsh 登录系统','jsh 登录系统'), ('4363','63','增加商品','192.168.1.108','2017-08-06 10:22:35','1','增加商品名称为  棉线123 失败！','增加商品失败'), ('4364','63','增加商品','192.168.1.108','2017-08-06 10:23:00','1','增加商品名称为  棉线123 失败！','增加商品失败'), ('4365','63','增加商品','192.168.1.108','2017-08-06 10:28:28','0','增加商品名称为  ddd 成功！','增加商品成功'), ('4366','63','删除商品','192.168.1.108','2017-08-06 10:30:03','0','删除商品ID为  513 成功！','删除商品成功'), ('4367','63','增加商品','192.168.1.108','2017-08-06 10:30:28','0','增加商品名称为  yyyy 成功！','增加商品成功'), ('4368','63','登录系统','192.168.1.108','2017-08-06 11:40:30','0','管理用户：jsh 登录系统','jsh 登录系统'), ('4369','63','增加商品','192.168.1.108','2017-08-06 12:55:58','0','增加商品名称为  555ffff 成功！','增加商品成功'), ('4370','63','增加商品','192.168.1.108','2017-08-06 12:56:59','0','增加商品名称为  酸奶 成功！','增加商品成功'), ('4371','63','更新商品','192.168.1.108','2017-08-06 12:57:36','0','更新商品ID为  516 成功！','更新商品成功'), ('4372','63','更新商品','192.168.1.108','2017-08-06 12:57:44','0','更新商品ID为  516 成功！','更新商品成功'), ('4373','63','更新商品','192.168.1.108','2017-08-06 12:58:10','0','更新商品ID为  516 成功！','更新商品成功'), ('4374','63','更新商品','192.168.1.108','2017-08-06 13:02:49','0','更新商品ID为  516 成功！','更新商品成功'), ('4375','63','更新商品','192.168.1.108','2017-08-06 13:03:06','0','更新商品ID为  516 成功！','更新商品成功'), ('4376','63','登录系统','192.168.1.108','2017-08-06 13:04:40','0','管理用户：jsh 登录系统','jsh 登录系统'), ('4377','63','更新商品','192.168.1.108','2017-08-06 13:04:58','0','更新商品ID为  516 成功！','更新商品成功'), ('4378','63','更新商品','192.168.1.108','2017-08-06 13:05:05','0','更新商品ID为  516 成功！','更新商品成功'), ('4379','63','更新商品','192.168.1.108','2017-08-06 13:05:57','0','更新商品ID为  516 成功！','更新商品成功'), ('4380','63','更新商品','192.168.1.108','2017-08-06 13:07:31','0','更新商品ID为  516 成功！','更新商品成功'), ('4381','63','登录系统','192.168.1.108','2017-08-06 13:10:43','0','管理用户：jsh 登录系统','jsh 登录系统'), ('4382','63','更新商品','192.168.1.108','2017-08-06 13:10:53','0','更新商品ID为  516 成功！','更新商品成功'), ('4383','63','更新商品','192.168.1.108','2017-08-06 13:16:13','0','更新商品ID为  516 成功！','更新商品成功'), ('4384','63','更新商品','192.168.1.108','2017-08-06 13:17:23','0','更新商品ID为  516 成功！','更新商品成功'), ('4385','63','更新商品','192.168.1.108','2017-08-06 13:24:44','0','更新商品ID为  514 成功！','更新商品成功'), ('4386','63','增加单据','192.168.1.108','2017-08-06 13:39:58','0','增加单据编号为  CGRK20170806133910 成功！','增加单据成功'), ('4387','63','保存仓管通明细','192.168.1.108','2017-08-06 13:39:59','0','保存仓管通明细对应主表编号为  25 成功！','保存仓管通明细成功'), ('4388','63','登录系统','192.168.100.163','2017-08-06 18:27:22','0','管理用户：jsh 登录系统','jsh 登录系统'), ('4389','63','增加单据','192.168.100.163','2017-08-06 18:58:15','0','增加单据编号为  CGRK20170806184916 成功！','增加单据成功'), ('4390','63','保存仓管通明细','192.168.100.163','2017-08-06 18:58:15','0','保存仓管通明细对应主表编号为  26 成功！','保存仓管通明细成功'), ('4391','63','批量修改商品状态','192.168.100.163','2017-08-06 19:19:26','0','批量修改状态，商品ID为  499 成功！','批量修改商品状态成功'), ('4392','63','批量修改商品状态','192.168.100.163','2017-08-06 19:19:32','0','批量修改状态，商品ID为  499 成功！','批量修改商品状态成功'), ('4393','63','批量修改商品状态','192.168.100.163','2017-08-06 19:19:37','0','批量修改状态，商品ID为  499 成功！','批量修改商品状态成功'), ('4394','63','更新商品','192.168.100.163','2017-08-06 19:21:27','0','更新商品ID为  498 成功！','更新商品成功'), ('4395','63','更新商品','192.168.100.163','2017-08-06 19:21:41','0','更新商品ID为  499 成功！','更新商品成功'), ('4396','63','更新商品','192.168.100.163','2017-08-06 19:21:59','0','更新商品ID为  500 成功！','更新商品成功'), ('4397','63','更新商品','192.168.100.163','2017-08-06 19:42:50','0','更新商品ID为  487 成功！','更新商品成功'), ('4398','63','更新商品','192.168.100.163','2017-08-06 19:43:00','0','更新商品ID为  498 成功！','更新商品成功'), ('4399','63','更新商品','192.168.100.163','2017-08-06 19:43:06','0','更新商品ID为  499 成功！','更新商品成功'), ('4400','63','登录系统','192.168.100.163','2017-08-06 19:57:35','0','管理用户：jsh 登录系统','jsh 登录系统'), ('4401','63','更新商品','192.168.100.163','2017-08-06 21:31:34','0','更新商品ID为  516 成功！','更新商品成功'), ('4402','63','更新商品','192.168.100.163','2017-08-06 21:32:23','0','更新商品ID为  516 成功！','更新商品成功'), ('4403','63','增加单据','192.168.100.163','2017-08-06 23:15:29','0','增加单据编号为  XSCK20170806231357 成功！','增加单据成功'), ('4404','63','保存仓管通明细','192.168.100.163','2017-08-06 23:15:29','0','保存仓管通明细对应主表编号为  27 成功！','保存仓管通明细成功'), ('4405','63','更新供应商','192.168.100.163','2017-08-06 23:19:43','0','更新供应商ID为  1 成功！','更新供应商成功'), ('4406','63','登录系统','192.168.100.163','2017-08-06 23:49:15','0','管理用户：jsh 登录系统','jsh 登录系统'), ('4407','63','更新供应商','192.168.100.163','2017-08-06 23:55:46','0','更新供应商ID为  4 成功！','更新供应商成功'), ('4408','63','增加单据','192.168.100.163','2017-08-07 00:22:28','0','增加单据编号为  CGRK201708070211 成功！','增加单据成功'), ('4409','63','保存仓管通明细','192.168.100.163','2017-08-07 00:22:28','0','保存仓管通明细对应主表编号为  28 成功！','保存仓管通明细成功'), ('4410','63','登录系统','192.168.100.163','2017-08-07 20:15:30','0','管理用户：jsh 登录系统','jsh 登录系统'), ('4411','63','更新商品','192.168.100.163','2017-08-07 20:16:30','0','更新商品ID为  516 成功！','更新商品成功'), ('4412','63','更新商品','192.168.100.163','2017-08-07 20:17:31','0','更新商品ID为  516 成功！','更新商品成功'), ('4413','63','登录系统','192.168.100.163','2017-08-07 21:00:54','0','管理用户：jsh 登录系统','jsh 登录系统'), ('4414','63','登录系统','192.168.100.163','2017-08-07 21:31:04','0','管理用户：jsh 登录系统','jsh 登录系统'), ('4415','63','登录系统','192.168.100.163','2017-08-07 21:43:36','0','管理用户：jsh 登录系统','jsh 登录系统'), ('4416','63','登录系统','192.168.100.163','2017-08-07 23:29:18','0','管理用户：jsh 登录系统','jsh 登录系统'), ('4417','63','登录系统','192.168.100.163','2017-08-07 23:37:11','0','管理用户：jsh 登录系统','jsh 登录系统'), ('4418','63','登录系统','192.168.100.163','2017-08-07 23:42:49','0','管理用户：jsh 登录系统','jsh 登录系统'), ('4419','63','登录系统','192.168.100.163','2017-08-08 00:16:56','0','管理用户：jsh 登录系统','jsh 登录系统'), ('4420','63','登录系统','192.168.100.163','2017-08-08 00:29:19','0','管理用户：jsh 登录系统','jsh 登录系统'), ('4421','63','删除单据','192.168.100.163','2017-08-08 00:35:18','0','删除单据ID为  24 成功！','删除单据成功');
INSERT INTO `jsh_log` VALUES ('4422','63','登录系统','192.168.100.163','2017-08-08 21:54:52','0','管理用户：jsh 登录系统','jsh 登录系统'), ('4423','63','登录系统','192.168.100.163','2017-08-08 22:23:49','0','管理用户：jsh 登录系统','jsh 登录系统'), ('4424','63','增加单据','192.168.100.163','2017-08-08 22:52:54','0','增加单据编号为  CGRK20170808225118 成功！','增加单据成功'), ('4425','63','保存仓管通明细','192.168.100.163','2017-08-08 22:52:54','0','保存仓管通明细对应主表编号为  29 成功！','保存仓管通明细成功'), ('4426','63','更新单据','192.168.100.163','2017-08-08 22:53:09','0','更新单据ID为  29 成功！','更新单据成功'), ('4427','63','增加单据','192.168.100.163','2017-08-08 22:56:18','0','增加单据编号为  XSCK20170808225524 成功！','增加单据成功'), ('4428','63','保存仓管通明细','192.168.100.163','2017-08-08 22:56:19','0','保存仓管通明细对应主表编号为  30 成功！','保存仓管通明细成功'), ('4429','63','增加单据','192.168.100.163','2017-08-08 23:05:07','0','增加单据编号为  CGRK2017080823318 成功！','增加单据成功'), ('4430','63','保存仓管通明细','192.168.100.163','2017-08-08 23:05:07','0','保存仓管通明细对应主表编号为  31 成功！','保存仓管通明细成功'), ('4431','63','增加单据','192.168.100.163','2017-08-08 23:08:08','0','增加单据编号为  CGRK2017080823510 成功！','增加单据成功'), ('4432','63','保存仓管通明细','192.168.100.163','2017-08-08 23:08:08','0','保存仓管通明细对应主表编号为  32 成功！','保存仓管通明细成功'), ('4433','63','更新单据','192.168.100.163','2017-08-08 23:11:24','0','更新单据ID为  32 成功！','更新单据成功'), ('4434','63','删除单据','192.168.100.163','2017-08-08 23:37:07','0','删除单据ID为  19 成功！','删除单据成功'), ('4435','63','删除单据','192.168.100.163','2017-08-08 23:37:16','0','删除单据ID为  21 成功！','删除单据成功'), ('4436','63','增加单据','192.168.100.163','2017-08-09 00:32:02','0','增加单据编号为  CGRK2017080903134 成功！','增加单据成功'), ('4437','63','保存仓管通明细','192.168.100.163','2017-08-09 00:32:02','0','保存仓管通明细对应主表编号为  33 成功！','保存仓管通明细成功'), ('4438','63','登录系统','192.168.100.163','2017-08-09 00:33:54','0','管理用户：jsh 登录系统','jsh 登录系统'), ('4439','63','增加单据','192.168.100.163','2017-08-09 00:34:25','0','增加单据编号为  CGRK201708090340 成功！','增加单据成功'), ('4440','63','保存仓管通明细','192.168.100.163','2017-08-09 00:34:25','0','保存仓管通明细对应主表编号为  34 成功！','保存仓管通明细成功'), ('4441','63','登录系统','192.168.100.163','2017-08-09 21:25:50','0','管理用户：jsh 登录系统','jsh 登录系统'), ('4442','63','登录系统','192.168.100.163','2017-08-09 21:32:29','0','管理用户：jsh 登录系统','jsh 登录系统'), ('4443','63','增加单据','192.168.100.163','2017-08-09 21:33:22','0','增加单据编号为  CGRK20170809213253 成功！','增加单据成功'), ('4444','63','登录系统','192.168.100.163','2017-08-09 21:37:36','0','管理用户：jsh 登录系统','jsh 登录系统'), ('4445','63','增加单据','192.168.100.163','2017-08-09 21:38:07','0','增加单据编号为  CGRK20170809213743 成功！','增加单据成功'), ('4446','63','登录系统','192.168.100.163','2017-08-09 21:41:30','0','管理用户：jsh 登录系统','jsh 登录系统'), ('4447','63','增加单据','192.168.100.163','2017-08-09 21:42:24','0','增加单据编号为  CGRK2017080921423 成功！','增加单据成功'), ('4448','63','登录系统','192.168.100.163','2017-08-09 21:44:18','0','管理用户：jsh 登录系统','jsh 登录系统'), ('4449','63','增加单据','192.168.100.163','2017-08-09 21:45:10','0','增加单据编号为  CGRK20170809214448 成功！','增加单据成功'), ('4450','63','保存仓管通明细','192.168.100.163','2017-08-09 21:45:10','0','保存仓管通明细对应主表编号为  38 成功！','保存仓管通明细成功'), ('4451','63','登录系统','192.168.100.163','2017-08-09 21:51:13','0','管理用户：jsh 登录系统','jsh 登录系统'), ('4452','63','增加单据','192.168.100.163','2017-08-09 21:51:39','0','增加单据编号为  CGRK20170809215119 成功！','增加单据成功'), ('4453','63','保存仓管通明细','192.168.100.163','2017-08-09 21:51:40','0','保存仓管通明细对应主表编号为  39 成功！','保存仓管通明细成功'), ('4454','63','登录系统','192.168.100.163','2017-08-09 22:25:19','0','管理用户：jsh 登录系统','jsh 登录系统'), ('4455','63','增加单据','192.168.100.163','2017-08-09 22:25:51','0','增加单据编号为  CGRK20170809222524 成功！','增加单据成功'), ('4456','63','保存仓管通明细','192.168.100.163','2017-08-09 22:25:51','0','保存仓管通明细对应主表编号为  40 成功！','保存仓管通明细成功'), ('4457','63','登录系统','192.168.100.163','2017-08-09 22:31:50','0','管理用户：jsh 登录系统','jsh 登录系统'), ('4458','63','增加单据','192.168.100.163','2017-08-09 22:32:10','0','增加单据编号为  CGRK20170809223154 成功！','增加单据成功'), ('4459','63','保存仓管通明细','192.168.100.163','2017-08-09 22:32:10','0','保存仓管通明细对应主表编号为  41 成功！','保存仓管通明细成功'), ('4460','63','登录系统','192.168.100.163','2017-08-09 22:36:10','0','管理用户：jsh 登录系统','jsh 登录系统'), ('4461','63','增加单据','192.168.100.163','2017-08-09 22:36:39','0','增加单据编号为  CGRK20170809223614 成功！','增加单据成功'), ('4462','63','保存仓管通明细','192.168.100.163','2017-08-09 22:36:39','0','保存仓管通明细对应主表编号为  42 成功！','保存仓管通明细成功'), ('4463','63','登录系统','192.168.100.163','2017-08-09 22:40:04','0','管理用户：jsh 登录系统','jsh 登录系统'), ('4464','63','增加单据','192.168.100.163','2017-08-09 22:40:30','0','增加单据编号为  CGRK20170809224010 成功！','增加单据成功'), ('4465','63','保存仓管通明细','192.168.100.163','2017-08-09 22:40:30','0','保存仓管通明细对应主表编号为  43 成功！','保存仓管通明细成功'), ('4466','63','登录系统','192.168.100.163','2017-08-09 22:41:58','0','管理用户：jsh 登录系统','jsh 登录系统'), ('4467','63','增加单据','192.168.100.163','2017-08-09 22:42:18','0','增加单据编号为  CGRK2017080922422 成功！','增加单据成功'), ('4468','63','保存仓管通明细','192.168.100.163','2017-08-09 22:42:19','0','保存仓管通明细对应主表编号为  44 成功！','保存仓管通明细成功'), ('4469','63','登录系统','192.168.100.163','2017-08-09 22:44:57','0','管理用户：jsh 登录系统','jsh 登录系统'), ('4470','63','增加单据','192.168.100.163','2017-08-09 22:45:24','0','增加单据编号为  CGRK2017080922451 成功！','增加单据成功'), ('4471','63','保存仓管通明细','192.168.100.163','2017-08-09 22:45:25','0','保存仓管通明细对应主表编号为  45 成功！','保存仓管通明细成功'), ('4472','63','登录系统','192.168.100.163','2017-08-09 22:47:25','0','管理用户：jsh 登录系统','jsh 登录系统'), ('4473','63','增加单据','192.168.100.163','2017-08-09 22:47:51','0','增加单据编号为  CGRK20170809224731 成功！','增加单据成功'), ('4474','63','保存仓管通明细','192.168.100.163','2017-08-09 22:47:51','0','保存仓管通明细对应主表编号为  46 成功！','保存仓管通明细成功'), ('4475','63','登录系统','192.168.100.163','2017-08-09 22:50:38','0','管理用户：jsh 登录系统','jsh 登录系统'), ('4476','63','增加单据','192.168.100.163','2017-08-09 22:51:00','0','增加单据编号为  CGRK20170809225043 成功！','增加单据成功'), ('4477','63','保存仓管通明细','192.168.100.163','2017-08-09 22:51:00','0','保存仓管通明细对应主表编号为  47 成功！','保存仓管通明细成功'), ('4478','63','登录系统','192.168.100.163','2017-08-09 23:02:43','0','管理用户：jsh 登录系统','jsh 登录系统'), ('4479','63','增加单据','192.168.100.163','2017-08-09 23:03:05','0','增加单据编号为  CGRK2017080923247 成功！','增加单据成功'), ('4480','63','保存仓管通明细','192.168.100.163','2017-08-09 23:03:05','0','保存仓管通明细对应主表编号为  48 成功！','保存仓管通明细成功'), ('4481','63','登录系统','192.168.100.163','2017-08-09 23:05:12','0','管理用户：jsh 登录系统','jsh 登录系统'), ('4482','63','增加单据','192.168.100.163','2017-08-09 23:05:34','0','增加单据编号为  CGRK2017080923516 成功！','增加单据成功'), ('4483','63','保存仓管通明细','192.168.100.163','2017-08-09 23:05:34','0','保存仓管通明细对应主表编号为  49 成功！','保存仓管通明细成功'), ('4484','63','登录系统','192.168.100.163','2017-08-09 23:07:20','0','管理用户：jsh 登录系统','jsh 登录系统'), ('4485','63','增加单据','192.168.100.163','2017-08-09 23:07:37','0','增加单据编号为  CGRK2017080923724 成功！','增加单据成功'), ('4486','63','保存仓管通明细','192.168.100.163','2017-08-09 23:07:38','0','保存仓管通明细对应主表编号为  50 成功！','保存仓管通明细成功'), ('4487','63','登录系统','192.168.100.163','2017-08-09 23:10:56','0','管理用户：jsh 登录系统','jsh 登录系统'), ('4488','63','增加单据','192.168.100.163','2017-08-09 23:11:19','0','增加单据编号为  CGRK2017080923111 成功！','增加单据成功'), ('4489','63','保存仓管通明细','192.168.100.163','2017-08-09 23:11:19','0','保存仓管通明细对应主表编号为  51 成功！','保存仓管通明细成功'), ('4490','63','登录系统','192.168.100.163','2017-08-09 23:12:47','0','管理用户：jsh 登录系统','jsh 登录系统'), ('4491','63','增加单据','192.168.100.163','2017-08-09 23:13:04','0','增加单据编号为  CGRK20170809231251 成功！','增加单据成功'), ('4492','63','保存仓管通明细','192.168.100.163','2017-08-09 23:13:04','0','保存仓管通明细对应主表编号为  52 成功！','保存仓管通明细成功'), ('4493','63','登录系统','192.168.100.163','2017-08-10 00:03:19','0','管理用户：jsh 登录系统','jsh 登录系统'), ('4494','63','增加单据','192.168.100.163','2017-08-10 00:03:43','0','增加单据编号为  CGRK201708100324 成功！','增加单据成功'), ('4495','63','保存仓管通明细','192.168.100.163','2017-08-10 00:03:43','0','保存仓管通明细对应主表编号为  53 成功！','保存仓管通明细成功'), ('4496','63','删除计量单位','192.168.100.163','2017-08-10 00:04:07','0','删除计量单位ID为  12 成功！','删除计量单位成功'), ('4497','63','增加计量单位','192.168.100.163','2017-08-10 00:04:11','0','增加计量单位名称为  12,123(1:123) 成功！','增加计量单位成功'), ('4498','63','更新计量单位','192.168.100.163','2017-08-10 00:04:16','0','更新计量单位ID为  13 成功！','更新计量单位成功'), ('4499','63','更新计量单位','192.168.100.163','2017-08-10 00:04:20','0','更新计量单位ID为  13 成功！','更新计量单位成功'), ('4500','63','批量删除计量单位','192.168.100.163','2017-08-10 00:04:26','0','批量删除计量单位ID为  13 成功！','批量删除计量单位成功'), ('4501','63','增加计量单位','192.168.100.163','2017-08-10 00:04:30','0','增加计量单位名称为  sdf,sdf(1:sdf) 成功！','增加计量单位成功'), ('4502','63','删除计量单位','192.168.100.163','2017-08-10 00:04:36','0','删除计量单位ID为  14 成功！','删除计量单位成功'), ('4503','63','删除单据','192.168.100.163','2017-08-10 00:04:58','0','删除单据ID为  53 成功！','删除单据成功'), ('4504','63','登录系统','192.168.100.163','2017-08-10 00:07:11','0','管理用户：jsh 登录系统','jsh 登录系统'), ('4505','63','增加单据','192.168.100.163','2017-08-10 00:07:31','0','增加单据编号为  CGRK201708100716 成功！','增加单据成功'), ('4506','63','保存仓管通明细','192.168.100.163','2017-08-10 00:07:32','0','保存仓管通明细对应主表编号为  54 成功！','保存仓管通明细成功'), ('4507','63','登录系统','192.168.100.163','2017-08-10 00:26:24','0','管理用户：jsh 登录系统','jsh 登录系统'), ('4508','63','增加单据','192.168.100.163','2017-08-10 00:26:49','0','增加单据编号为  CGRK2017081002629 成功！','增加单据成功'), ('4509','63','保存仓管通明细','192.168.100.163','2017-08-10 00:26:49','0','保存仓管通明细对应主表编号为  55 成功！','保存仓管通明细成功'), ('4510','63','登录系统','192.168.100.163','2017-08-10 00:31:40','0','管理用户：jsh 登录系统','jsh 登录系统'), ('4511','63','增加单据','192.168.100.163','2017-08-10 00:32:00','0','增加单据编号为  CGRK2017081003144 成功！','增加单据成功'), ('4512','63','保存仓管通明细','192.168.100.163','2017-08-10 00:32:01','0','保存仓管通明细对应主表编号为  56 成功！','保存仓管通明细成功'), ('4513','63','登录系统','192.168.100.163','2017-08-10 00:33:52','0','管理用户：jsh 登录系统','jsh 登录系统'), ('4514','63','增加单据','192.168.100.163','2017-08-10 00:34:13','0','增加单据编号为  CGRK2017081003357 成功！','增加单据成功'), ('4515','63','保存仓管通明细','192.168.100.163','2017-08-10 00:34:13','0','保存仓管通明细对应主表编号为  57 成功！','保存仓管通明细成功'), ('4516','63','登录系统','192.168.100.163','2017-08-10 00:39:07','0','管理用户：jsh 登录系统','jsh 登录系统'), ('4517','63','增加单据','192.168.100.163','2017-08-10 00:39:34','0','增加单据编号为  CGRK2017081003912 成功！','增加单据成功'), ('4518','63','保存仓管通明细','192.168.100.163','2017-08-10 00:39:35','0','保存仓管通明细对应主表编号为  58 成功！','保存仓管通明细成功'), ('4519','63','批量删除单据','192.168.100.163','2017-08-10 00:39:57','0','批量删除单据ID为  58,57,56,55,54,52,51,50,49,48 成功！','批量删除单据成功'), ('4520','63','批量删除单据','192.168.100.163','2017-08-10 00:40:00','0','批量删除单据ID为  47,46,45,44,43,42,41,40,39,38 成功！','批量删除单据成功'), ('4521','63','增加单据','192.168.100.163','2017-08-10 00:40:28','0','增加单据编号为  CGRK2017081004011 成功！','增加单据成功');
INSERT INTO `jsh_log` VALUES ('4522','63','保存仓管通明细','192.168.100.163','2017-08-10 00:40:28','0','保存仓管通明细对应主表编号为  59 成功！','保存仓管通明细成功'), ('4523','63','增加单据','192.168.100.163','2017-08-10 00:41:02','0','增加单据编号为  CGRK2017081004041 成功！','增加单据成功'), ('4524','63','保存仓管通明细','192.168.100.163','2017-08-10 00:41:02','0','保存仓管通明细对应主表编号为  60 成功！','保存仓管通明细成功'), ('4525','63','登录系统','192.168.100.163','2017-08-10 00:44:44','0','管理用户：jsh 登录系统','jsh 登录系统'), ('4526','63','删除单据','192.168.100.163','2017-08-10 00:45:09','0','删除单据ID为  60 成功！','删除单据成功'), ('4527','63','登录系统','192.168.100.163','2017-08-10 21:21:19','0','管理用户：jsh 登录系统','jsh 登录系统'), ('4528','63','增加单据','192.168.100.163','2017-08-11 00:54:03','0','增加单据编号为  CGRK2017081105027 成功！','增加单据成功'), ('4529','63','保存仓管通明细','192.168.100.163','2017-08-11 00:54:03','0','保存仓管通明细对应主表编号为  60 成功！','保存仓管通明细成功'), ('4530','63','登录系统','192.168.100.163','2017-08-11 20:49:41','0','管理用户：jsh 登录系统','jsh 登录系统'), ('4531','63','登录系统','192.168.100.163','2017-08-11 22:04:40','0','管理用户：jsh 登录系统','jsh 登录系统'), ('4532','63','批量删除单据','192.168.100.163','2017-08-11 22:33:48','0','批量删除单据ID为  60,59,37,36,35,34,33,32,31,29 成功！','批量删除单据成功'), ('4533','63','批量删除单据','192.168.100.163','2017-08-11 22:33:51','0','批量删除单据ID为  28,26,25,23,22 成功！','批量删除单据成功'), ('4534','63','批量删除单据','192.168.100.163','2017-08-11 22:34:06','0','批量删除单据ID为  30,27,20,17 成功！','批量删除单据成功'), ('4535','63','增加单据','192.168.100.163','2017-08-11 22:35:23','0','增加单据编号为  CGRK20170811223416 成功！','增加单据成功'), ('4536','63','保存仓管通明细','192.168.100.163','2017-08-11 22:35:23','0','保存仓管通明细对应主表编号为  1 成功！','保存仓管通明细成功'), ('4537','63','登录系统','192.168.100.163','2017-08-11 22:46:40','0','管理用户：jsh 登录系统','jsh 登录系统'), ('4538','63','删除单据','192.168.100.163','2017-08-11 22:46:56','0','删除单据ID为  1 成功！','删除单据成功'), ('4539','63','增加单据','192.168.100.163','2017-08-11 22:47:21','0','增加单据编号为  CGRK20170811224658 成功！','增加单据成功'), ('4540','63','保存仓管通明细','192.168.100.163','2017-08-11 22:47:22','0','保存仓管通明细对应主表编号为  2 成功！','保存仓管通明细成功'), ('4541','63','登录系统','192.168.100.163','2017-08-11 22:57:39','0','管理用户：jsh 登录系统','jsh 登录系统'), ('4542','63','删除单据','192.168.100.163','2017-08-11 22:57:54','0','删除单据ID为  2 成功！','删除单据成功'), ('4543','63','增加单据','192.168.100.163','2017-08-11 22:58:32','0','增加单据编号为  CGRK20170811225755 成功！','增加单据成功'), ('4544','63','保存仓管通明细','192.168.100.163','2017-08-11 22:58:32','0','保存仓管通明细对应主表编号为  3 成功！','保存仓管通明细成功'), ('4545','63','登录系统','192.168.100.163','2017-08-11 23:08:57','0','管理用户：jsh 登录系统','jsh 登录系统'), ('4546','63','更新单据','192.168.100.163','2017-08-11 23:13:15','0','更新单据ID为  3 成功！','更新单据成功'), ('4547','63','保存仓管通明细','192.168.100.163','2017-08-11 23:13:16','0','保存仓管通明细对应主表编号为  3 成功！','保存仓管通明细成功'), ('4548','63','增加单据','192.168.100.163','2017-08-11 23:42:54','0','增加单据编号为  CGRK2017081123385 成功！','增加单据成功'), ('4549','63','保存仓管通明细','192.168.100.163','2017-08-11 23:42:55','0','保存仓管通明细对应主表编号为  4 成功！','保存仓管通明细成功'), ('4550','63','增加单据','192.168.100.163','2017-08-12 00:18:02','0','增加单据编号为  CGRK2017081201727 成功！','增加单据成功'), ('4551','63','保存仓管通明细','192.168.100.163','2017-08-12 00:18:02','0','保存仓管通明细对应主表编号为  5 成功！','保存仓管通明细成功'), ('4552','63','删除单据','192.168.100.163','2017-08-12 00:18:34','0','删除单据ID为  5 成功！','删除单据成功'), ('4553','63','更新单据','192.168.100.163','2017-08-12 00:38:54','0','更新单据ID为  4 成功！','更新单据成功'), ('4554','63','更新单据','192.168.100.163','2017-08-12 00:39:56','0','更新单据ID为  4 成功！','更新单据成功'), ('4555','63','保存仓管通明细','192.168.100.163','2017-08-12 00:39:57','0','保存仓管通明细对应主表编号为  4 成功！','保存仓管通明细成功'), ('4556','63','更新单据','192.168.100.163','2017-08-12 00:41:51','0','更新单据ID为  4 成功！','更新单据成功'), ('4557','63','保存仓管通明细','192.168.100.163','2017-08-12 00:41:51','0','保存仓管通明细对应主表编号为  4 成功！','保存仓管通明细成功'), ('4558','63','更新单据','192.168.100.163','2017-08-12 00:42:33','0','更新单据ID为  4 成功！','更新单据成功'), ('4559','63','登录系统','192.168.100.163','2017-08-12 11:29:37','0','管理用户：jsh 登录系统','jsh 登录系统'), ('4560','63','登录系统','192.168.100.163','2017-08-12 11:56:25','0','管理用户：jsh 登录系统','jsh 登录系统'), ('4561','63','增加单据','192.168.100.163','2017-08-12 11:57:37','0','增加单据编号为  CGRK2017081211572 成功！','增加单据成功'), ('4562','63','保存仓管通明细','192.168.100.163','2017-08-12 11:57:37','0','保存仓管通明细对应主表编号为  5 成功！','保存仓管通明细成功'), ('4563','63','增加单据','192.168.100.163','2017-08-12 12:01:02','0','增加单据编号为  CGRK2017081212045 成功！','增加单据成功'), ('4564','63','保存仓管通明细','192.168.100.163','2017-08-12 12:01:02','0','保存仓管通明细对应主表编号为  6 成功！','保存仓管通明细成功'), ('4565','63','登录系统','192.168.100.163','2017-08-12 12:03:17','0','管理用户：jsh 登录系统','jsh 登录系统'), ('4566','63','增加单据','192.168.100.163','2017-08-12 12:04:07','0','增加单据编号为  CGRK2017081212323 成功！','增加单据成功'), ('4567','63','保存仓管通明细','192.168.100.163','2017-08-12 12:04:07','0','保存仓管通明细对应主表编号为  7 成功！','保存仓管通明细成功'), ('4568','63','登录系统','192.168.100.163','2017-08-12 13:10:31','0','管理用户：jsh 登录系统','jsh 登录系统'), ('4569','63','更新单据','192.168.100.163','2017-08-12 13:13:20','0','更新单据ID为  7 成功！','更新单据成功'), ('4570','63','保存仓管通明细','192.168.100.163','2017-08-12 13:13:20','0','保存仓管通明细对应主表编号为  7 成功！','保存仓管通明细成功'), ('4571','63','更新单据','192.168.100.163','2017-08-12 13:13:53','0','更新单据ID为  7 成功！','更新单据成功'), ('4572','63','更新单据','192.168.100.163','2017-08-12 13:14:04','0','更新单据ID为  7 成功！','更新单据成功'), ('4573','63','更新单据','192.168.100.163','2017-08-12 13:14:26','0','更新单据ID为  7 成功！','更新单据成功'), ('4574','63','删除单据','192.168.100.163','2017-08-12 15:36:01','0','删除单据ID为  6 成功！','删除单据成功'), ('4575','63','删除单据','192.168.100.163','2017-08-12 15:36:03','0','删除单据ID为  5 成功！','删除单据成功'), ('4576','63','删除单据','192.168.100.163','2017-08-12 15:36:05','0','删除单据ID为  4 成功！','删除单据成功'), ('4577','63','删除单据','192.168.100.163','2017-08-12 15:36:11','0','删除单据ID为  3 成功！','删除单据成功'), ('4578','63','更新单据','192.168.100.163','2017-08-12 15:53:00','0','更新单据ID为  7 成功！','更新单据成功'), ('4579','63','更新单据','192.168.100.163','2017-08-12 16:03:25','0','更新单据ID为  7 成功！','更新单据成功'), ('4580','63','登录系统','192.168.100.163','2017-08-12 17:25:51','0','管理用户：jsh 登录系统','jsh 登录系统'), ('4581','63','登录系统','192.168.100.163','2017-08-12 17:57:42','0','管理用户：jsh 登录系统','jsh 登录系统'), ('4582','63','登录系统','192.168.100.163','2017-08-12 18:06:51','0','管理用户：jsh 登录系统','jsh 登录系统'), ('4583','63','登录系统','192.168.100.163','2017-08-12 18:09:34','0','管理用户：jsh 登录系统','jsh 登录系统'), ('4584','63','增加单据','192.168.100.163','2017-08-12 18:10:14','0','增加单据编号为  XHDD20170812001 成功！','增加单据成功'), ('4585','63','保存仓管通明细','192.168.100.163','2017-08-12 18:10:14','0','保存仓管通明细对应主表编号为  8 成功！','保存仓管通明细成功'), ('4586','63','登录系统','192.168.100.163','2017-08-12 19:56:10','0','管理用户：jsh 登录系统','jsh 登录系统'), ('4587','63','登录系统','192.168.100.163','2017-08-12 21:00:15','0','管理用户：jsh 登录系统','jsh 登录系统'), ('4588','63','增加单据','192.168.100.163','2017-08-12 21:01:09','0','增加单据编号为  GHDD201708120003 成功！','增加单据成功'), ('4589','63','保存仓管通明细','192.168.100.163','2017-08-12 21:01:09','0','保存仓管通明细对应主表编号为  9 成功！','保存仓管通明细成功'), ('4590','63','登录系统','192.168.100.163','2017-08-12 21:06:32','0','管理用户：jsh 登录系统','jsh 登录系统'), ('4591','63','登录系统','192.168.100.163','2017-08-12 21:10:11','0','管理用户：jsh 登录系统','jsh 登录系统'), ('4592','63','增加单据','192.168.100.163','2017-08-12 21:10:42','0','增加单据编号为  GHDD201708120004 成功！','增加单据成功'), ('4593','63','保存仓管通明细','192.168.100.163','2017-08-12 21:10:42','0','保存仓管通明细对应主表编号为  10 成功！','保存仓管通明细成功'), ('4594','63','登录系统','192.168.100.163','2017-08-12 22:06:27','0','管理用户：jsh 登录系统','jsh 登录系统'), ('4595','63','增加单据','192.168.100.163','2017-08-12 22:07:44','0','增加单据编号为  jshenghua001 成功！','增加单据成功'), ('4596','63','保存仓管通明细','192.168.100.163','2017-08-12 22:07:45','0','保存仓管通明细对应主表编号为  11 成功！','保存仓管通明细成功'), ('4597','63','登录系统','192.168.100.163','2017-08-12 22:13:02','0','管理用户：jsh 登录系统','jsh 登录系统'), ('4598','63','登录系统','192.168.100.163','2017-08-12 22:14:46','0','管理用户：jsh 登录系统','jsh 登录系统'), ('4599','63','增加单据','192.168.100.163','2017-08-12 22:17:11','0','增加单据编号为  GHDD201708120006 成功！','增加单据成功'), ('4600','63','保存仓管通明细','192.168.100.163','2017-08-12 22:17:11','0','保存仓管通明细对应主表编号为  12 成功！','保存仓管通明细成功'), ('4601','63','增加单据','192.168.100.163','2017-08-12 22:17:52','0','增加单据编号为  jishenghua3 成功！','增加单据成功'), ('4602','63','保存仓管通明细','192.168.100.163','2017-08-12 22:17:52','0','保存仓管通明细对应主表编号为  13 成功！','保存仓管通明细成功'), ('4603','63','增加单据','192.168.100.163','2017-08-12 22:19:37','0','增加单据编号为  jishenghua004 成功！','增加单据成功'), ('4604','63','保存仓管通明细','192.168.100.163','2017-08-12 22:19:37','0','保存仓管通明细对应主表编号为  14 成功！','保存仓管通明细成功'), ('4605','63','更新单据','192.168.100.163','2017-08-12 22:21:05','0','更新单据ID为  14 成功！','更新单据成功'), ('4606','63','增加单据','192.168.100.163','2017-08-12 22:21:33','0','增加单据编号为  jishenghua004 成功！','增加单据成功'), ('4607','63','保存仓管通明细','192.168.100.163','2017-08-12 22:21:33','0','保存仓管通明细对应主表编号为  15 成功！','保存仓管通明细成功'), ('4608','63','删除单据','192.168.100.163','2017-08-12 22:23:02','0','删除单据ID为  15 成功！','删除单据成功'), ('4609','63','增加单据','192.168.100.163','2017-08-12 22:26:23','0','增加单据编号为  jishenghua005 成功！','增加单据成功'), ('4610','63','保存仓管通明细','192.168.100.163','2017-08-12 22:26:23','0','保存仓管通明细对应主表编号为  16 成功！','保存仓管通明细成功'), ('4611','63','更新单据','192.168.100.163','2017-08-12 22:27:23','0','更新单据ID为  16 成功！','更新单据成功'), ('4612','63','更新单据','192.168.100.163','2017-08-12 22:27:32','0','更新单据ID为  12 成功！','更新单据成功'), ('4613','63','更新单据','192.168.100.163','2017-08-12 22:27:38','0','更新单据ID为  16 成功！','更新单据成功'), ('4614','63','增加单据','192.168.100.163','2017-08-12 22:28:20','0','增加单据编号为  GHDD201708120010 成功！','增加单据成功'), ('4615','63','保存仓管通明细','192.168.100.163','2017-08-12 22:28:20','0','保存仓管通明细对应主表编号为  17 成功！','保存仓管通明细成功'), ('4616','63','登录系统','192.168.100.163','2017-08-12 22:29:25','0','管理用户：jsh 登录系统','jsh 登录系统'), ('4617','63','增加单据','192.168.100.163','2017-08-12 22:30:08','0','增加单据编号为  GHDD201708120011 成功！','增加单据成功'), ('4618','63','保存仓管通明细','192.168.100.163','2017-08-12 22:30:09','0','保存仓管通明细对应主表编号为  18 成功！','保存仓管通明细成功'), ('4619','63','增加单据','192.168.100.163','2017-08-12 22:30:57','0','增加单据编号为  GHDD201708120011 成功！','增加单据成功'), ('4620','63','保存仓管通明细','192.168.100.163','2017-08-12 22:30:57','0','保存仓管通明细对应主表编号为  19 成功！','保存仓管通明细成功'), ('4621','63','登录系统','192.168.100.163','2017-08-12 22:45:39','0','管理用户：jsh 登录系统','jsh 登录系统');
INSERT INTO `jsh_log` VALUES ('4622','63','登录系统','192.168.100.163','2017-08-12 22:45:45','0','管理用户：jsh 登录系统','jsh 登录系统'), ('4623','63','增加单据','192.168.100.163','2017-08-12 22:46:43','0','增加单据编号为  GHDD201708120013 成功！','增加单据成功'), ('4624','63','保存仓管通明细','192.168.100.163','2017-08-12 22:46:44','0','保存仓管通明细对应主表编号为  20 成功！','保存仓管通明细成功'), ('4625','63','增加单据','192.168.100.163','2017-08-12 22:46:52','0','增加单据编号为  GHDD201708120013 成功！','增加单据成功'), ('4626','63','保存仓管通明细','192.168.100.163','2017-08-12 22:46:52','0','保存仓管通明细对应主表编号为  21 成功！','保存仓管通明细成功'), ('4627','63','更新单据','192.168.100.163','2017-08-12 22:50:14','0','更新单据ID为  21 成功！','更新单据成功'), ('4628','63','更新单据','192.168.100.163','2017-08-12 22:52:34','0','更新单据ID为  21 成功！','更新单据成功'), ('4629','63','更新单据','192.168.100.163','2017-08-12 22:52:54','0','更新单据ID为  21 成功！','更新单据成功'), ('4630','63','更新单据','192.168.100.163','2017-08-12 23:09:34','0','更新单据ID为  21 成功！','更新单据成功'), ('4631','63','登录系统','192.168.100.163','2017-08-12 23:48:09','0','管理用户：jsh 登录系统','jsh 登录系统'), ('4632','63','增加单据','192.168.100.163','2017-08-12 23:49:32','0','增加单据编号为  GHDD201708120015 成功！','增加单据成功'), ('4633','63','保存仓管通明细','192.168.100.163','2017-08-12 23:49:33','0','保存仓管通明细对应主表编号为  22 成功！','保存仓管通明细成功'), ('4634','63','登录系统','192.168.100.163','2017-08-13 00:41:39','0','管理用户：jsh 登录系统','jsh 登录系统'), ('4635','63','批量修改单据状态','192.168.100.163','2017-08-13 00:44:46','0','批量修改状态，单据ID为  22 成功！','批量修改单据状态成功'), ('4636','63','批量修改单据状态','192.168.100.163','2017-08-13 00:44:49','0','批量修改状态，单据ID为  22 成功！','批量修改单据状态成功'), ('4637','63','批量修改单据状态','192.168.100.163','2017-08-13 00:44:53','0','批量修改状态，单据ID为  22 成功！','批量修改单据状态成功'), ('4638','63','批量修改单据状态','192.168.100.163','2017-08-13 00:44:56','0','批量修改状态，单据ID为  22 成功！','批量修改单据状态成功'), ('4639','63','批量修改单据状态','192.168.100.163','2017-08-13 00:44:59','0','批量修改状态，单据ID为  21 成功！','批量修改单据状态成功'), ('4640','63','批量修改单据状态','192.168.100.163','2017-08-13 01:03:18','0','批量修改状态，单据ID为  19 成功！','批量修改单据状态成功'), ('4641','63','登录系统','192.168.100.163','2017-08-13 22:15:01','0','管理用户：jsh 登录系统','jsh 登录系统'), ('4642','63','登录系统','192.168.100.163','2017-08-13 22:16:09','0','管理用户：jsh 登录系统','jsh 登录系统'), ('4643','63','登录系统','192.168.100.163','2017-08-13 22:18:40','0','管理用户：jsh 登录系统','jsh 登录系统'), ('4644','63','登录系统','192.168.100.163','2017-08-13 22:25:04','0','管理用户：jsh 登录系统','jsh 登录系统'), ('4645','63','登录系统','192.168.100.163','2017-08-13 23:16:47','0','管理用户：jsh 登录系统','jsh 登录系统'), ('4646','63','增加计量单位','192.168.100.163','2017-08-13 23:21:53','0','增加计量单位名称为  12341,233(1:22) 成功！','增加计量单位成功'), ('4647','63','删除计量单位','192.168.100.163','2017-08-13 23:21:57','0','删除计量单位ID为  12 成功！','删除计量单位成功'), ('4648','63','更新商品','192.168.100.163','2017-08-13 23:22:14','0','更新商品ID为  516 成功！','更新商品成功'), ('4649','63','增加商品','192.168.100.163','2017-08-13 23:25:45','0','增加商品名称为  3123 成功！','增加商品成功'), ('4650','63','更新商品','192.168.100.163','2017-08-13 23:26:11','0','更新商品ID为  517 成功！','更新商品成功'), ('4651','63','更新商品','192.168.100.163','2017-08-13 23:26:23','0','更新商品ID为  517 成功！','更新商品成功'), ('4652','63','登录系统','192.168.100.163','2017-08-14 00:26:58','0','管理用户：jsh 登录系统','jsh 登录系统'), ('4653','63','登录系统','192.168.100.163','2017-08-14 00:26:58','0','管理用户：jsh 登录系统','jsh 登录系统'), ('4654','63','登录系统','192.168.100.163','2017-08-14 19:52:50','0','管理用户：jsh 登录系统','jsh 登录系统'), ('4655','63','批量修改商品状态','192.168.100.163','2017-08-14 20:03:45','0','批量修改状态，商品ID为  485 成功！','批量修改商品状态成功'), ('4656','63','批量修改商品状态','192.168.100.163','2017-08-14 20:03:49','0','批量修改状态，商品ID为  485 成功！','批量修改商品状态成功'), ('4657','63','批量修改商品状态','192.168.100.163','2017-08-14 20:04:07','0','批量修改状态，商品ID为  516 成功！','批量修改商品状态成功'), ('4658','63','登录系统','192.168.100.163','2017-08-14 20:08:27','0','管理用户：jsh 登录系统','jsh 登录系统'), ('4659','63','批量修改商品状态','192.168.100.163','2017-08-14 20:08:56','0','批量修改状态，商品ID为  516 成功！','批量修改商品状态成功'), ('4660','63','增加单据','192.168.100.163','2017-08-14 20:41:54','0','增加单据编号为  GHDD201708140001 成功！','增加单据成功'), ('4661','63','保存仓管通明细','192.168.100.163','2017-08-14 20:41:54','0','保存仓管通明细对应主表编号为  23 成功！','保存仓管通明细成功'), ('4662','63','登录系统','192.168.100.163','2017-08-14 23:29:03','0','管理用户：jsh 登录系统','jsh 登录系统'), ('4663','63','登录系统','192.168.100.163','2017-08-14 23:46:14','0','管理用户：jsh 登录系统','jsh 登录系统'), ('4664','63','批量修改单据状态','192.168.100.163','2017-08-15 00:14:50','0','批量修改状态，单据ID为  8 成功！','批量修改单据状态成功'), ('4665','63','登录系统','192.168.100.163','2017-08-15 20:51:05','0','管理用户：jsh 登录系统','jsh 登录系统'), ('4666','63','批量删除商品','192.168.100.163','2017-08-15 21:23:12','0','批量删除商品ID为  512 成功！','批量删除商品成功'), ('4667','63','批量删除商品','192.168.100.163','2017-08-15 21:23:15','0','批量删除商品ID为  514 成功！','批量删除商品成功'), ('4668','63','批量删除商品','192.168.100.163','2017-08-15 21:23:18','0','批量删除商品ID为  515 成功！','批量删除商品成功'), ('4669','63','批量删除商品','192.168.100.163','2017-08-15 21:23:22','0','批量删除商品ID为  516 成功！','批量删除商品成功'), ('4670','63','批量修改单据状态','192.168.100.163','2017-08-15 21:25:31','0','批量修改状态，单据ID为  18,17,16 成功！','批量修改单据状态成功'), ('4671','63','增加商品','192.168.100.163','2017-08-15 21:35:09','0','增加商品名称为  安慕希 成功！','增加商品成功'), ('4672','63','更新商品','192.168.100.163','2017-08-15 21:35:29','0','更新商品ID为  518 成功！','更新商品成功'), ('4673','63','增加单据','192.168.100.163','2017-08-15 21:36:25','0','增加单据编号为  GHDD201708150001 成功！','增加单据成功'), ('4674','63','保存仓管通明细','192.168.100.163','2017-08-15 21:36:25','0','保存仓管通明细对应主表编号为  24 成功！','保存仓管通明细成功'), ('4675','63','删除商品','192.168.100.163','2017-08-15 21:36:34','1','删除商品ID为  518 失败！','删除商品失败'), ('4676','63','增加单据','192.168.100.163','2017-08-15 22:31:46','0','增加单据编号为  GHDD201708150002 成功！','增加单据成功'), ('4677','63','保存仓管通明细','192.168.100.163','2017-08-15 22:31:46','0','保存仓管通明细对应主表编号为  25 成功！','保存仓管通明细成功'), ('4678','63','登录系统','192.168.100.163','2017-08-15 22:49:40','0','管理用户：jsh 登录系统','jsh 登录系统'), ('4679','63','登录系统','192.168.100.163','2017-08-16 20:58:19','0','管理用户：jsh 登录系统','jsh 登录系统'), ('4680','63','增加单据','192.168.100.163','2017-08-16 23:50:35','0','增加单据编号为  GHDD201708160001 成功！','增加单据成功'), ('4681','63','保存仓管通明细','192.168.100.163','2017-08-16 23:50:36','0','保存仓管通明细对应主表编号为  26 成功！','保存仓管通明细成功'), ('4682','63','增加供应商','192.168.100.163','2017-08-17 00:21:04','0','增加供应商名称为  南通居梦莱家纺 成功！','增加供应商成功'), ('4683','63','更新UserBusiness','192.168.100.163','2017-08-17 00:21:21','0','更新UserBusiness的ID为  27 成功！','更新UserBusiness成功'), ('4684','63','登录系统','192.168.100.163','2017-08-17 21:04:18','0','管理用户：jsh 登录系统','jsh 登录系统'), ('4685','63','增加供应商','192.168.100.163','2017-08-17 21:49:30','0','增加供应商名称为  aaa 成功！','增加供应商成功'), ('4686','63','增加供应商','192.168.100.163','2017-08-17 21:50:34','0','增加供应商名称为  bbb 成功！','增加供应商成功'), ('4687','63','增加供应商','192.168.100.163','2017-08-17 21:53:40','0','增加供应商名称为  ffff 成功！','增加供应商成功'), ('4688','63','增加供应商','192.168.100.163','2017-08-17 21:55:38','0','增加供应商名称为  6666 成功！','增加供应商成功'), ('4689','63','增加供应商','192.168.100.163','2017-08-17 21:55:46','0','增加供应商名称为  cccc 成功！','增加供应商成功'), ('4690','63','批量删除供应商','192.168.100.163','2017-08-17 21:56:25','0','批量删除供应商ID为  51,50,49 成功！','批量删除供应商成功'), ('4691','63','更新功能','192.168.100.163','2017-08-17 22:18:51','0','更新功能ID为  26 成功！','更新功能成功'), ('4692','63','增加供应商','192.168.100.163','2017-08-17 22:23:03','0','增加供应商名称为  555555 成功！','增加供应商成功'), ('4693','63','删除供应商','192.168.100.163','2017-08-17 22:24:10','0','删除供应商ID为  52,名称为  555555成功！','删除供应商成功'), ('4694','63','增加商品','192.168.100.163','2017-08-17 22:33:16','0','增加商品名称为  5656 成功！','增加商品成功'), ('4695','63','批量删除商品','192.168.100.163','2017-08-17 22:36:12','0','批量删除商品ID为  519 成功！','批量删除商品成功'), ('4696','63','增加仓库','192.168.100.163','2017-08-17 23:05:00','0','增加仓库名称为  aaaa 成功！','增加仓库成功'), ('4697','63','删除仓库','192.168.100.163','2017-08-17 23:05:16','0','删除仓库ID为  7 成功！','删除仓库成功'), ('4698','63','增加供应商','192.168.100.163','2017-08-17 23:07:39','0','增加供应商名称为   成功！','增加供应商成功'), ('4699','63','删除供应商','192.168.100.163','2017-08-17 23:07:45','0','删除供应商ID为  53,名称为  成功！','删除供应商成功'), ('4700','63','增加供应商','192.168.100.163','2017-08-17 23:07:48','0','增加供应商名称为   成功！','增加供应商成功'), ('4701','63','删除供应商','192.168.100.163','2017-08-17 23:07:51','0','删除供应商ID为  54,名称为  成功！','删除供应商成功'), ('4702','63','增加供应商','192.168.100.163','2017-08-17 23:08:08','0','增加供应商名称为   成功！','增加供应商成功'), ('4703','63','删除供应商','192.168.100.163','2017-08-17 23:08:11','0','删除供应商ID为  55,名称为  成功！','删除供应商成功'), ('4704','63','增加供应商','192.168.100.163','2017-08-17 23:08:59','0','增加供应商名称为   成功！','增加供应商成功'), ('4705','63','删除供应商','192.168.100.163','2017-08-17 23:09:04','0','删除供应商ID为  56,名称为  成功！','删除供应商成功'), ('4706','63','增加供应商','192.168.100.163','2017-08-17 23:13:38','0','增加供应商名称为   成功！','增加供应商成功'), ('4707','63','删除供应商','192.168.100.163','2017-08-17 23:13:50','0','删除供应商ID为  57,名称为  成功！','删除供应商成功'), ('4708','63','更新供应商','192.168.100.163','2017-08-17 23:39:35','0','更新供应商ID为  41 成功！','更新供应商成功'), ('4709','63','更新供应商','192.168.100.163','2017-08-17 23:39:42','0','更新供应商ID为  41 成功！','更新供应商成功'), ('4710','63','更新单据','192.168.100.163','2017-08-17 23:41:42','0','更新单据ID为  25 成功！','更新单据成功'), ('4711','63','更新单据','192.168.100.163','2017-08-17 23:41:51','0','更新单据ID为  25 成功！','更新单据成功'), ('4712','63','增加单据','192.168.100.163','2017-08-18 00:25:58','0','增加单据编号为  GHDD201708180001 成功！','增加单据成功'), ('4713','63','保存仓管通明细','192.168.100.163','2017-08-18 00:25:59','0','保存仓管通明细对应主表编号为  27 成功！','保存仓管通明细成功'), ('4714','63','登录系统','192.168.100.163','2017-08-18 21:24:39','0','管理用户：jsh 登录系统','jsh 登录系统'), ('4715','63','增加单据','192.168.100.163','2017-08-18 21:47:29','0','增加单据编号为  GHDD201708180002 成功！','增加单据成功'), ('4716','63','保存仓管通明细','192.168.100.163','2017-08-18 21:47:29','0','保存仓管通明细对应主表编号为  28 成功！','保存仓管通明细成功'), ('4717','63','登录系统','192.168.100.163','2017-08-18 23:46:11','0','管理用户：jsh 登录系统','jsh 登录系统'), ('4718','63','登录系统','192.168.100.163','2017-08-18 23:50:52','0','管理用户：jsh 登录系统','jsh 登录系统'), ('4719','63','登录系统','192.168.100.163','2017-08-18 23:53:24','0','管理用户：jsh 登录系统','jsh 登录系统'), ('4720','63','登录系统','192.168.100.163','2017-08-19 00:32:06','0','管理用户：jsh 登录系统','jsh 登录系统'), ('4721','63','增加商品','192.168.100.163','2017-08-19 00:32:40','0','增加商品名称为  aa 成功！','增加商品成功');
INSERT INTO `jsh_log` VALUES ('4722','63','增加商品','192.168.100.163','2017-08-19 00:33:00','0','增加商品名称为  aa 成功！','增加商品成功'), ('4723','63','删除商品','192.168.100.163','2017-08-19 00:33:11','0','删除商品ID为  520 成功！','删除商品成功'), ('4724','63','登录系统','192.168.1.106','2017-08-20 09:34:33','0','管理用户：jsh 登录系统','jsh 登录系统'), ('4725','63','增加商品','192.168.1.106','2017-08-20 10:25:56','0','增加商品名称为  aa 成功！','增加商品成功'), ('4726','63','批量删除商品','192.168.1.106','2017-08-20 10:26:27','0','批量删除商品ID为  520 成功！','批量删除商品成功'), ('4727','63','增加商品','192.168.1.106','2017-08-20 10:29:26','0','增加商品名称为  aa 成功！','增加商品成功'), ('4728','63','更新商品','192.168.1.106','2017-08-20 10:29:32','0','更新商品ID为  521 成功！','更新商品成功'), ('4729','63','更新商品','192.168.1.106','2017-08-20 10:29:47','0','更新商品ID为  521 成功！','更新商品成功'), ('4730','63','更新商品','192.168.1.106','2017-08-20 10:30:34','0','更新商品ID为  521 成功！','更新商品成功'), ('4731','63','增加商品','192.168.1.106','2017-08-20 10:42:14','0','增加商品名称为  aa 成功！','增加商品成功'), ('4732','63','批量删除商品','192.168.1.106','2017-08-20 10:42:20','0','批量删除商品ID为  522 成功！','批量删除商品成功'), ('4733','63','增加商品','192.168.1.106','2017-08-20 10:43:41','0','增加商品名称为  aa 成功！','增加商品成功'), ('4734','63','删除商品','192.168.1.106','2017-08-20 10:43:49','0','删除商品ID为  523 成功！','删除商品成功'), ('4735','63','批量删除商品','192.168.1.106','2017-08-20 10:43:53','0','批量删除商品ID为  521 成功！','批量删除商品成功'), ('4736','63','增加商品','192.168.1.106','2017-08-20 10:44:00','0','增加商品名称为  aa 成功！','增加商品成功'), ('4737','63','删除商品','192.168.1.106','2017-08-20 10:44:16','0','删除商品ID为  524 成功！','删除商品成功'), ('4738','63','增加商品','192.168.1.106','2017-08-20 10:44:29','0','增加商品名称为  aa 成功！','增加商品成功'), ('4739','63','删除商品','192.168.1.106','2017-08-20 10:44:40','0','删除商品ID为  525 成功！','删除商品成功'), ('4740','63','增加商品','192.168.1.106','2017-08-20 10:46:18','0','增加商品名称为  aa 成功！','增加商品成功'), ('4741','63','增加商品','192.168.1.106','2017-08-20 10:50:50','0','增加商品名称为  aa 成功！','增加商品成功'), ('4742','63','删除商品','192.168.1.106','2017-08-20 10:50:55','0','删除商品ID为  527 成功！','删除商品成功'), ('4743','63','批量删除商品','192.168.1.106','2017-08-20 10:51:01','0','批量删除商品ID为  526 成功！','批量删除商品成功'), ('4744','63','增加商品','192.168.1.106','2017-08-20 10:51:30','0','增加商品名称为  aa 成功！','增加商品成功'), ('4745','63','删除商品','192.168.1.106','2017-08-20 10:51:57','0','删除商品ID为  528 成功！','删除商品成功'), ('4746','63','增加商品','192.168.1.106','2017-08-20 10:52:06','0','增加商品名称为  aa 成功！','增加商品成功'), ('4747','63','增加商品','192.168.1.106','2017-08-20 10:54:36','0','增加商品名称为  aa 成功！','增加商品成功'), ('4748','63','删除商品','192.168.1.106','2017-08-20 10:54:49','0','删除商品ID为  530 成功！','删除商品成功'), ('4749','63','删除商品','192.168.1.106','2017-08-20 10:54:52','0','删除商品ID为  529 成功！','删除商品成功'), ('4750','63','增加商品','192.168.1.106','2017-08-20 10:55:08','0','增加商品名称为  aa 成功！','增加商品成功'), ('4751','63','批量删除商品','192.168.1.106','2017-08-20 10:55:13','0','批量删除商品ID为  531 成功！','批量删除商品成功'), ('4752','63','增加商品','192.168.1.106','2017-08-20 10:55:49','0','增加商品名称为  aa 成功！','增加商品成功'), ('4753','63','删除商品','192.168.1.106','2017-08-20 10:55:54','0','删除商品ID为  532 成功！','删除商品成功'), ('4754','63','更新商品','192.168.1.106','2017-08-20 10:56:35','0','更新商品ID为  519 成功！','更新商品成功'), ('4755','63','增加商品','192.168.1.106','2017-08-20 10:57:03','0','增加商品名称为  aa 成功！','增加商品成功'), ('4756','63','删除商品','192.168.1.106','2017-08-20 10:57:23','0','删除商品ID为  533 成功！','删除商品成功'), ('4757','63','增加商品','192.168.1.106','2017-08-20 10:57:38','0','增加商品名称为  aa 成功！','增加商品成功'), ('4758','63','删除商品','192.168.1.106','2017-08-20 10:58:06','0','删除商品ID为  534 成功！','删除商品成功'), ('4759','63','增加商品','192.168.1.106','2017-08-20 10:58:19','0','增加商品名称为  aa 成功！','增加商品成功'), ('4760','63','登录系统','192.168.1.106','2017-08-20 11:00:32','0','管理用户：jsh 登录系统','jsh 登录系统'), ('4761','63','删除商品','192.168.1.106','2017-08-20 11:00:39','0','删除商品ID为  535 成功！','删除商品成功'), ('4762','63','增加商品','192.168.1.106','2017-08-20 11:00:54','0','增加商品名称为  aa 成功！','增加商品成功'), ('4763','63','增加商品','192.168.1.106','2017-08-20 11:02:43','0','增加商品名称为  aa 成功！','增加商品成功'), ('4764','63','删除商品','192.168.1.106','2017-08-20 11:04:05','0','删除商品ID为  536 成功！','删除商品成功'), ('4765','63','删除商品','192.168.1.106','2017-08-20 11:04:07','0','删除商品ID为  537 成功！','删除商品成功'), ('4766','63','增加商品','192.168.1.106','2017-08-20 11:04:31','0','增加商品名称为  aa 成功！','增加商品成功'), ('4767','63','更新商品','192.168.1.106','2017-08-20 11:05:31','0','更新商品ID为  538 成功！','更新商品成功'), ('4768','63','更新商品','192.168.1.106','2017-08-20 11:10:11','0','更新商品ID为  538 成功！','更新商品成功'), ('4769','63','更新商品','192.168.1.106','2017-08-20 11:10:18','0','更新商品ID为  538 成功！','更新商品成功'), ('4770','63','更新商品','192.168.1.106','2017-08-20 11:10:53','0','更新商品ID为  538 成功！','更新商品成功'), ('4771','63','更新商品','192.168.1.106','2017-08-20 11:11:15','0','更新商品ID为  538 成功！','更新商品成功'), ('4772','63','更新商品','192.168.1.106','2017-08-20 11:11:48','0','更新商品ID为  538 成功！','更新商品成功'), ('4773','63','更新商品','192.168.1.106','2017-08-20 11:12:04','0','更新商品ID为  538 成功！','更新商品成功'), ('4774','63','删除商品','192.168.1.106','2017-08-20 11:16:24','0','删除商品ID为  519 成功！','删除商品成功'), ('4775','63','删除商品','192.168.1.106','2017-08-20 11:16:32','0','删除商品ID为  538 成功！','删除商品成功'), ('4776','63','增加商品','192.168.1.106','2017-08-20 11:16:40','0','增加商品名称为  aa 成功！','增加商品成功'), ('4777','63','删除商品','192.168.1.106','2017-08-20 11:17:41','0','删除商品ID为  539 成功！','删除商品成功'), ('4778','63','增加商品','192.168.1.106','2017-08-20 11:17:46','0','增加商品名称为  asdsd 成功！','增加商品成功'), ('4779','63','删除商品','192.168.1.106','2017-08-20 11:18:27','0','删除商品ID为  540 成功！','删除商品成功'), ('4780','63','增加商品','192.168.1.106','2017-08-20 11:18:39','0','增加商品名称为  aa 成功！','增加商品成功'), ('4781','63','批量删除商品','192.168.1.106','2017-08-20 11:21:17','0','批量删除商品ID为  541 成功！','批量删除商品成功'), ('4782','63','增加商品','192.168.1.106','2017-08-20 11:21:24','0','增加商品名称为  aa 成功！','增加商品成功'), ('4783','63','登录系统','192.168.1.106','2017-08-20 11:27:32','0','管理用户：jsh 登录系统','jsh 登录系统'), ('4784','63','增加商品','192.168.1.106','2017-08-20 11:27:41','0','增加商品名称为  aa 成功！','增加商品成功'), ('4785','63','删除商品','192.168.1.106','2017-08-20 11:27:56','0','删除商品ID为  543 成功！','删除商品成功'), ('4786','63','删除商品','192.168.1.106','2017-08-20 11:27:58','0','删除商品ID为  542 成功！','删除商品成功'), ('4787','63','增加商品','192.168.1.106','2017-08-20 11:28:07','0','增加商品名称为  aa 成功！','增加商品成功'), ('4788','63','删除商品','192.168.1.106','2017-08-20 11:31:32','0','删除商品ID为  544 成功！','删除商品成功'), ('4789','63','增加商品','192.168.1.106','2017-08-20 11:32:06','0','增加商品名称为  aa 成功！','增加商品成功'), ('4790','63','增加商品','192.168.1.106','2017-08-20 11:32:36','0','增加商品名称为  asdfad 成功！','增加商品成功'), ('4791','63','增加商品','192.168.1.106','2017-08-20 11:34:20','0','增加商品名称为  asdf 成功！','增加商品成功'), ('4792','63','批量删除商品','192.168.1.106','2017-08-20 11:34:29','0','批量删除商品ID为  545,546 成功！','批量删除商品成功'), ('4793','63','批量删除商品','192.168.1.106','2017-08-20 11:34:31','0','批量删除商品ID为  547 成功！','批量删除商品成功'), ('4794','63','增加商品','192.168.1.106','2017-08-20 11:34:43','0','增加商品名称为  aaaa 成功！','增加商品成功'), ('4795','63','增加商品','192.168.1.106','2017-08-20 11:35:40','0','增加商品名称为  2134 成功！','增加商品成功'), ('4796','63','批量删除商品','192.168.1.106','2017-08-20 11:35:45','0','批量删除商品ID为  548 成功！','批量删除商品成功'), ('4797','63','更新商品','192.168.1.106','2017-08-20 12:04:41','0','更新商品ID为  549 成功！','更新商品成功'), ('4798','63','更新商品','192.168.1.106','2017-08-20 12:04:51','0','更新商品ID为  549 成功！','更新商品成功'), ('4799','63','更新商品','192.168.1.106','2017-08-20 12:05:07','0','更新商品ID为  549 成功！','更新商品成功'), ('4800','63','登录系统','192.168.1.106','2017-08-20 12:08:39','0','管理用户：jsh 登录系统','jsh 登录系统'), ('4801','63','删除商品','192.168.1.106','2017-08-20 12:08:48','0','删除商品ID为  549 成功！','删除商品成功'), ('4802','63','增加商品','192.168.1.106','2017-08-20 12:08:54','0','增加商品名称为  www 成功！','增加商品成功'), ('4803','63','删除商品','192.168.1.106','2017-08-20 12:09:43','0','删除商品ID为  550 成功！','删除商品成功'), ('4804','63','增加商品','192.168.1.106','2017-08-20 12:09:52','0','增加商品名称为  eee 成功！','增加商品成功'), ('4805','63','更新商品','192.168.1.106','2017-08-20 12:10:00','0','更新商品ID为  551 成功！','更新商品成功'), ('4806','63','增加商品','192.168.1.106','2017-08-20 12:10:08','0','增加商品名称为  rrrr 成功！','增加商品成功'), ('4807','63','更新商品','192.168.1.106','2017-08-20 12:10:42','0','更新商品ID为  552 成功！','更新商品成功'), ('4808','63','更新商品','192.168.1.106','2017-08-20 12:11:05','0','更新商品ID为  552 成功！','更新商品成功'), ('4809','63','批量删除商品','192.168.1.106','2017-08-20 12:11:27','0','批量删除商品ID为  551,552 成功！','批量删除商品成功'), ('4810','63','增加商品','192.168.1.106','2017-08-20 12:11:41','0','增加商品名称为  aa 成功！','增加商品成功'), ('4811','63','增加商品','192.168.1.106','2017-08-20 12:11:54','0','增加商品名称为  aa 成功！','增加商品成功'), ('4812','63','更新商品','192.168.1.106','2017-08-20 12:12:33','0','更新商品ID为  554 成功！','更新商品成功'), ('4813','63','增加商品','192.168.1.106','2017-08-20 12:12:43','0','增加商品名称为  asd 成功！','增加商品成功'), ('4814','63','删除商品','192.168.1.106','2017-08-20 12:12:47','0','删除商品ID为  555 成功！','删除商品成功'), ('4815','63','登录系统','192.168.1.106','2017-08-20 12:14:27','0','管理用户：jsh 登录系统','jsh 登录系统'), ('4816','63','批量删除商品','192.168.1.106','2017-08-20 12:14:37','0','批量删除商品ID为  553,554 成功！','批量删除商品成功'), ('4817','63','增加商品','192.168.1.106','2017-08-20 12:15:17','0','增加商品名称为  aa 成功！','增加商品成功'), ('4818','63','增加商品','192.168.1.106','2017-08-20 12:15:28','0','增加商品名称为  aa 成功！','增加商品成功'), ('4819','63','删除商品','192.168.1.106','2017-08-20 12:15:30','0','删除商品ID为  557 成功！','删除商品成功'), ('4820','63','更新商品','192.168.1.106','2017-08-20 12:15:39','0','更新商品ID为  556 成功！','更新商品成功'), ('4821','63','更新商品','192.168.1.106','2017-08-20 12:15:43','0','更新商品ID为  556 成功！','更新商品成功');
INSERT INTO `jsh_log` VALUES ('4822','63','增加商品','192.168.1.106','2017-08-20 12:15:55','0','增加商品名称为  aa 成功！','增加商品成功'), ('4823','63','更新商品','192.168.1.106','2017-08-20 12:16:09','0','更新商品ID为  556 成功！','更新商品成功'), ('4824','63','更新商品','192.168.1.106','2017-08-20 13:05:25','0','更新商品ID为  556 成功！','更新商品成功'), ('4825','63','删除商品','192.168.1.106','2017-08-20 13:05:34','0','删除商品ID为  558 成功！','删除商品成功'), ('4826','63','增加商品','192.168.1.106','2017-08-20 13:05:39','0','增加商品名称为  234 成功！','增加商品成功'), ('4827','63','删除商品','192.168.1.106','2017-08-20 13:05:42','0','删除商品ID为  559 成功！','删除商品成功'), ('4828','63','登录系统','192.168.1.106','2017-08-20 13:52:37','0','管理用户：jsh 登录系统','jsh 登录系统'), ('4829','63','登录系统','192.168.1.106','2017-08-20 14:01:55','0','管理用户：jsh 登录系统','jsh 登录系统'), ('4830','63','登录系统','192.168.100.163','2017-08-20 19:05:52','0','管理用户：jsh 登录系统','jsh 登录系统'), ('4831','63','登录系统','192.168.100.163','2017-08-20 19:19:40','0','管理用户：jsh 登录系统','jsh 登录系统'), ('4832','63','登录系统','192.168.100.163','2017-08-20 19:30:06','0','管理用户：jsh 登录系统','jsh 登录系统'), ('4833','63','批量修改商品状态','192.168.100.163','2017-08-20 19:32:58','0','批量修改状态，商品ID为  556 成功！','批量修改商品状态成功'), ('4834','63','批量修改商品状态','192.168.100.163','2017-08-20 19:33:03','0','批量修改状态，商品ID为  556 成功！','批量修改商品状态成功'), ('4835','63','登录系统','192.168.100.163','2017-08-20 19:35:57','0','管理用户：jsh 登录系统','jsh 登录系统'), ('4836','63','登录系统','192.168.100.163','2017-08-20 19:41:33','0','管理用户：jsh 登录系统','jsh 登录系统'), ('4837','63','增加商品','192.168.100.163','2017-08-20 19:41:59','0','增加商品名称为  sd 成功！','增加商品成功'), ('4838','63','增加商品','192.168.100.163','2017-08-20 19:42:05','0','增加商品名称为  sdf 成功！','增加商品成功'), ('4839','63','更新商品','192.168.100.163','2017-08-20 19:44:28','0','更新商品ID为  556 成功！','更新商品成功'), ('4840','63','登录系统','192.168.100.163','2017-08-20 19:45:58','0','管理用户：jsh 登录系统','jsh 登录系统'), ('4841','63','登录系统','192.168.100.163','2017-08-20 19:48:34','0','管理用户：jsh 登录系统','jsh 登录系统'), ('4842','63','更新商品','192.168.100.163','2017-08-20 19:54:52','0','更新商品ID为  557 成功！','更新商品成功'), ('4843','63','删除商品','192.168.100.163','2017-08-20 19:55:28','0','删除商品ID为  558 成功！','删除商品成功'), ('4844','63','删除商品','192.168.100.163','2017-08-20 19:55:31','0','删除商品ID为  557 成功！','删除商品成功'), ('4845','63','删除商品','192.168.100.163','2017-08-20 19:55:34','0','删除商品ID为  556 成功！','删除商品成功'), ('4846','63','增加商品','192.168.100.163','2017-08-20 19:55:53','0','增加商品名称为  test 成功！','增加商品成功'), ('4847','63','登录系统','192.168.100.163','2017-08-20 20:05:54','0','管理用户：jsh 登录系统','jsh 登录系统'), ('4848','63','增加供应商','192.168.100.163','2017-08-20 20:46:39','0','增加供应商名称为  666 成功！','增加供应商成功'), ('4849','63','增加供应商','192.168.100.163','2017-08-20 20:46:43','0','增加供应商名称为  777 成功！','增加供应商成功'), ('4850','63','增加供应商','192.168.100.163','2017-08-20 20:46:47','0','增加供应商名称为  888 成功！','增加供应商成功'), ('4851','63','增加供应商','192.168.100.163','2017-08-20 20:46:50','0','增加供应商名称为  999 成功！','增加供应商成功'), ('4852','63','增加供应商','192.168.100.163','2017-08-20 20:46:54','0','增加供应商名称为  222 成功！','增加供应商成功'), ('4853','63','增加供应商','192.168.100.163','2017-08-20 20:47:01','0','增加供应商名称为  4444 成功！','增加供应商成功'), ('4854','63','登录系统','192.168.100.163','2017-08-20 21:52:27','0','管理用户：jsh 登录系统','jsh 登录系统'), ('4855','63','登录系统','192.168.100.163','2017-08-20 21:55:15','0','管理用户：jsh 登录系统','jsh 登录系统'), ('4856','63','登录系统','192.168.100.163','2017-08-20 21:57:47','0','管理用户：jsh 登录系统','jsh 登录系统'), ('4857','63','删除商品','192.168.100.163','2017-08-20 21:58:25','0','删除商品ID为  560 成功！','删除商品成功'), ('4858','63','增加商品','192.168.100.163','2017-08-20 22:01:56','0','增加商品名称为  123 成功！','增加商品成功'), ('4859','63','删除商品','192.168.100.163','2017-08-20 22:02:52','0','删除商品ID为  561 成功！','删除商品成功'), ('4860','63','增加商品','192.168.100.163','2017-08-20 22:03:01','0','增加商品名称为  aa 成功！','增加商品成功'), ('4861','63','批量删除商品','192.168.100.163','2017-08-20 22:03:06','0','批量删除商品ID为  562 成功！','批量删除商品成功'), ('4862','63','增加商品','192.168.100.163','2017-08-20 22:03:11','0','增加商品名称为  sdfsdf 成功！','增加商品成功'), ('4863','63','删除商品','192.168.100.163','2017-08-20 22:03:15','0','删除商品ID为  563 成功！','删除商品成功'), ('4864','63','批量删除商品','192.168.100.163','2017-08-20 22:04:00','0','批量删除商品ID为  565,566 成功！','批量删除商品成功'), ('4865','63','删除商品','192.168.100.163','2017-08-20 22:04:03','0','删除商品ID为  564 成功！','删除商品成功'), ('4866','63','登录系统','192.168.100.163','2017-08-20 22:15:18','0','管理用户：jsh 登录系统','jsh 登录系统'), ('4867','63','批量删除商品','192.168.100.163','2017-08-20 22:21:28','0','批量删除商品ID为  568,569,570 成功！','批量删除商品成功'), ('4868','63','批量删除商品','192.168.100.163','2017-08-20 22:21:32','0','批量删除商品ID为  567 成功！','批量删除商品成功'), ('4869','63','登录系统','192.168.100.163','2017-08-21 20:25:22','0','管理用户：jsh 登录系统','jsh 登录系统'), ('4870','63','退出系统','192.168.100.163','2017-08-21 21:13:49','0','管理用户：jsh 退出系统','jsh 退出系统'), ('4871','63','登录系统','192.168.100.163','2017-08-21 21:14:06','0','管理用户：jsh 登录系统','jsh 登录系统'), ('4872','63','退出系统','192.168.100.163','2017-08-21 21:14:30','0','管理用户：jsh 退出系统','jsh 退出系统'), ('4873','63','登录系统','192.168.100.163','2017-08-21 21:15:17','0','管理用户：jsh 登录系统','jsh 登录系统'), ('4874','63','退出系统','192.168.100.163','2017-08-21 21:15:23','0','管理用户：jsh 退出系统','jsh 退出系统'), ('4875','63','登录系统','192.168.100.163','2017-08-21 21:16:08','0','管理用户：jsh 登录系统','jsh 登录系统'), ('4876','63','更新功能','192.168.100.163','2017-08-21 22:42:03','0','更新功能ID为  219 成功！','更新功能成功'), ('4877','63','登录系统','192.168.100.163','2017-08-21 23:21:33','0','管理用户：jsh 登录系统','jsh 登录系统'), ('4878','63','重置用户密码','','2017-08-21 23:34:17','0','重置用户ID为  63密码信息 成功！','重置用户密码成功'), ('4879','63','重置用户密码','','2017-08-21 23:34:36','0','重置用户ID为  63密码信息 成功！','重置用户密码成功'), ('4880','63','更新用户','192.168.100.163','2017-08-21 23:34:50','0','更新用户ID为  63 成功！','更新用户成功'), ('4881','63','重置用户密码','','2017-08-21 23:41:12','0','重置用户ID为  63密码信息 成功！','重置用户密码成功'), ('4882','63','退出系统','192.168.100.163','2017-08-21 23:41:39','0','管理用户：jsh 退出系统','jsh 退出系统'), ('4883','65','登录系统','192.168.100.163','2017-08-21 23:41:43','0','管理用户：ls 登录系统','ls 登录系统'), ('4884','65','更新用户','','2017-08-21 23:41:55','0','更新用户ID为  65密码信息 成功！','更新用户成功'), ('4885','63','登录系统','192.168.100.163','2017-08-21 23:42:17','0','管理用户：jsh 登录系统','jsh 登录系统'), ('4886','63','重置用户密码','','2017-08-21 23:44:27','0','重置用户ID为  65密码信息 成功！','重置用户密码成功'), ('4887','63','重置用户密码','','2017-08-21 23:55:47','0','重置用户ID为  65密码信息 成功！','重置用户密码成功'), ('4888','63','重置用户密码','','2017-08-22 00:00:06','0','重置用户ID为  65密码信息 成功！','重置用户密码成功'), ('4889','63','重置用户密码','','2017-08-22 00:00:55','0','重置用户ID为  65密码信息 成功！','重置用户密码成功'), ('4890','63','重置用户密码','','2017-08-22 00:00:58','0','重置用户ID为  65密码信息 成功！','重置用户密码成功'), ('4891','63','重置用户密码','','2017-08-22 00:01:08','0','重置用户ID为  64密码信息 成功！','重置用户密码成功'), ('4892','63','批量删除商品','192.168.100.163','2017-08-22 00:15:33','0','批量删除商品ID为  560 成功！','批量删除商品成功'), ('4893','63','批量删除商品','192.168.100.163','2017-08-22 00:18:15','0','批量删除商品ID为  562 成功！','批量删除商品成功'), ('4894','63','删除商品','192.168.100.163','2017-08-22 00:18:18','0','删除商品ID为  561 成功！','删除商品成功'), ('4895','63','删除商品','192.168.100.163','2017-08-22 00:18:52','0','删除商品ID为  563 成功！','删除商品成功'), ('4896','63','删除商品','192.168.100.163','2017-08-22 00:18:54','0','删除商品ID为  564 成功！','删除商品成功'), ('4897','63','登录系统','192.168.100.163','2017-08-22 20:37:24','0','管理用户：jsh 登录系统','jsh 登录系统'), ('4898','63','删除单据','192.168.100.163','2017-08-22 21:08:55','0','删除单据ID为  28 成功！','删除单据成功'), ('4899','63','登录系统','192.168.100.163','2017-08-22 22:34:28','0','管理用户：jsh 登录系统','jsh 登录系统'), ('4900','63','增加功能','192.168.100.163','2017-08-22 22:44:51','0','增加功能名称为  审核 成功！','增加功能成功'), ('4901','63','更新功能','192.168.100.163','2017-08-22 22:46:03','0','更新功能ID为  33 成功！','更新功能成功'), ('4902','63','更新功能','192.168.100.163','2017-08-22 22:46:07','0','更新功能ID为  221 成功！','更新功能成功'), ('4903','63','更新功能','192.168.100.163','2017-08-22 22:47:44','0','更新功能ID为  33 成功！','更新功能成功'), ('4904','63','删除功能','192.168.100.163','2017-08-22 22:47:49','0','删除功能ID为  221 成功！','删除功能成功'), ('4905','63','增加角色','192.168.100.163','2017-08-22 22:57:13','0','增加角色名称为  aaaa 成功！','增加角色成功'), ('4906','63','更新UserBusiness','192.168.100.163','2017-08-22 22:57:54','0','更新UserBusiness的ID为  7 成功！','更新UserBusiness成功'), ('4907','63','更新UserBusiness','192.168.100.163','2017-08-22 22:59:10','0','更新UserBusiness的ID为  7 成功！','更新UserBusiness成功'), ('4908','63','更新UserBusiness','192.168.100.163','2017-08-22 23:20:35','0','更新UserBusiness的ID为  7 成功！','更新UserBusiness成功'), ('4909','63','登录系统','192.168.100.163','2017-08-23 20:37:44','0','管理用户：jsh 登录系统','jsh 登录系统'), ('4910','63','增加应用','192.168.100.163','2017-08-23 20:44:37','0','增加应用名称为  采购入库 成功！','增加应用成功'), ('4911','63','更新应用','192.168.100.163','2017-08-23 20:46:56','0','更新应用ID为  23 成功！','更新应用成功'), ('4912','63','更新UserBusiness','192.168.100.163','2017-08-23 20:48:21','0','更新UserBusiness的ID为  5 成功！','更新UserBusiness成功'), ('4913','63','更新UserBusiness','192.168.100.163','2017-08-23 20:48:52','0','更新UserBusiness的ID为  5 成功！','更新UserBusiness成功'), ('4914','63','删除应用','192.168.100.163','2017-08-23 20:50:07','0','删除应用ID为  23 成功！','删除应用成功'), ('4915','63','更新UserBusiness','192.168.100.163','2017-08-23 20:54:59','0','更新UserBusiness的ID为  7 成功！','更新UserBusiness成功'), ('4916','63','更新UserBusiness','192.168.100.163','2017-08-23 20:56:23','0','更新UserBusiness的ID为  7 成功！','更新UserBusiness成功'), ('4917','63','更新功能','192.168.100.163','2017-08-23 22:21:18','0','更新功能ID为  1 成功！','更新功能成功'), ('4918','63','更新功能','192.168.100.163','2017-08-23 22:21:44','0','更新功能ID为  1 成功！','更新功能成功'), ('4919','63','登录系统','192.168.100.163','2017-08-23 22:23:56','0','管理用户：jsh 登录系统','jsh 登录系统'), ('4920','63','更新功能','192.168.100.163','2017-08-23 22:24:20','0','更新功能ID为  1 成功！','更新功能成功'), ('4921','63','更新功能','192.168.100.163','2017-08-23 22:24:58','0','更新功能ID为  1 成功！','更新功能成功');
INSERT INTO `jsh_log` VALUES ('4922','63','更新功能','192.168.100.163','2017-08-23 22:25:25','0','更新功能ID为  1 成功！','更新功能成功'), ('4923','63','更新功能','192.168.100.163','2017-08-23 22:27:44','0','更新功能ID为  1 成功！','更新功能成功'), ('4924','63','更新功能','192.168.100.163','2017-08-23 22:28:54','0','更新功能ID为  1 成功！','更新功能成功'), ('4925','63','更新功能','192.168.100.163','2017-08-23 22:46:03','0','更新功能ID为  1 成功！','更新功能成功'), ('4926','63','更新功能','192.168.100.163','2017-08-23 22:55:36','0','更新功能ID为  2 成功！','更新功能成功'), ('4927','63','更新功能','192.168.100.163','2017-08-23 22:57:13','0','更新功能ID为  1 成功！','更新功能成功'), ('4928','63','更新功能','192.168.100.163','2017-08-23 22:59:08','0','更新功能ID为  2 成功！','更新功能成功'), ('4929','63','更新功能','192.168.100.163','2017-08-23 22:59:16','0','更新功能ID为  3 成功！','更新功能成功'), ('4930','63','登录系统','192.168.100.163','2017-08-24 00:08:27','0','管理用户：jsh 登录系统','jsh 登录系统'), ('4931','63','登录系统','192.168.100.163','2017-08-24 00:21:01','0','管理用户：jsh 登录系统','jsh 登录系统'), ('4932','63','登录系统','192.168.100.164','2017-08-24 21:14:07','0','管理用户：jsh 登录系统','jsh 登录系统'), ('4933','63','登录系统','192.168.100.164','2017-08-25 20:31:45','0','管理用户：jsh 登录系统','jsh 登录系统'), ('4934','63','登录系统','192.168.100.164','2017-08-25 20:31:57','0','管理用户：jsh 登录系统','jsh 登录系统'), ('4935','63','登录系统','192.168.100.164','2017-08-25 21:10:14','0','管理用户：jsh 登录系统','jsh 登录系统'), ('4936','63','更新角色按钮权限','','2017-08-25 21:45:05','0','角色按钮权限的ID为  7 成功！','更新角色按钮权限成功'), ('4937','63','更新角色按钮权限','','2017-08-25 21:53:02','0','角色按钮权限的ID为  7 成功！','更新角色按钮权限成功'), ('4938','63','更新角色按钮权限','','2017-08-25 22:06:19','0','角色按钮权限的ID为  7 成功！','更新角色按钮权限成功'), ('4939','63','更新角色按钮权限','','2017-08-25 22:06:31','0','角色按钮权限的ID为  7 成功！','更新角色按钮权限成功'), ('4940','63','更新角色按钮权限','','2017-08-25 22:07:06','0','角色按钮权限的ID为  7 成功！','更新角色按钮权限成功'), ('4941','63','更新角色按钮权限','','2017-08-25 22:09:23','0','角色按钮权限的ID为  5 成功！','更新角色按钮权限成功'), ('4942','63','更新角色按钮权限','','2017-08-25 23:25:00','0','角色按钮权限的ID为  7 成功！','更新角色按钮权限成功'), ('4943','63','更新角色按钮权限','','2017-08-25 23:27:17','0','角色按钮权限的ID为  7 成功！','更新角色按钮权限成功'), ('4944','63','更新角色按钮权限','','2017-08-25 23:28:16','0','角色按钮权限的ID为  7 成功！','更新角色按钮权限成功'), ('4945','63','更新角色按钮权限','','2017-08-25 23:28:23','0','角色按钮权限的ID为  7 成功！','更新角色按钮权限成功'), ('4946','63','更新角色按钮权限','','2017-08-25 23:29:14','0','角色按钮权限的ID为  7 成功！','更新角色按钮权限成功'), ('4947','63','更新角色按钮权限','','2017-08-25 23:29:22','0','角色按钮权限的ID为  5 成功！','更新角色按钮权限成功'), ('4948','63','更新角色按钮权限','','2017-08-25 23:30:24','0','角色按钮权限的ID为  5 成功！','更新角色按钮权限成功'), ('4949','63','更新角色按钮权限','','2017-08-25 23:31:31','0','角色按钮权限的ID为  5 成功！','更新角色按钮权限成功'), ('4950','63','更新角色按钮权限','','2017-08-25 23:31:40','0','角色按钮权限的ID为  7 成功！','更新角色按钮权限成功'), ('4951','63','更新角色按钮权限','','2017-08-25 23:31:50','0','角色按钮权限的ID为  7 成功！','更新角色按钮权限成功'), ('4952','63','更新角色按钮权限','','2017-08-25 23:32:01','0','角色按钮权限的ID为  7 成功！','更新角色按钮权限成功'), ('4953','63','更新角色按钮权限','','2017-08-25 23:34:09','0','角色按钮权限的ID为  7 成功！','更新角色按钮权限成功'), ('4954','63','更新角色按钮权限','','2017-08-25 23:36:56','0','角色按钮权限的ID为  7 成功！','更新角色按钮权限成功'), ('4955','63','更新角色按钮权限','','2017-08-25 23:37:19','0','角色按钮权限的ID为  7 成功！','更新角色按钮权限成功'), ('4956','63','更新角色按钮权限','','2017-08-25 23:44:54','0','角色按钮权限的ID为  7 成功！','更新角色按钮权限成功'), ('4957','63','更新角色按钮权限','','2017-08-25 23:45:07','0','角色按钮权限的ID为  7 成功！','更新角色按钮权限成功'), ('4958','63','更新角色按钮权限','','2017-08-25 23:45:15','0','角色按钮权限的ID为  7 成功！','更新角色按钮权限成功'), ('4959','63','更新角色按钮权限','','2017-08-25 23:45:27','0','角色按钮权限的ID为  7 成功！','更新角色按钮权限成功'), ('4960','63','更新角色按钮权限','','2017-08-25 23:45:37','0','角色按钮权限的ID为  7 成功！','更新角色按钮权限成功'), ('4961','63','更新角色按钮权限','','2017-08-25 23:45:44','0','角色按钮权限的ID为  7 成功！','更新角色按钮权限成功'), ('4962','63','更新角色按钮权限','','2017-08-25 23:45:53','0','角色按钮权限的ID为  7 成功！','更新角色按钮权限成功'), ('4963','63','更新角色按钮权限','','2017-08-25 23:45:58','0','角色按钮权限的ID为  7 成功！','更新角色按钮权限成功'), ('4964','63','更新角色按钮权限','','2017-08-25 23:46:03','0','角色按钮权限的ID为  7 成功！','更新角色按钮权限成功'), ('4965','63','更新角色按钮权限','','2017-08-25 23:46:08','0','角色按钮权限的ID为  7 成功！','更新角色按钮权限成功'), ('4966','63','更新角色按钮权限','','2017-08-25 23:46:21','0','角色按钮权限的ID为  7 成功！','更新角色按钮权限成功'), ('4967','63','更新功能','192.168.100.164','2017-08-25 23:46:57','0','更新功能ID为  13 成功！','更新功能成功'), ('4968','63','更新功能','192.168.100.164','2017-08-25 23:47:04','0','更新功能ID为  12 成功！','更新功能成功'), ('4969','63','更新功能','192.168.100.164','2017-08-25 23:47:53','0','更新功能ID为  33 成功！','更新功能成功'), ('4970','63','更新功能','192.168.100.164','2017-08-25 23:48:00','0','更新功能ID为  211 成功！','更新功能成功'), ('4971','63','更新功能','192.168.100.164','2017-08-25 23:48:08','0','更新功能ID为  201 成功！','更新功能成功'), ('4972','63','更新功能','192.168.100.164','2017-08-25 23:48:26','0','更新功能ID为  200 成功！','更新功能成功'), ('4973','63','更新功能','192.168.100.164','2017-08-25 23:48:35','0','更新功能ID为  210 成功！','更新功能成功'), ('4974','63','更新功能','192.168.100.164','2017-08-25 23:48:54','0','更新功能ID为  25 成功！','更新功能成功'), ('4975','63','更新功能','192.168.100.164','2017-08-25 23:49:01','0','更新功能ID为  217 成功！','更新功能成功'), ('4976','63','更新功能','192.168.100.164','2017-08-25 23:49:07','0','更新功能ID为  218 成功！','更新功能成功'), ('4977','63','更新角色按钮权限','','2017-08-25 23:49:38','0','角色按钮权限的ID为  5 成功！','更新角色按钮权限成功'), ('4978','63','更新角色按钮权限','','2017-08-25 23:49:54','0','角色按钮权限的ID为  5 成功！','更新角色按钮权限成功'), ('4979','63','更新角色按钮权限','','2017-08-25 23:50:03','0','角色按钮权限的ID为  5 成功！','更新角色按钮权限成功'), ('4980','63','更新功能','192.168.100.164','2017-08-25 23:54:54','0','更新功能ID为  210 成功！','更新功能成功'), ('4981','63','更新功能','192.168.100.164','2017-08-25 23:55:10','0','更新功能ID为  211 成功！','更新功能成功'), ('4982','63','更新功能','192.168.100.164','2017-08-25 23:55:40','0','更新功能ID为  41 成功！','更新功能成功'), ('4983','63','更新功能','192.168.100.164','2017-08-25 23:56:15','0','更新功能ID为  199 成功！','更新功能成功'), ('4984','63','更新功能','192.168.100.164','2017-08-25 23:56:23','0','更新功能ID为  202 成功！','更新功能成功'), ('4985','63','更新功能','192.168.100.164','2017-08-25 23:56:29','0','更新功能ID为  40 成功！','更新功能成功'), ('4986','63','更新角色按钮权限','','2017-08-25 23:57:05','0','角色按钮权限的ID为  5 成功！','更新角色按钮权限成功'), ('4987','63','更新角色按钮权限','','2017-08-25 23:57:11','0','角色按钮权限的ID为  7 成功！','更新角色按钮权限成功'), ('4988','63','更新UserBusiness','192.168.100.164','2017-08-25 23:57:26','0','更新UserBusiness的ID为  7 成功！','更新UserBusiness成功'), ('4989','63','更新角色按钮权限','','2017-08-25 23:59:28','0','角色按钮权限的ID为  5 成功！','更新角色按钮权限成功'), ('4990','63','更新角色按钮权限','','2017-08-26 00:00:20','0','角色按钮权限的ID为  5 成功！','更新角色按钮权限成功'), ('4991','63','更新角色按钮权限','','2017-08-26 00:02:23','0','角色按钮权限的ID为  5 成功！','更新角色按钮权限成功'), ('4992','63','更新角色按钮权限','','2017-08-26 00:02:27','0','角色按钮权限的ID为  5 成功！','更新角色按钮权限成功'), ('4993','63','更新角色按钮权限','','2017-08-26 00:04:57','0','角色按钮权限的ID为  5 成功！','更新角色按钮权限成功'), ('4994','63','登录系统','192.168.100.164','2017-08-26 00:28:42','0','管理用户：jsh 登录系统','jsh 登录系统'), ('4995','63','登录系统','192.168.100.164','2017-08-26 00:52:49','0','管理用户：jsh 登录系统','jsh 登录系统'), ('4996','63','登录系统','192.168.100.163','2017-08-27 19:32:44','0','管理用户：jsh 登录系统','jsh 登录系统'), ('4997','63','更新角色按钮权限','','2017-08-27 19:35:29','0','角色按钮权限的ID为  5 成功！','更新角色按钮权限成功'), ('4998','63','更新UserBusiness','192.168.100.163','2017-08-27 19:57:47','0','更新UserBusiness的ID为  16 成功！','更新UserBusiness成功'), ('4999','63','更新角色按钮权限','','2017-08-27 20:32:34','0','角色按钮权限的ID为  7 成功！','更新角色按钮权限成功'), ('5000','63','更新UserBusiness','192.168.100.163','2017-08-27 20:32:50','0','更新UserBusiness的ID为  16 成功！','更新UserBusiness成功'), ('5001','63','登录系统','192.168.100.163','2017-08-27 20:42:25','0','管理用户：jsh 登录系统','jsh 登录系统'), ('5002','63','更新UserBusiness','192.168.100.163','2017-08-27 20:52:24','0','更新UserBusiness的ID为  16 成功！','更新UserBusiness成功'), ('5003','63','更新角色按钮权限','','2017-08-27 21:06:01','0','角色按钮权限的ID为  5 成功！','更新角色按钮权限成功'), ('5004','63','更新角色按钮权限','','2017-08-27 21:08:34','0','角色按钮权限的ID为  5 成功！','更新角色按钮权限成功'), ('5005','63','更新角色按钮权限','','2017-08-27 21:09:00','0','角色按钮权限的ID为  5 成功！','更新角色按钮权限成功'), ('5006','63','更新角色按钮权限','','2017-08-27 21:09:39','0','角色按钮权限的ID为  5 成功！','更新角色按钮权限成功'), ('5007','63','登录系统','192.168.100.163','2017-08-27 22:12:48','0','管理用户：jsh 登录系统','jsh 登录系统'), ('5008','63','更新功能','192.168.100.163','2017-08-27 22:56:24','0','更新功能ID为  33 成功！','更新功能成功'), ('5009','63','更新功能','192.168.100.163','2017-08-27 22:56:38','0','更新功能ID为  41 成功！','更新功能成功'), ('5010','63','批量删除供应商','192.168.100.163','2017-08-27 23:05:28','0','批量删除供应商ID为  52,51,50,49,48,47,41,37 成功！','批量删除供应商成功'), ('5011','63','增加单据','192.168.100.163','2017-08-27 23:10:44','0','增加单据编号为  GHDD201708270001 成功！','增加单据成功'), ('5012','63','保存仓管通明细','192.168.100.163','2017-08-27 23:10:44','0','保存仓管通明细对应主表编号为  28 成功！','保存仓管通明细成功'), ('5013','63','批量修改单据状态','192.168.100.163','2017-08-27 23:16:13','0','批量修改状态，单据ID为  28 成功！','批量修改单据状态成功'), ('5014','63','批量修改单据状态','192.168.100.163','2017-08-27 23:16:16','0','批量修改状态，单据ID为  28 成功！','批量修改单据状态成功'), ('5015','63','登录系统','192.168.100.163','2017-08-28 21:12:05','0','管理用户：jsh 登录系统','jsh 登录系统'), ('5016','63','增加单据','192.168.100.163','2017-08-28 23:06:40','0','增加单据编号为  XSCK201708280001 成功！','增加单据成功'), ('5017','63','保存仓管通明细','192.168.100.163','2017-08-28 23:06:40','0','保存仓管通明细对应主表编号为  29 成功！','保存仓管通明细成功'), ('5018','63','增加单据','192.168.100.163','2017-08-28 23:13:08','0','增加单据编号为  XSTH201708280001 成功！','增加单据成功'), ('5019','63','保存仓管通明细','192.168.100.163','2017-08-28 23:13:09','0','保存仓管通明细对应主表编号为  30 成功！','保存仓管通明细成功'), ('5020','63','增加单据','192.168.100.163','2017-08-28 23:15:45','0','增加单据编号为  CGTH201708280001 成功！','增加单据成功'), ('5021','63','保存仓管通明细','192.168.100.163','2017-08-28 23:15:45','0','保存仓管通明细对应主表编号为  31 成功！','保存仓管通明细成功');
INSERT INTO `jsh_log` VALUES ('5022','63','更新单据','192.168.100.163','2017-08-28 23:16:12','0','更新单据ID为  30 成功！','更新单据成功'), ('5023','63','增加单据','192.168.100.163','2017-08-28 23:17:55','0','增加单据编号为  QTRK201708280001 成功！','增加单据成功'), ('5024','63','保存仓管通明细','192.168.100.163','2017-08-28 23:17:55','0','保存仓管通明细对应主表编号为  32 成功！','保存仓管通明细成功'), ('5025','63','增加单据','192.168.100.163','2017-08-28 23:21:14','0','增加单据编号为  QTCK201708280001 成功！','增加单据成功'), ('5026','63','保存仓管通明细','192.168.100.163','2017-08-28 23:21:15','0','保存仓管通明细对应主表编号为  33 成功！','保存仓管通明细成功'), ('5027','63','增加单据','192.168.100.163','2017-08-28 23:37:02','0','增加单据编号为  DBCK201708280001 成功！','增加单据成功'), ('5028','63','保存仓管通明细','192.168.100.163','2017-08-28 23:37:02','0','保存仓管通明细对应主表编号为  34 成功！','保存仓管通明细成功'), ('5029','63','删除单据','192.168.100.163','2017-08-28 23:38:46','0','删除单据ID为  34 成功！','删除单据成功'), ('5030','63','增加单据','192.168.100.163','2017-08-28 23:38:58','0','增加单据编号为  DBCK201708280001 成功！','增加单据成功'), ('5031','63','保存仓管通明细','192.168.100.163','2017-08-28 23:38:58','0','保存仓管通明细对应主表编号为  35 成功！','保存仓管通明细成功'), ('5032','63','删除单据','192.168.100.163','2017-08-28 23:39:18','0','删除单据ID为  35 成功！','删除单据成功'), ('5033','63','增加单据','192.168.100.163','2017-08-28 23:39:28','0','增加单据编号为  DBCK201708280001 成功！','增加单据成功'), ('5034','63','保存仓管通明细','192.168.100.163','2017-08-28 23:39:28','0','保存仓管通明细对应主表编号为  36 成功！','保存仓管通明细成功'), ('5035','63','增加单据','192.168.100.163','2017-08-28 23:56:34','0','增加单据编号为  DBCK201708280002 成功！','增加单据成功'), ('5036','63','保存仓管通明细','192.168.100.163','2017-08-28 23:56:35','0','保存仓管通明细对应主表编号为  37 成功！','保存仓管通明细成功'), ('5037','63','增加单据','192.168.100.163','2017-08-29 00:20:11','0','增加单据编号为  DBCK201708290001 成功！','增加单据成功'), ('5038','63','保存仓管通明细','192.168.100.163','2017-08-29 00:20:11','0','保存仓管通明细对应主表编号为  38 成功！','保存仓管通明细成功'), ('5039','63','更新单据','192.168.100.163','2017-08-29 00:20:49','0','更新单据ID为  38 成功！','更新单据成功'), ('5040','63','保存仓管通明细','192.168.100.163','2017-08-29 00:20:49','0','保存仓管通明细对应主表编号为  38 成功！','保存仓管通明细成功'), ('5041','63','更新角色按钮权限','','2017-08-29 00:27:51','0','角色按钮权限的ID为  5 成功！','更新角色按钮权限成功'), ('5042','63','批量修改单据状态','192.168.100.163','2017-08-29 00:28:19','0','批量修改状态，单据ID为  33 成功！','批量修改单据状态成功'), ('5043','63','批量修改单据状态','192.168.100.163','2017-08-29 00:28:21','0','批量修改状态，单据ID为  33 成功！','批量修改单据状态成功'), ('5044','63','登录系统','192.168.100.163','2017-08-29 20:33:52','0','管理用户：jsh 登录系统','jsh 登录系统'), ('5045','63','更新角色按钮权限','','2017-08-29 20:38:41','0','角色按钮权限的ID为  5 成功！','更新角色按钮权限成功'), ('5046','63','批量修改单据状态','192.168.100.163','2017-08-29 20:38:57','0','批量修改状态，单据ID为  36 成功！','批量修改单据状态成功'), ('5047','63','批量修改单据状态','192.168.100.163','2017-08-29 20:39:00','0','批量修改状态，单据ID为  36 成功！','批量修改单据状态成功'), ('5048','63','更新单据','192.168.100.163','2017-08-29 20:41:12','0','更新单据ID为  31 成功！','更新单据成功'), ('5049','63','批量删除单据','192.168.100.163','2017-08-29 20:41:41','0','批量删除单据ID为  36 成功！','批量删除单据成功'), ('5050','63','更新单据','192.168.100.163','2017-08-29 20:41:56','0','更新单据ID为  38 成功！','更新单据成功'), ('5051','63','保存仓管通明细','192.168.100.163','2017-08-29 20:41:57','0','保存仓管通明细对应主表编号为  38 成功！','保存仓管通明细成功'), ('5052','63','更新单据','192.168.100.163','2017-08-29 20:51:57','0','更新单据ID为  30 成功！','更新单据成功'), ('5053','63','保存仓管通明细','192.168.100.163','2017-08-29 20:51:57','0','保存仓管通明细对应主表编号为  30 成功！','保存仓管通明细成功'), ('5054','63','更新功能','192.168.100.163','2017-08-29 20:54:04','0','更新功能ID为  210 成功！','更新功能成功'), ('5055','63','更新功能','192.168.100.163','2017-08-29 20:54:23','0','更新功能ID为  211 成功！','更新功能成功'), ('5056','63','更新功能','192.168.100.163','2017-08-29 20:54:51','0','更新功能ID为  211 成功！','更新功能成功'), ('5057','63','退出系统','192.168.100.163','2017-08-29 20:57:20','0','管理用户：jsh 退出系统','jsh 退出系统'), ('5058','63','登录系统','192.168.100.163','2017-08-29 20:57:24','0','管理用户：jsh 登录系统','jsh 登录系统'), ('5059','63','更新UserBusiness','192.168.100.163','2017-08-29 20:57:45','0','更新UserBusiness的ID为  5 成功！','更新UserBusiness成功'), ('5060','63','更新功能','192.168.100.163','2017-08-29 20:58:15','0','更新功能ID为  211 成功！','更新功能成功'), ('5061','63','更新功能','192.168.100.163','2017-08-29 20:58:25','0','更新功能ID为  210 成功！','更新功能成功'), ('5062','63','更新角色按钮权限','','2017-08-29 20:58:33','0','角色按钮权限的ID为  5 成功！','更新角色按钮权限成功'), ('5063','63','更新功能','192.168.100.163','2017-08-29 20:58:55','0','更新功能ID为  214 成功！','更新功能成功'), ('5064','63','更新UserBusiness','192.168.100.163','2017-08-29 20:59:03','0','更新UserBusiness的ID为  5 成功！','更新UserBusiness成功'), ('5065','63','更新功能','192.168.100.163','2017-08-29 21:00:57','0','更新功能ID为  216 成功！','更新功能成功'), ('5066','63','更新功能','192.168.100.163','2017-08-29 21:01:03','0','更新功能ID为  215 成功！','更新功能成功'), ('5067','63','更新UserBusiness','192.168.100.163','2017-08-29 21:01:18','0','更新UserBusiness的ID为  5 成功！','更新UserBusiness成功'), ('5068','63','增加应用','192.168.100.163','2017-08-29 21:11:53','0','增加应用名称为  零售管理 成功！','增加应用成功'), ('5069','63','更新应用','192.168.100.163','2017-08-29 21:12:08','0','更新应用ID为  23 成功！','更新应用成功'), ('5070','63','增加应用','192.168.100.163','2017-08-29 21:13:16','0','增加应用名称为  入库管理 成功！','增加应用成功'), ('5071','63','增加应用','192.168.100.163','2017-08-29 21:14:22','0','增加应用名称为  出库管理 成功！','增加应用成功'), ('5072','63','增加应用','192.168.100.163','2017-08-29 21:15:19','0','增加应用名称为  财务管理 成功！','增加应用成功'), ('5073','63','增加功能','192.168.100.163','2017-08-29 21:16:55','0','增加功能名称为  零售管理 成功！','增加功能成功'), ('5074','63','增加功能','192.168.100.163','2017-08-29 21:17:23','0','增加功能名称为  入库管理 成功！','增加功能成功'), ('5075','63','更新功能','192.168.100.163','2017-08-29 21:17:38','0','更新功能ID为  3 成功！','更新功能成功'), ('5076','63','增加功能','192.168.100.163','2017-08-29 21:18:33','0','增加功能名称为  出库管理 成功！','增加功能成功'), ('5077','63','增加功能','192.168.100.163','2017-08-29 21:18:58','0','增加功能名称为  财务管理 成功！','增加功能成功'), ('5078','63','更新功能','192.168.100.163','2017-08-29 21:19:13','0','更新功能ID为  196 成功！','更新功能成功'), ('5079','63','删除功能','192.168.100.163','2017-08-29 21:19:38','0','删除功能ID为  3 成功！','删除功能成功'), ('5080','63','更新功能','192.168.100.163','2017-08-29 21:21:42','0','更新功能ID为  32 成功！','更新功能成功'), ('5081','63','更新功能','192.168.100.163','2017-08-29 21:21:59','0','更新功能ID为  33 成功！','更新功能成功'), ('5082','63','更新功能','192.168.100.163','2017-08-29 21:22:21','0','更新功能ID为  200 成功！','更新功能成功'), ('5083','63','更新功能','192.168.100.163','2017-08-29 21:22:33','0','更新功能ID为  201 成功！','更新功能成功'), ('5084','63','更新功能','192.168.100.163','2017-08-29 21:22:47','0','更新功能ID为  38 成功！','更新功能成功'), ('5085','63','更新功能','192.168.100.163','2017-08-29 21:23:13','0','更新功能ID为  41 成功！','更新功能成功'), ('5086','63','更新功能','192.168.100.163','2017-08-29 21:23:28','0','更新功能ID为  199 成功！','更新功能成功'), ('5087','63','更新功能','192.168.100.163','2017-08-29 21:23:43','0','更新功能ID为  202 成功！','更新功能成功'), ('5088','63','更新功能','192.168.100.163','2017-08-29 21:23:59','0','更新功能ID为  40 成功！','更新功能成功'), ('5089','63','增加功能','192.168.100.163','2017-08-29 21:25:04','0','增加功能名称为  零售管理 成功！','增加功能成功'), ('5090','63','更新功能','192.168.100.163','2017-08-29 21:25:21','0','更新功能ID为  210 成功！','更新功能成功'), ('5091','63','更新功能','192.168.100.163','2017-08-29 21:25:59','0','更新功能ID为  211 成功！','更新功能成功'), ('5092','63','更新功能','192.168.100.163','2017-08-29 21:26:14','0','更新功能ID为  211 成功！','更新功能成功'), ('5093','63','更新功能','192.168.100.163','2017-08-29 21:27:55','0','更新功能ID为  214 成功！','更新功能成功'), ('5094','63','更新功能','192.168.100.163','2017-08-29 21:28:20','0','更新功能ID为  215 成功！','更新功能成功'), ('5095','63','更新功能','192.168.100.163','2017-08-29 21:29:06','0','更新功能ID为  44 成功！','更新功能成功'), ('5096','63','更新功能','192.168.100.163','2017-08-29 21:29:26','0','更新功能ID为  197 成功！','更新功能成功'), ('5097','63','更新功能','192.168.100.163','2017-08-29 21:29:38','0','更新功能ID为  203 成功！','更新功能成功'), ('5098','63','更新功能','192.168.100.163','2017-08-29 21:29:53','0','更新功能ID为  204 成功！','更新功能成功'), ('5099','63','更新功能','192.168.100.163','2017-08-29 21:30:10','0','更新功能ID为  205 成功！','更新功能成功'), ('5100','63','更新功能','192.168.100.163','2017-08-29 21:30:30','0','更新功能ID为  206 成功！','更新功能成功'), ('5101','63','更新功能','192.168.100.163','2017-08-29 21:30:42','0','更新功能ID为  212 成功！','更新功能成功'), ('5102','63','更新UserBusiness','192.168.100.163','2017-08-29 21:32:15','0','更新UserBusiness的ID为  5 成功！','更新UserBusiness成功'), ('5103','63','更新应用','192.168.100.163','2017-08-29 21:33:32','0','更新应用ID为  8 成功！','更新应用成功'), ('5104','63','更新UserBusiness','192.168.100.163','2017-08-29 21:34:23','0','更新UserBusiness的ID为  1 成功！','更新UserBusiness成功'), ('5105','63','更新应用','192.168.100.163','2017-08-29 21:34:59','0','更新应用ID为  24 成功！','更新应用成功'), ('5106','63','更新应用','192.168.100.163','2017-08-29 21:35:07','0','更新应用ID为  23 成功！','更新应用成功'), ('5107','63','更新应用','192.168.100.163','2017-08-29 21:35:13','0','更新应用ID为  25 成功！','更新应用成功'), ('5108','63','更新应用','192.168.100.163','2017-08-29 21:36:15','0','更新应用ID为  25 成功！','更新应用成功'), ('5109','63','更新应用','192.168.100.163','2017-08-29 21:36:20','0','更新应用ID为  24 成功！','更新应用成功'), ('5110','63','更新应用','192.168.100.163','2017-08-29 21:36:24','0','更新应用ID为  23 成功！','更新应用成功'), ('5111','63','增加单据','192.168.100.163','2017-08-29 21:37:30','0','增加单据编号为  LSCK201708290001 成功！','增加单据成功'), ('5112','63','保存仓管通明细','192.168.100.163','2017-08-29 21:37:30','0','保存仓管通明细对应主表编号为  39 成功！','保存仓管通明细成功'), ('5113','63','更新供应商预付款','','2017-08-29 21:37:36','0','更新供应商ID为  7 成功！','更新供应商成功'), ('5114','63','批量删除单据','192.168.100.163','2017-08-29 21:37:36','0','批量删除单据ID为  39 成功！','批量删除单据成功'), ('5115','63','更新功能','192.168.100.163','2017-08-29 21:40:46','0','更新功能ID为  213 成功！','更新功能成功'), ('5116','63','更新UserBusiness','192.168.100.163','2017-08-29 21:41:02','0','更新UserBusiness的ID为  5 成功！','更新UserBusiness成功'), ('5117','63','更新仓库','192.168.100.163','2017-08-29 21:41:22','0','更新仓库ID为  4 成功！','更新仓库成功'), ('5118','63','更新仓库','192.168.100.163','2017-08-29 21:41:26','0','更新仓库ID为  4 成功！','更新仓库成功'), ('5119','63','更新应用','192.168.100.163','2017-08-29 21:51:30','0','更新应用ID为  25 成功！','更新应用成功'), ('5120','63','更新应用','192.168.100.163','2017-08-29 21:51:34','0','更新应用ID为  24 成功！','更新应用成功'), ('5121','63','更新应用','192.168.100.163','2017-08-29 21:52:57','0','更新应用ID为  23 成功！','更新应用成功');
INSERT INTO `jsh_log` VALUES ('5122','63','增加单据','192.168.100.163','2017-08-29 23:22:53','0','增加单据编号为  LSCK201708290001 成功！','增加单据成功'), ('5123','63','保存仓管通明细','192.168.100.163','2017-08-29 23:22:54','0','保存仓管通明细对应主表编号为  40 成功！','保存仓管通明细成功'), ('5124','63','增加单据','192.168.100.163','2017-08-29 23:29:39','0','增加单据编号为  LSCK201708290002 成功！','增加单据成功'), ('5125','63','保存仓管通明细','192.168.100.163','2017-08-29 23:29:40','0','保存仓管通明细对应主表编号为  41 成功！','保存仓管通明细成功'), ('5126','63','增加单据','192.168.100.163','2017-08-29 23:35:12','0','增加单据编号为  LSCK201708290003 成功！','增加单据成功'), ('5127','63','保存仓管通明细','192.168.100.163','2017-08-29 23:35:13','0','保存仓管通明细对应主表编号为  42 成功！','保存仓管通明细成功'), ('5128','63','增加单据','192.168.100.163','2017-08-29 23:39:44','0','增加单据编号为  LSCK201708290004 成功！','增加单据成功'), ('5129','63','保存仓管通明细','192.168.100.163','2017-08-29 23:39:44','0','保存仓管通明细对应主表编号为  43 成功！','保存仓管通明细成功'), ('5130','63','批量修改单据状态','192.168.100.163','2017-08-29 23:39:48','0','批量修改状态，单据ID为  43 成功！','批量修改单据状态成功'), ('5131','63','批量修改单据状态','192.168.100.163','2017-08-29 23:40:02','0','批量修改状态，单据ID为  43 成功！','批量修改单据状态成功'), ('5132','63','增加单据','192.168.100.163','2017-08-29 23:48:43','0','增加单据编号为  LSTH201708290001 成功！','增加单据成功'), ('5133','63','保存仓管通明细','192.168.100.163','2017-08-29 23:48:43','0','保存仓管通明细对应主表编号为  44 成功！','保存仓管通明细成功'), ('5134','63','增加单据','192.168.100.163','2017-08-29 23:51:55','0','增加单据编号为  LSTH201708290002 成功！','增加单据成功'), ('5135','63','保存仓管通明细','192.168.100.163','2017-08-29 23:51:56','0','保存仓管通明细对应主表编号为  45 成功！','保存仓管通明细成功'), ('5136','63','更新单据','192.168.100.163','2017-08-29 23:52:09','0','更新单据ID为  45 成功！','更新单据成功'), ('5137','63','保存仓管通明细','192.168.100.163','2017-08-29 23:52:09','0','保存仓管通明细对应主表编号为  45 成功！','保存仓管通明细成功'), ('5138','63','登录系统','192.168.100.163','2017-08-30 00:39:39','0','管理用户：jsh 登录系统','jsh 登录系统'), ('5139','63','登录系统','192.168.100.163','2017-08-30 20:37:47','0','管理用户：jsh 登录系统','jsh 登录系统'), ('5140','63','登录系统','192.168.100.163','2017-08-30 20:59:10','0','管理用户：jsh 登录系统','jsh 登录系统'), ('5141','63','登录系统','192.168.100.163','2017-08-30 23:01:32','0','管理用户：jsh 登录系统','jsh 登录系统'), ('5142','63','更新应用','192.168.100.163','2017-08-30 23:08:24','0','更新应用ID为  23 成功！','更新应用成功'), ('5143','63','更新应用','192.168.100.163','2017-08-30 23:08:34','0','更新应用ID为  24 成功！','更新应用成功'), ('5144','63','更新应用','192.168.100.163','2017-08-30 23:08:40','0','更新应用ID为  25 成功！','更新应用成功'), ('5145','63','更新应用','192.168.100.163','2017-08-30 23:09:10','0','更新应用ID为  24 成功！','更新应用成功'), ('5146','63','更新应用','192.168.100.163','2017-08-30 23:09:15','0','更新应用ID为  25 成功！','更新应用成功'), ('5147','63','更新应用','192.168.100.163','2017-08-30 23:09:40','0','更新应用ID为  24 成功！','更新应用成功'), ('5148','63','更新应用','192.168.100.163','2017-08-30 23:10:52','0','更新应用ID为  23 成功！','更新应用成功'), ('5149','63','更新应用','192.168.100.163','2017-08-30 23:10:56','0','更新应用ID为  25 成功！','更新应用成功'), ('5150','63','更新应用','192.168.100.163','2017-08-30 23:11:44','0','更新应用ID为  8 成功！','更新应用成功'), ('5151','63','增加单据','192.168.100.163','2017-08-30 23:19:46','0','增加单据编号为  LSCK201708300001 成功！','增加单据成功'), ('5152','63','保存仓管通明细','192.168.100.163','2017-08-30 23:19:46','0','保存仓管通明细对应主表编号为  46 成功！','保存仓管通明细成功'), ('5153','63','增加单据','192.168.100.163','2017-08-30 23:38:11','0','增加单据编号为  LSCK201708300002 成功！','增加单据成功'), ('5154','63','保存仓管通明细','192.168.100.163','2017-08-30 23:38:12','0','保存仓管通明细对应主表编号为  47 成功！','保存仓管通明细成功'), ('5155','63','更新供应商预付款','','2017-08-30 23:39:45','0','更新供应商ID为  7 成功！','更新供应商成功'), ('5156','63','删除单据','192.168.100.163','2017-08-30 23:39:45','0','删除单据ID为  47 成功！','删除单据成功'), ('5157','63','更新供应商预付款','','2017-08-30 23:59:30','0','更新供应商ID为  7 成功！','更新供应商成功'), ('5158','63','批量删除单据','192.168.100.163','2017-08-30 23:59:30','0','批量删除单据ID为  46 成功！','批量删除单据成功'), ('5159','63','增加单据','192.168.100.163','2017-08-31 00:30:31','0','增加单据编号为  LSCK201708310001 成功！','增加单据成功'), ('5160','63','保存仓管通明细','192.168.100.163','2017-08-31 00:30:32','0','保存仓管通明细对应主表编号为  48 成功！','保存仓管通明细成功'), ('5161','63','更新单据','192.168.100.163','2017-08-31 00:55:26','0','更新单据ID为  48 成功！','更新单据成功'), ('5162','63','增加单据','192.168.100.163','2017-08-31 00:57:40','0','增加单据编号为  LSCK201708310002 成功！','增加单据成功'), ('5163','63','保存仓管通明细','192.168.100.163','2017-08-31 00:57:41','0','保存仓管通明细对应主表编号为  49 成功！','保存仓管通明细成功'), ('5164','63','删除单据','192.168.100.163','2017-08-31 00:57:47','0','删除单据ID为  40 成功！','删除单据成功'), ('5165','63','更新供应商预付款','','2017-08-31 00:57:47','0','更新供应商ID为  7 成功！','更新供应商成功'), ('5166','63','登录系统','192.168.100.163','2017-08-31 20:27:25','0','管理用户：jsh 登录系统','jsh 登录系统'), ('5167','63','增加功能','192.168.100.163','2017-08-31 21:25:40','0','增加功能名称为  入库明细 成功！','增加功能成功'), ('5168','63','增加功能','192.168.100.163','2017-08-31 21:28:19','0','增加功能名称为  出库明细 成功！','增加功能成功'), ('5169','63','增加功能','192.168.100.163','2017-08-31 21:29:14','0','增加功能名称为  入库汇总 成功！','增加功能成功'), ('5170','63','增加功能','192.168.100.163','2017-08-31 21:29:57','0','增加功能名称为  出库汇总 成功！','增加功能成功'), ('5171','63','更新UserBusiness','192.168.100.163','2017-08-31 21:30:25','0','更新UserBusiness的ID为  5 成功！','更新UserBusiness成功'), ('5172','63','登录系统','192.168.100.163','2017-08-31 21:51:39','0','管理用户：jsh 登录系统','jsh 登录系统'), ('5173','63','登录系统','192.168.100.163','2017-08-31 22:07:02','0','管理用户：jsh 登录系统','jsh 登录系统'), ('5174','63','登录系统','192.168.100.163','2017-09-01 23:06:53','0','管理用户：jsh 登录系统','jsh 登录系统'), ('5175','63','登录系统','192.168.1.106','2017-09-03 12:46:05','0','管理用户：jsh 登录系统','jsh 登录系统'), ('5176','63','增加单据','192.168.1.106','2017-09-03 12:51:50','0','增加单据编号为  LSCK201709030001 成功！','增加单据成功'), ('5177','63','保存仓管通明细','192.168.1.106','2017-09-03 12:51:50','0','保存仓管通明细对应主表编号为  50 成功！','保存仓管通明细成功'), ('5178','63','登录系统','192.168.100.163','2017-09-03 19:10:57','0','管理用户：jsh 登录系统','jsh 登录系统'), ('5179','63','登录系统','192.168.100.163','2017-09-03 23:06:24','0','管理用户：jsh 登录系统','jsh 登录系统'), ('5180','63','登录系统','192.168.100.163','2017-09-04 20:12:43','0','管理用户：jsh 登录系统','jsh 登录系统'), ('5181','63','登录系统','192.168.100.163','2017-09-04 21:24:35','0','管理用户：jsh 登录系统','jsh 登录系统'), ('5182','63','增加单据','192.168.100.163','2017-09-04 21:29:44','0','增加单据编号为  LSCK201709040001 成功！','增加单据成功'), ('5183','63','保存仓管通明细','192.168.100.163','2017-09-04 21:29:45','0','保存仓管通明细对应主表编号为  51 成功！','保存仓管通明细成功'), ('5184','63','更新供应商预付款','','2017-09-04 21:29:50','0','更新供应商ID为  7 成功！','更新供应商成功'), ('5185','63','批量删除单据','192.168.100.163','2017-09-04 21:29:50','0','批量删除单据ID为  51 成功！','批量删除单据成功'), ('5186','63','增加单据','192.168.100.163','2017-09-04 21:32:49','0','增加单据编号为  LSCK201709040001 成功！','增加单据成功'), ('5187','63','保存仓管通明细','192.168.100.163','2017-09-04 21:32:50','0','保存仓管通明细对应主表编号为  52 成功！','保存仓管通明细成功'), ('5188','63','增加单据','192.168.100.163','2017-09-04 21:34:02','0','增加单据编号为  LSCK201709040002 成功！','增加单据成功'), ('5189','63','保存仓管通明细','192.168.100.163','2017-09-04 21:34:02','0','保存仓管通明细对应主表编号为  53 成功！','保存仓管通明细成功'), ('5190','63','批量修改单据状态','192.168.100.163','2017-09-04 21:51:45','0','批量修改状态，单据ID为  50 成功！','批量修改单据状态成功'), ('5191','63','增加供应商','192.168.100.163','2017-09-04 22:12:38','0','增加供应商名称为  aaaa 成功！','增加供应商成功'), ('5192','63','删除供应商','192.168.100.163','2017-09-04 22:12:54','0','删除供应商ID为  47,名称为  aaaa成功！','删除供应商成功'), ('5193','63','增加单据','192.168.100.163','2017-09-04 22:20:12','0','增加单据编号为  CGRK201709040001 成功！','增加单据成功'), ('5194','63','保存仓管通明细','192.168.100.163','2017-09-04 22:20:12','0','保存仓管通明细对应主表编号为  54 成功！','保存仓管通明细成功'), ('5195','63','更新单据','192.168.100.163','2017-09-04 22:26:36','0','更新单据ID为  54 成功！','更新单据成功'), ('5196','63','增加单据','192.168.100.163','2017-09-05 00:10:03','0','增加单据编号为  LPCZ201709050001 成功！','增加单据成功'), ('5197','63','保存仓管通明细','192.168.100.163','2017-09-05 00:10:04','0','保存仓管通明细对应主表编号为  55 成功！','保存仓管通明细成功'), ('5198','63','登录系统','192.168.100.163','2017-09-05 20:59:16','0','管理用户：jsh 登录系统','jsh 登录系统'), ('5199','63','登录系统','192.168.100.163','2017-09-05 21:00:57','0','管理用户：jsh 登录系统','jsh 登录系统'), ('5200','63','增加单据','192.168.100.163','2017-09-05 22:30:17','0','增加单据编号为  LPXS201709050001 成功！','增加单据成功'), ('5201','63','保存仓管通明细','192.168.100.163','2017-09-05 22:30:17','0','保存仓管通明细对应主表编号为  56 成功！','保存仓管通明细成功'), ('5202','63','增加单据','192.168.100.163','2017-09-05 22:37:54','0','增加单据编号为  CGRK201709050001 成功！','增加单据成功'), ('5203','63','保存仓管通明细','192.168.100.163','2017-09-05 22:37:54','0','保存仓管通明细对应主表编号为  57 成功！','保存仓管通明细成功'), ('5204','63','增加单据','192.168.100.163','2017-09-05 22:45:23','0','增加单据编号为  LPXS201709050002 成功！','增加单据成功'), ('5205','63','保存仓管通明细','192.168.100.163','2017-09-05 22:45:23','0','保存仓管通明细对应主表编号为  58 成功！','保存仓管通明细成功'), ('5206','63','更新单据','192.168.100.163','2017-09-05 22:45:31','0','更新单据ID为  58 成功！','更新单据成功'), ('5207','63','保存仓管通明细','192.168.100.163','2017-09-05 22:45:31','0','保存仓管通明细对应主表编号为  58 成功！','保存仓管通明细成功'), ('5208','63','登录系统','192.168.100.163','2017-09-05 23:10:58','0','管理用户：jsh 登录系统','jsh 登录系统'), ('5209','63','增加单据','192.168.100.163','2017-09-05 23:12:18','0','增加单据编号为  LPCZ201709050002 成功！','增加单据成功'), ('5210','63','保存仓管通明细','192.168.100.163','2017-09-05 23:12:18','0','保存仓管通明细对应主表编号为  59 成功！','保存仓管通明细成功'), ('5211','63','更新单据','192.168.100.163','2017-09-05 23:15:45','0','更新单据ID为  58 成功！','更新单据成功'), ('5212','63','保存仓管通明细','192.168.100.163','2017-09-05 23:15:45','0','保存仓管通明细对应主表编号为  58 成功！','保存仓管通明细成功'), ('5213','63','登录系统','192.168.100.163','2017-09-05 23:25:23','0','管理用户：jsh 登录系统','jsh 登录系统'), ('5214','63','批量删除单据','192.168.100.163','2017-09-05 23:25:55','0','批量删除单据ID为  58,56 成功！','批量删除单据成功'), ('5215','63','批量删除单据','192.168.100.163','2017-09-05 23:25:59','0','批量删除单据ID为  59,55 成功！','批量删除单据成功'), ('5216','63','增加单据','192.168.100.163','2017-09-05 23:45:48','0','增加单据编号为  LPCZ201709050001 成功！','增加单据成功'), ('5217','63','保存仓管通明细','192.168.100.163','2017-09-05 23:45:48','0','保存仓管通明细对应主表编号为  60 成功！','保存仓管通明细成功'), ('5218','63','增加单据','192.168.100.163','2017-09-05 23:48:10','0','增加单据编号为  LPXS201709050001 成功！','增加单据成功'), ('5219','63','保存仓管通明细','192.168.100.163','2017-09-05 23:48:11','0','保存仓管通明细对应主表编号为  61 成功！','保存仓管通明细成功'), ('5220','63','增加单据','192.168.100.163','2017-09-05 23:52:42','0','增加单据编号为  LPCZ201709050002 成功！','增加单据成功'), ('5221','63','保存仓管通明细','192.168.100.163','2017-09-05 23:52:42','0','保存仓管通明细对应主表编号为  62 成功！','保存仓管通明细成功');
INSERT INTO `jsh_log` VALUES ('5222','63','登录系统','192.168.100.163','2017-09-06 22:21:32','0','管理用户：jsh 登录系统','jsh 登录系统'), ('5223','63','登录系统','127.0.0.1','2017-09-16 22:14:22','0','管理用户：jsh 登录系统','jsh 登录系统'), ('5224','63','????','127.0.0.1','2017-09-16 22:40:55','0','?????jsh ????','jsh ????'), ('5225','63','????','127.0.0.1','2017-09-16 22:41:03','0','?????jsh ????','jsh ????'), ('5226','63','退出系统','127.0.0.1','2017-09-16 22:44:59','0','管理用户：jsh 退出系统','jsh 退出系统'), ('5227','63','登录系统','127.0.0.1','2017-09-16 22:45:22','0','管理用户：jsh 登录系统','jsh 登录系统'), ('5228','63','登录系统','127.0.0.1','2017-09-16 23:08:10','0','管理用户：jsh 登录系统','jsh 登录系统'), ('5229','63','登录系统','127.0.0.1','2017-09-16 23:23:28','0','管理用户：jsh 登录系统','jsh 登录系统'), ('5230','63','登录系统','127.0.0.1','2017-09-16 23:39:29','0','管理用户：jsh 登录系统','jsh 登录系统'), ('5231','63','增加功能','127.0.0.1','2017-09-16 23:42:01','0','增加功能名称为  啊啊 成功！','增加功能成功'), ('5232','63','更新功能','127.0.0.1','2017-09-16 23:42:44','0','更新功能ID为  230 成功！','更新功能成功'), ('5233','63','增加功能','127.0.0.1','2017-09-16 23:44:51','0','增加功能名称为  溜溜 成功！','增加功能成功'), ('5234','63','更新功能','127.0.0.1','2017-09-16 23:45:09','0','更新功能ID为  231 成功！','更新功能成功'), ('5235','63','更新UserBusiness','127.0.0.1','2017-09-16 23:45:54','0','更新UserBusiness的ID为  5 成功！','更新UserBusiness成功'), ('5236','63','登录系统','127.0.0.1','2017-09-16 23:47:50','0','管理用户：jsh 登录系统','jsh 登录系统'), ('5237','63','更新UserBusiness','127.0.0.1','2017-09-16 23:49:02','0','更新UserBusiness的ID为  5 成功！','更新UserBusiness成功'), ('5238','63','批量删除功能','127.0.0.1','2017-09-16 23:49:42','0','批量删除功能ID为  230,231 成功！','批量删除功能成功'), ('5239','63','登录系统','127.0.0.1','2017-09-17 00:03:00','0','管理用户：jsh 登录系统','jsh 登录系统'), ('5240','63','登录系统','127.0.0.1','2017-09-17 20:16:21','0','管理用户：jsh 登录系统','jsh 登录系统'), ('5241','63','更新单据','127.0.0.1','2017-09-17 20:17:17','0','更新单据ID为  57 成功！','更新单据成功'), ('5242','63','保存仓管通明细','127.0.0.1','2017-09-17 20:17:17','0','保存仓管通明细对应主表编号为  57 成功！','保存仓管通明细成功'), ('5243','63','登录系统','127.0.0.1','2017-09-17 21:38:44','0','管理用户：jsh 登录系统','jsh 登录系统'), ('5244','63','增加单据','127.0.0.1','2017-09-17 21:45:14','0','增加单据编号为  CGRK201709170001 成功！','增加单据成功'), ('5245','63','保存仓管通明细','127.0.0.1','2017-09-17 21:45:14','0','保存仓管通明细对应主表编号为  63 成功！','保存仓管通明细成功'), ('5246','63','增加单据','127.0.0.1','2017-09-17 21:45:44','0','增加单据编号为  CGRK201709170002 成功！','增加单据成功'), ('5247','63','保存仓管通明细','127.0.0.1','2017-09-17 21:45:44','0','保存仓管通明细对应主表编号为  64 成功！','保存仓管通明细成功'), ('5248','63','批量删除单据','127.0.0.1','2017-09-17 21:45:53','0','批量删除单据ID为  64 成功！','批量删除单据成功'), ('5249','63','增加单据','127.0.0.1','2017-09-17 21:47:07','0','增加单据编号为  CGRK201709170002 成功！','增加单据成功'), ('5250','63','保存仓管通明细','127.0.0.1','2017-09-17 21:47:08','0','保存仓管通明细对应主表编号为  65 成功！','保存仓管通明细成功'), ('5251','63','批量修改单据状态','127.0.0.1','2017-09-17 23:09:39','0','批量修改状态，单据ID为  63 成功！','批量修改单据状态成功'), ('5252','63','登录系统','106.120.11.23','2017-09-19 20:56:34','0','管理用户：jsh 登录系统','jsh 登录系统'), ('5253','63','批量修改单据状态','106.39.148.33','2017-09-19 20:57:32','0','批量修改状态，单据ID为  53 成功！','批量修改单据状态成功'), ('5254','63','批量修改单据状态','106.39.148.33','2017-09-19 20:58:19','0','批量修改状态，单据ID为  53 成功！','批量修改单据状态成功'), ('5255','63','批量修改单据状态','106.39.148.33','2017-09-19 20:58:43','0','批量修改状态，单据ID为  45 成功！','批量修改单据状态成功'), ('5256','63','批量修改商品状态','106.39.148.33','2017-09-19 20:59:37','0','批量修改状态，商品ID为  559 成功！','批量修改商品状态成功'), ('5257','63','登录系统','119.86.127.38','2017-09-19 21:01:40','0','管理用户：jsh 登录系统','jsh 登录系统'), ('5258','63','删除经手人','106.120.11.23','2017-09-19 21:02:02','0','删除经手人ID为  1 成功！','删除经手人成功'), ('5259','63','删除经手人','106.120.11.23','2017-09-19 21:02:06','0','删除经手人ID为  2 成功！','删除经手人成功'), ('5260','63','批量修改单据状态','106.120.11.23','2017-09-19 21:02:30','0','批量修改状态，单据ID为  65 成功！','批量修改单据状态成功'), ('5261','63','登录系统','220.112.121.70','2017-09-19 21:05:52','0','管理用户：jsh 登录系统','jsh 登录系统'), ('5262','63','登录系统','115.195.91.50','2017-09-19 21:07:11','0','管理用户：jsh 登录系统','jsh 登录系统'), ('5263','63','退出系统','115.195.91.50','2017-09-19 21:08:05','0','管理用户：jsh 退出系统','jsh 退出系统'), ('5264','63','登录系统','117.64.147.64','2017-09-19 21:22:18','0','管理用户：jsh 登录系统','jsh 登录系统'), ('5265','63','登录系统','211.148.101.34','2017-09-19 22:15:22','0','管理用户：jsh 登录系统','jsh 登录系统'), ('5266','63','登录系统','211.148.101.34','2017-09-19 22:16:15','0','管理用户：jsh 登录系统','jsh 登录系统'), ('5267','63','登录系统','117.175.132.159','2017-09-19 22:16:40','0','管理用户：jsh 登录系统','jsh 登录系统'), ('5268','63','登录系统','117.75.19.137','2017-09-19 22:33:12','0','管理用户：jsh 登录系统','jsh 登录系统'), ('5269','63','登录系统','183.198.47.127','2017-09-19 22:35:44','0','管理用户：jsh 登录系统','jsh 登录系统'), ('5270','63','删除应用','114.62.212.4','2017-09-19 22:48:34','0','删除应用ID为  21 成功！','删除应用成功'), ('5271','63','删除应用','114.62.212.4','2017-09-19 22:48:50','0','删除应用ID为  1 成功！','删除应用成功'), ('5272','63','删除应用','114.62.212.4','2017-09-19 22:49:20','0','删除应用ID为  20 成功！','删除应用成功'), ('5273','63','更新应用','114.62.212.4','2017-09-19 22:52:57','0','更新应用ID为  8 成功！','更新应用成功'), ('5274','63','更新应用','114.62.212.4','2017-09-19 22:53:02','0','更新应用ID为  8 成功！','更新应用成功'), ('5275','63','更新应用','114.62.212.4','2017-09-19 22:59:14','0','更新应用ID为  26 成功！','更新应用成功'), ('5276','63','增加功能','114.62.212.4','2017-09-19 22:59:43','0','增加功能名称为  组装拆卸 成功！','增加功能成功'), ('5277','63','更新功能','114.62.212.4','2017-09-19 23:01:10','0','更新功能ID为  230 成功！','更新功能成功'), ('5278','63','更新功能','114.62.212.4','2017-09-19 23:01:32','0','更新功能ID为  221 成功！','更新功能成功'), ('5279','63','更新功能','114.62.212.4','2017-09-19 23:01:51','0','更新功能ID为  196 成功！','更新功能成功'), ('5280','63','增加功能','114.62.212.4','2017-09-19 23:05:09','0','增加功能名称为  组装单 成功！','增加功能成功'), ('5281','63','增加功能','114.62.212.4','2017-09-19 23:06:05','0','增加功能名称为  拆卸单 成功！','增加功能成功'), ('5282','63','更新UserBusiness','114.62.212.4','2017-09-19 23:06:52','0','更新UserBusiness的ID为  1 成功！','更新UserBusiness成功'), ('5283','63','更新UserBusiness','114.62.212.4','2017-09-19 23:07:15','0','更新UserBusiness的ID为  5 成功！','更新UserBusiness成功'), ('5284','63','更新功能','114.62.212.4','2017-09-19 23:08:36','0','更新功能ID为  231 成功！','更新功能成功'), ('5285','63','更新功能','114.62.212.4','2017-09-19 23:09:08','0','更新功能ID为  232 成功！','更新功能成功'), ('5286','63','更新功能','114.62.212.4','2017-09-19 23:09:20','0','更新功能ID为  232 成功！','更新功能成功'), ('5287','63','增加功能','114.62.212.4','2017-09-19 23:09:59','0','增加功能名称为  拆卸单 成功！','增加功能成功'), ('5288','63','登录系统','183.38.180.158','2017-09-19 23:26:15','0','管理用户：jsh 登录系统','jsh 登录系统'), ('5289','63','更新功能','114.62.212.4','2017-09-19 23:26:22','0','更新功能ID为  232 成功！','更新功能成功'), ('5290','63','更新功能','114.62.212.4','2017-09-19 23:26:34','0','更新功能ID为  233 成功！','更新功能成功'), ('5291','63','更新功能','114.62.212.4','2017-09-19 23:28:10','0','更新功能ID为  233 成功！','更新功能成功'), ('5292','63','更新功能','114.62.212.4','2017-09-19 23:28:24','0','更新功能ID为  232 成功！','更新功能成功'), ('5293','63','登录系统','127.0.0.1','2017-09-19 23:32:29','0','管理用户：jsh 登录系统','jsh 登录系统'), ('5294','63','登录系统','127.0.0.1','2017-09-20 21:32:00','0','管理用户：jsh 登录系统','jsh 登录系统'), ('5295','63','增加单据','127.0.0.1','2017-09-20 22:59:53','0','增加单据编号为  ZZD201709200001 成功！','增加单据成功'), ('5296','63','保存仓管通明细','127.0.0.1','2017-09-20 22:59:53','0','保存仓管通明细对应主表编号为  66 成功！','保存仓管通明细成功'), ('5297','63','登录系统','127.0.0.1','2017-09-20 23:25:57','0','管理用户：jsh 登录系统','jsh 登录系统'), ('5298','63','增加单据','127.0.0.1','2017-09-20 23:26:34','0','增加单据编号为  ZZD201709200002 成功！','增加单据成功'), ('5299','63','保存仓管通明细','127.0.0.1','2017-09-20 23:26:35','0','保存仓管通明细对应主表编号为  67 成功！','保存仓管通明细成功'), ('5300','63','批量删除单据','127.0.0.1','2017-09-20 23:28:45','0','批量删除单据ID为  66 成功！','批量删除单据成功'), ('5301','63','批量删除单据','127.0.0.1','2017-09-20 23:28:48','0','批量删除单据ID为  67 成功！','批量删除单据成功'), ('5302','63','增加单据','127.0.0.1','2017-09-20 23:29:28','0','增加单据编号为  ZZD201709200001 成功！','增加单据成功'), ('5303','63','保存仓管通明细','127.0.0.1','2017-09-20 23:29:28','0','保存仓管通明细对应主表编号为  68 成功！','保存仓管通明细成功'), ('5304','63','更新功能','127.0.0.1','2017-09-20 23:30:44','0','更新功能ID为  233 成功！','更新功能成功'), ('5305','63','更新功能','127.0.0.1','2017-09-20 23:30:52','0','更新功能ID为  232 成功！','更新功能成功'), ('5306','63','更新功能','127.0.0.1','2017-09-20 23:30:55','0','更新功能ID为  232 成功！','更新功能成功'), ('5307','63','更新功能','127.0.0.1','2017-09-20 23:32:57','0','更新功能ID为  232 成功！','更新功能成功'), ('5308','63','更新角色按钮权限','','2017-09-20 23:33:53','0','角色按钮权限的ID为  5 成功！','更新角色按钮权限成功'), ('5309','63','增加单据','127.0.0.1','2017-09-20 23:40:55','0','增加单据编号为  CSD201709200001 成功！','增加单据成功'), ('5310','63','保存仓管通明细','127.0.0.1','2017-09-20 23:40:56','0','保存仓管通明细对应主表编号为  69 成功！','保存仓管通明细成功'), ('5311','63','增加单据','127.0.0.1','2017-09-20 23:42:49','0','增加单据编号为  CGRK201709200001 成功！','增加单据成功'), ('5312','63','保存仓管通明细','127.0.0.1','2017-09-20 23:42:50','0','保存仓管通明细对应主表编号为  70 成功！','保存仓管通明细成功'), ('5313','63','删除单据','127.0.0.1','2017-09-20 23:43:08','0','删除单据ID为  70 成功！','删除单据成功'), ('5314','63','登录系统','127.0.0.1','2017-09-21 22:32:58','0','管理用户：jsh 登录系统','jsh 登录系统'), ('5315','63','增加单据','127.0.0.1','2017-09-21 22:37:20','0','增加单据编号为  CGRK201709210001 成功！','增加单据成功'), ('5316','63','保存仓管通明细','127.0.0.1','2017-09-21 22:37:21','0','保存仓管通明细对应主表编号为  70 成功！','保存仓管通明细成功'), ('5317','63','增加单据','127.0.0.1','2017-09-21 22:39:00','0','增加单据编号为  XSTH201709210001 成功！','增加单据成功'), ('5318','63','保存仓管通明细','127.0.0.1','2017-09-21 22:39:01','0','保存仓管通明细对应主表编号为  71 成功！','保存仓管通明细成功'), ('5319','63','增加单据','127.0.0.1','2017-09-21 22:39:26','0','增加单据编号为  QTRK201709210001 成功！','增加单据成功'), ('5320','63','保存仓管通明细','127.0.0.1','2017-09-21 22:39:26','0','保存仓管通明细对应主表编号为  72 成功！','保存仓管通明细成功'), ('5321','63','增加单据','127.0.0.1','2017-09-21 22:40:01','0','增加单据编号为  XSCK201709210001 成功！','增加单据成功');
INSERT INTO `jsh_log` VALUES ('5322','63','保存仓管通明细','127.0.0.1','2017-09-21 22:40:01','0','保存仓管通明细对应主表编号为  73 成功！','保存仓管通明细成功'), ('5323','63','增加单据','127.0.0.1','2017-09-21 22:40:57','0','增加单据编号为  CGTH201709210001 成功！','增加单据成功'), ('5324','63','保存仓管通明细','127.0.0.1','2017-09-21 22:40:57','0','保存仓管通明细对应主表编号为  74 成功！','保存仓管通明细成功'), ('5325','63','增加单据','127.0.0.1','2017-09-21 22:41:15','0','增加单据编号为  QTCK201709210001 成功！','增加单据成功'), ('5326','63','保存仓管通明细','127.0.0.1','2017-09-21 22:41:15','0','保存仓管通明细对应主表编号为  75 成功！','保存仓管通明细成功'), ('5327','63','增加单据','127.0.0.1','2017-09-21 22:41:36','0','增加单据编号为  DBCK201709210001 成功！','增加单据成功'), ('5328','63','保存仓管通明细','127.0.0.1','2017-09-21 22:41:36','0','保存仓管通明细对应主表编号为  76 成功！','保存仓管通明细成功'), ('5329','63','增加单据','127.0.0.1','2017-09-21 22:42:44','0','增加单据编号为  LSCK201709210001 成功！','增加单据成功'), ('5330','63','保存仓管通明细','127.0.0.1','2017-09-21 22:42:44','0','保存仓管通明细对应主表编号为  77 成功！','保存仓管通明细成功'), ('5331','63','增加单据','127.0.0.1','2017-09-21 22:46:07','0','增加单据编号为  LSTH201709210001 成功！','增加单据成功'), ('5332','63','保存仓管通明细','127.0.0.1','2017-09-21 22:46:07','0','保存仓管通明细对应主表编号为  78 成功！','保存仓管通明细成功'), ('5333','63','更新功能','127.0.0.1','2017-09-21 22:50:07','0','更新功能ID为  214 成功！','更新功能成功'), ('5334','63','更新功能','127.0.0.1','2017-09-21 22:50:28','0','更新功能ID为  215 成功！','更新功能成功'), ('5335','63','更新角色按钮权限','','2017-09-21 22:50:50','0','角色按钮权限的ID为  5 成功！','更新角色按钮权限成功'), ('5336','63','批量修改单据状态','127.0.0.1','2017-09-21 22:51:05','0','批量修改状态，单据ID为  62 成功！','批量修改单据状态成功'), ('5337','63','批量修改单据状态','127.0.0.1','2017-09-21 22:51:08','0','批量修改状态，单据ID为  62 成功！','批量修改单据状态成功'), ('5338','63','更新功能','127.0.0.1','2017-09-21 22:54:01','0','更新功能ID为  232 成功！','更新功能成功'), ('5339','63','更新功能','127.0.0.1','2017-09-21 22:54:26','0','更新功能ID为  233 成功！','更新功能成功'), ('5340','63','更新功能','127.0.0.1','2017-09-21 22:54:32','0','更新功能ID为  233 成功！','更新功能成功'), ('5341','63','更新UserBusiness','127.0.0.1','2017-09-21 23:04:48','0','更新UserBusiness的ID为  5 成功！','更新UserBusiness成功'), ('5342','63','更新UserBusiness','127.0.0.1','2017-09-21 23:05:30','0','更新UserBusiness的ID为  5 成功！','更新UserBusiness成功'), ('5343','63','更新角色按钮权限','','2017-09-21 23:05:53','0','角色按钮权限的ID为  5 成功！','更新角色按钮权限成功'), ('5344','63','批量修改单据状态','127.0.0.1','2017-09-21 23:08:01','0','批量修改状态，单据ID为  69 成功！','批量修改单据状态成功'), ('5345','63','批量修改单据状态','127.0.0.1','2017-09-21 23:08:03','0','批量修改状态，单据ID为  69 成功！','批量修改单据状态成功'), ('5346','63','批量修改单据状态','127.0.0.1','2017-09-21 23:08:07','0','批量修改状态，单据ID为  68 成功！','批量修改单据状态成功'), ('5347','63','批量修改单据状态','127.0.0.1','2017-09-21 23:08:09','0','批量修改状态，单据ID为  68 成功！','批量修改单据状态成功'), ('5348','63','增加单据','127.0.0.1','2017-09-21 23:16:37','0','增加单据编号为  CGRK201709210002 成功！','增加单据成功'), ('5349','63','保存仓管通明细','127.0.0.1','2017-09-21 23:16:37','0','保存仓管通明细对应主表编号为  79 成功！','保存仓管通明细成功'), ('5350','63','增加单据','127.0.0.1','2017-09-21 23:17:16','0','增加单据编号为  ZZD201709210001 成功！','增加单据成功'), ('5351','63','保存仓管通明细','127.0.0.1','2017-09-21 23:17:16','0','保存仓管通明细对应主表编号为  80 成功！','保存仓管通明细成功'), ('5352','63','更新单据','127.0.0.1','2017-09-21 23:18:48','0','更新单据ID为  69 成功！','更新单据成功'), ('5353','63','更新单据','127.0.0.1','2017-09-21 23:23:39','0','更新单据ID为  80 成功！','更新单据成功'), ('5354','63','保存仓管通明细','127.0.0.1','2017-09-21 23:23:40','0','保存仓管通明细对应主表编号为  80 成功！','保存仓管通明细成功'), ('5355','63','更新单据','127.0.0.1','2017-09-21 23:24:11','0','更新单据ID为  68 成功！','更新单据成功'), ('5356','63','保存仓管通明细','127.0.0.1','2017-09-21 23:24:11','0','保存仓管通明细对应主表编号为  68 成功！','保存仓管通明细成功'), ('5357','63','批量修改单据状态','127.0.0.1','2017-09-21 23:24:17','0','批量修改状态，单据ID为  80 成功！','批量修改单据状态成功'), ('5358','63','登录系统','127.0.0.1','2017-09-22 21:45:27','0','管理用户：jsh 登录系统','jsh 登录系统'), ('5359','63','登录系统','127.0.0.1','2017-09-22 22:30:07','0','管理用户：jsh 登录系统','jsh 登录系统'), ('5360','63','批量修改单据状态','127.0.0.1','2017-09-22 22:37:57','0','批量修改状态，单据ID为  65 成功！','批量修改单据状态成功'), ('5361','63','更新单据','127.0.0.1','2017-09-22 22:38:19','0','更新单据ID为  65 成功！','更新单据成功'), ('5362','63','增加单据','127.0.0.1','2017-09-22 22:43:28','0','增加单据编号为  CGRK201709220001 成功！','增加单据成功'), ('5363','63','保存仓管通明细','127.0.0.1','2017-09-22 22:43:28','0','保存仓管通明细对应主表编号为  81 成功！','保存仓管通明细成功'), ('5364','63','更新单据','127.0.0.1','2017-09-22 22:46:52','0','更新单据ID为  65 成功！','更新单据成功'), ('5365','63','更新单据','127.0.0.1','2017-09-22 22:51:06','0','更新单据ID为  65 成功！','更新单据成功'), ('5366','63','更新单据','127.0.0.1','2017-09-22 22:51:30','0','更新单据ID为  65 成功！','更新单据成功'), ('5367','63','登录系统','127.0.0.1','2017-09-22 22:57:39','0','管理用户：jsh 登录系统','jsh 登录系统'), ('5368','63','更新单据','127.0.0.1','2017-09-22 22:59:16','0','更新单据ID为  65 成功！','更新单据成功'), ('5369','63','更新单据','127.0.0.1','2017-09-22 23:02:38','0','更新单据ID为  81 成功！','更新单据成功'), ('5370','63','更新单据','127.0.0.1','2017-09-22 23:02:49','0','更新单据ID为  81 成功！','更新单据成功'), ('5371','63','更新单据','127.0.0.1','2017-09-22 23:03:10','0','更新单据ID为  65 成功！','更新单据成功'), ('5372','63','更新单据','127.0.0.1','2017-09-22 23:03:39','0','更新单据ID为  81 成功！','更新单据成功'), ('5373','63','更新单据','127.0.0.1','2017-09-22 23:04:39','0','更新单据ID为  81 成功！','更新单据成功'), ('5374','63','更新单据','127.0.0.1','2017-09-22 23:05:17','0','更新单据ID为  65 成功！','更新单据成功'), ('5375','63','删除单据','127.0.0.1','2017-09-22 23:05:37','0','删除单据ID为  81 成功！','删除单据成功'), ('5376','63','增加单据','127.0.0.1','2017-09-22 23:06:01','0','增加单据编号为  CGRK201709220001 成功！','增加单据成功'), ('5377','63','保存仓管通明细','127.0.0.1','2017-09-22 23:06:02','0','保存仓管通明细对应主表编号为  82 成功！','保存仓管通明细成功'), ('5378','63','更新单据','127.0.0.1','2017-09-22 23:07:13','0','更新单据ID为  82 成功！','更新单据成功'), ('5379','63','保存仓管通明细','127.0.0.1','2017-09-22 23:07:14','0','保存仓管通明细对应主表编号为  82 成功！','保存仓管通明细成功'), ('5380','63','增加单据','127.0.0.1','2017-09-22 23:15:38','0','增加单据编号为  LSCK201709220001 成功！','增加单据成功'), ('5381','63','保存仓管通明细','127.0.0.1','2017-09-22 23:15:38','0','保存仓管通明细对应主表编号为  83 成功！','保存仓管通明细成功'), ('5382','63','更新供应商预付款','','2017-09-22 23:15:42','0','更新供应商ID为  7 成功！','更新供应商成功'), ('5383','63','批量删除单据','127.0.0.1','2017-09-22 23:15:42','0','批量删除单据ID为  83 成功！','批量删除单据成功'), ('5384','63','增加单据','127.0.0.1','2017-09-22 23:22:02','0','增加单据编号为  CGRK201709220002 成功！','增加单据成功'), ('5385','63','保存仓管通明细','127.0.0.1','2017-09-22 23:22:03','0','保存仓管通明细对应主表编号为  84 成功！','保存仓管通明细成功'), ('5386','63','更新单据','127.0.0.1','2017-09-22 23:22:54','0','更新单据ID为  54 成功！','更新单据成功'), ('5387','63','保存仓管通明细','127.0.0.1','2017-09-22 23:22:55','0','保存仓管通明细对应主表编号为  54 成功！','保存仓管通明细成功'), ('5388','63','更新单据','127.0.0.1','2017-09-22 23:23:50','0','更新单据ID为  70 成功！','更新单据成功'), ('5389','63','保存仓管通明细','127.0.0.1','2017-09-22 23:23:50','0','保存仓管通明细对应主表编号为  70 成功！','保存仓管通明细成功'), ('5390','63','更新单据','127.0.0.1','2017-09-22 23:25:18','0','更新单据ID为  73 成功！','更新单据成功'), ('5391','63','保存仓管通明细','127.0.0.1','2017-09-22 23:25:18','0','保存仓管通明细对应主表编号为  73 成功！','保存仓管通明细成功'), ('5392','63','登录系统','127.0.0.1','2017-09-24 22:26:31','0','管理用户：jsh 登录系统','jsh 登录系统'), ('5393','63','登录系统','127.0.0.1','2017-09-24 22:31:09','0','管理用户：jsh 登录系统','jsh 登录系统'), ('5394','63','增加单据','127.0.0.1','2017-09-24 22:46:00','0','增加单据编号为  CGRK201709240001 成功！','增加单据成功'), ('5395','63','保存仓管通明细','127.0.0.1','2017-09-24 22:46:00','0','保存仓管通明细对应主表编号为  85 成功！','保存仓管通明细成功'), ('5396','63','登录系统','127.0.0.1','2017-09-25 20:37:31','0','管理用户：jsh 登录系统','jsh 登录系统'), ('5397','63','增加单据','127.0.0.1','2017-09-25 22:19:30','0','增加单据编号为  XSCK201709250001 成功！','增加单据成功'), ('5398','63','保存仓管通明细','127.0.0.1','2017-09-25 22:19:30','0','保存仓管通明细对应主表编号为  86 成功！','保存仓管通明细成功'), ('5399','63','批量删除单据','127.0.0.1','2017-09-25 22:21:04','0','批量删除单据ID为  86 成功！','批量删除单据成功'), ('5400','63','增加单据','127.0.0.1','2017-09-25 22:24:09','0','增加单据编号为  XSCK201709250001 成功！','增加单据成功'), ('5401','63','保存仓管通明细','127.0.0.1','2017-09-25 22:24:09','0','保存仓管通明细对应主表编号为  87 成功！','保存仓管通明细成功'), ('5402','63','增加单据','127.0.0.1','2017-09-25 22:36:51','0','增加单据编号为  XSCK201709250002 成功！','增加单据成功'), ('5403','63','保存仓管通明细','127.0.0.1','2017-09-25 22:36:51','0','保存仓管通明细对应主表编号为  88 成功！','保存仓管通明细成功'), ('5404','63','更新商品','127.0.0.1','2017-09-26 00:19:20','0','更新商品ID为  517 成功！','更新商品成功'), ('5405','63','增加单据','127.0.0.1','2017-09-26 00:26:52','0','增加单据编号为  LSTH201709260001 成功！','增加单据成功'), ('5406','63','保存仓管通明细','127.0.0.1','2017-09-26 00:26:53','0','保存仓管通明细对应主表编号为  89 成功！','保存仓管通明细成功'), ('5407','63','登录系统','127.0.0.1','2017-09-26 22:27:15','0','管理用户：jsh 登录系统','jsh 登录系统'), ('5408','63','批量删除商品','127.0.0.1','2017-09-26 22:29:04','0','批量删除商品ID为  501 成功！','批量删除商品成功'), ('5409','63','增加单据','127.0.0.1','2017-09-26 22:31:24','0','增加单据编号为  LSCK201709260001 成功！','增加单据成功'), ('5410','63','保存仓管通明细','127.0.0.1','2017-09-26 22:31:24','0','保存仓管通明细对应主表编号为  90 成功！','保存仓管通明细成功'), ('5411','63','更新单据','127.0.0.1','2017-09-26 22:36:34','0','更新单据ID为  90 成功！','更新单据成功'), ('5412','63','保存仓管通明细','127.0.0.1','2017-09-26 22:36:34','0','保存仓管通明细对应主表编号为  90 成功！','保存仓管通明细成功'), ('5413','63','登录系统','127.0.0.1','2017-09-27 23:28:29','0','管理用户：jsh 登录系统','jsh 登录系统'), ('5414','63','登录系统','127.0.0.1','2017-09-27 23:31:49','0','管理用户：jsh 登录系统','jsh 登录系统'), ('5415','63','登录系统','127.0.0.1','2017-09-29 21:19:03','0','管理用户：jsh 登录系统','jsh 登录系统'), ('5416','63','更新角色按钮权限','','2017-09-29 21:30:06','0','角色按钮权限的ID为  5 成功！','更新角色按钮权限成功'), ('5417','63','更新角色按钮权限','','2017-09-29 21:33:48','0','角色按钮权限的ID为  5 成功！','更新角色按钮权限成功'), ('5418','63','更新角色按钮权限','','2017-09-29 21:37:25','0','角色按钮权限的ID为  5 成功！','更新角色按钮权限成功'), ('5419','63','更新角色按钮权限','','2017-09-29 21:37:34','0','角色按钮权限的ID为  5 成功！','更新角色按钮权限成功'), ('5420','63','退出系统','127.0.0.1','2017-09-29 21:48:56','0','管理用户：jsh 退出系统','jsh 退出系统'), ('5421','63','登录系统','127.0.0.1','2017-09-29 21:49:01','0','管理用户：jsh 登录系统','jsh 登录系统');
INSERT INTO `jsh_log` VALUES ('5422','63','更新角色按钮权限','','2017-09-29 22:00:00','0','角色按钮权限的ID为  5 成功！','更新角色按钮权限成功'), ('5423','63','更新角色按钮权限','','2017-09-29 22:02:55','0','角色按钮权限的ID为  5 成功！','更新角色按钮权限成功'), ('5424','63','更新角色按钮权限','','2017-09-29 22:03:34','0','角色按钮权限的ID为  5 成功！','更新角色按钮权限成功'), ('5425','63','更新角色按钮权限','','2017-09-29 22:04:22','0','角色按钮权限的ID为  5 成功！','更新角色按钮权限成功'), ('5426','63','更新角色按钮权限','','2017-09-29 22:05:42','0','角色按钮权限的ID为  5 成功！','更新角色按钮权限成功'), ('5427','63','更新角色按钮权限','','2017-09-29 22:06:00','0','角色按钮权限的ID为  5 成功！','更新角色按钮权限成功'), ('5428','63','更新角色按钮权限','','2017-09-29 22:06:23','0','角色按钮权限的ID为  5 成功！','更新角色按钮权限成功'), ('5429','63','更新角色按钮权限','','2017-09-29 22:06:33','0','角色按钮权限的ID为  5 成功！','更新角色按钮权限成功'), ('5430','63','更新角色按钮权限','','2017-09-29 22:11:50','0','角色按钮权限的ID为  5 成功！','更新角色按钮权限成功'), ('5431','63','更新角色按钮权限','','2017-09-29 22:12:09','0','角色按钮权限的ID为  5 成功！','更新角色按钮权限成功'), ('5432','63','更新角色按钮权限','','2017-09-29 22:12:31','0','角色按钮权限的ID为  5 成功！','更新角色按钮权限成功'), ('5433','63','登录系统','127.0.0.1','2017-09-29 23:17:03','0','管理用户：jsh 登录系统','jsh 登录系统'), ('5434','63','更新角色按钮权限','','2017-09-29 23:17:30','0','角色按钮权限的ID为  5 成功！','更新角色按钮权限成功'), ('5435','63','更新角色按钮权限','','2017-09-29 23:18:38','0','角色按钮权限的ID为  5 成功！','更新角色按钮权限成功'), ('5436','63','登录系统','127.0.0.1','2017-10-05 11:11:49','0','管理用户：jsh 登录系统','jsh 登录系统'), ('5437','63','登录系统','127.0.0.1','2017-10-05 11:42:01','0','管理用户：jsh 登录系统','jsh 登录系统'), ('5438','63','登录系统','127.0.0.1','2017-10-05 13:34:37','0','管理用户：jsh 登录系统','jsh 登录系统'), ('5439','63','增加经手人','127.0.0.1','2017-10-05 13:34:59','0','增加经手人名称为  22222 成功！','增加经手人成功'), ('5440','63','更新经手人','127.0.0.1','2017-10-05 13:35:05','0','更新经手人ID为  8 成功！','更新经手人成功'), ('5441','63','批量删除经手人','127.0.0.1','2017-10-05 13:35:13','0','批量删除经手人ID为  8 成功！','批量删除经手人成功'), ('5442','63','增加经手人','127.0.0.1','2017-10-05 13:35:41','0','增加经手人名称为  789 成功！','增加经手人成功'), ('5443','63','更新经手人','127.0.0.1','2017-10-05 13:35:46','0','更新经手人ID为  9 成功！','更新经手人成功'), ('5444','63','删除经手人','127.0.0.1','2017-10-05 13:35:52','0','删除经手人ID为  9 成功！','删除经手人成功'), ('5445','63','登录系统','127.0.0.1','2017-10-05 13:38:34','0','管理用户：jsh 登录系统','jsh 登录系统'), ('5446','63','登录系统','127.0.0.1','2017-10-05 13:41:21','0','管理用户：jsh 登录系统','jsh 登录系统'), ('5447','63','增加经手人','127.0.0.1','2017-10-05 13:41:35','0','增加经手人名称为  123123 成功！','增加经手人成功'), ('5448','63','更新经手人','127.0.0.1','2017-10-05 13:41:40','0','更新经手人ID为  10 成功！','更新经手人成功'), ('5449','63','删除经手人','127.0.0.1','2017-10-05 13:41:42','0','删除经手人ID为  10 成功！','删除经手人成功'), ('5450','63','登录系统','127.0.0.1','2017-10-05 13:51:25','0','管理用户：jsh 登录系统','jsh 登录系统'), ('5451','63','增加供应商','127.0.0.1','2017-10-05 13:51:43','0','增加供应商名称为  456456 成功！','增加供应商成功'), ('5452','63','删除供应商','127.0.0.1','2017-10-05 13:51:47','0','删除供应商ID为  47,名称为  456456成功！','删除供应商成功'), ('5453','63','增加供应商','127.0.0.1','2017-10-05 13:52:05','0','增加供应商名称为  66666 成功！','增加供应商成功'), ('5454','63','更新供应商','127.0.0.1','2017-10-05 13:52:14','0','更新供应商ID为  48 成功！','更新供应商成功'), ('5455','63','删除供应商','127.0.0.1','2017-10-05 13:52:23','0','删除供应商ID为  48,名称为  666667777成功！','删除供应商成功'), ('5456','63','批量修改单位状态','127.0.0.1','2017-10-05 14:06:31','0','批量修改状态，单位ID为  46 成功！','批量修改单位状态成功'), ('5457','63','批量修改单位状态','127.0.0.1','2017-10-05 14:06:36','0','批量修改状态，单位ID为  46 成功！','批量修改单位状态成功'), ('5458','63','增加功能','127.0.0.1','2017-10-05 14:29:24','0','增加功能名称为  系统配置 成功！','增加功能成功'), ('5459','63','更新UserBusiness','127.0.0.1','2017-10-05 14:30:10','0','更新UserBusiness的ID为  5 成功！','更新UserBusiness成功'), ('5460','63','登录系统','127.0.0.1','2017-10-05 15:36:25','0','管理用户：jsh 登录系统','jsh 登录系统'), ('5461','63','更新系统配置','','2017-10-05 15:36:33','0','更新系统配置ID为  1 成功！','更新系统配置成功'), ('5462','63','更新系统配置','','2017-10-05 15:37:05','0','更新系统配置ID为  1 成功！','更新系统配置成功'), ('5463','63','更新系统配置','','2017-10-05 15:38:17','0','更新系统配置ID为  1 成功！','更新系统配置成功'), ('5464','63','更新系统配置','','2017-10-05 15:44:50','0','更新系统配置ID为  1 成功！','更新系统配置成功'), ('5465','63','更新系统配置','','2017-10-05 15:45:09','0','更新系统配置ID为  1 成功！','更新系统配置成功'), ('5466','63','更新系统配置','','2017-10-05 15:45:25','0','更新系统配置ID为  1 成功！','更新系统配置成功'), ('5467','63','更新系统配置','','2017-10-05 15:45:30','0','更新系统配置ID为  1 成功！','更新系统配置成功'), ('5468','63','更新系统配置','','2017-10-05 15:48:21','0','更新系统配置ID为  1 成功！','更新系统配置成功'), ('5469','63','更新系统配置','','2017-10-05 15:48:33','0','更新系统配置ID为  2 成功！','更新系统配置成功'), ('5470','63','更新系统配置','','2017-10-05 15:51:37','0','更新系统配置ID为  1 成功！','更新系统配置成功'), ('5471','63','更新系统配置','','2017-10-05 15:51:45','0','更新系统配置ID为  2 成功！','更新系统配置成功'), ('5472','63','更新系统配置','','2017-10-05 15:57:50','0','更新系统配置ID为  2 成功！','更新系统配置成功'), ('5473','63','更新系统配置','','2017-10-05 15:58:04','0','更新系统配置ID为  2 成功！','更新系统配置成功'), ('5474','63','更新系统配置','','2017-10-05 16:14:50','0','更新系统配置ID为  1 成功！','更新系统配置成功'), ('5475','63','更新系统配置','','2017-10-05 16:15:22','0','更新系统配置ID为  1 成功！','更新系统配置成功'), ('5476','63','更新系统配置','','2017-10-05 16:16:39','0','更新系统配置ID为  1 成功！','更新系统配置成功'), ('5477','63','更新系统配置','','2017-10-05 16:16:39','0','更新系统配置ID为  6 成功！','更新系统配置成功'), ('5478','63','更新系统配置','','2017-10-05 16:16:39','0','更新系统配置ID为  4 成功！','更新系统配置成功'), ('5479','63','更新系统配置','','2017-10-05 16:16:39','0','更新系统配置ID为  2 成功！','更新系统配置成功'), ('5480','63','更新系统配置','','2017-10-05 16:16:39','0','更新系统配置ID为  3 成功！','更新系统配置成功'), ('5481','63','更新系统配置','','2017-10-05 16:16:39','0','更新系统配置ID为  5 成功！','更新系统配置成功'), ('5482','63','登录系统','127.0.0.1','2017-10-05 17:03:45','0','管理用户：jsh 登录系统','jsh 登录系统'), ('5483','63','更新系统配置','','2017-10-05 17:04:20','0','更新系统配置ID为  1 成功！','更新系统配置成功'), ('5484','63','更新系统配置','','2017-10-05 17:04:40','0','更新系统配置ID为  1 成功！','更新系统配置成功'), ('5485','63','登录系统','127.0.0.1','2017-10-05 17:06:54','0','管理用户：jsh 登录系统','jsh 登录系统'), ('5486','63','登录系统','127.0.0.1','2017-10-06 11:23:54','0','管理用户：jsh 登录系统','jsh 登录系统'), ('5487','63','更新商品类别','127.0.0.1','2017-10-06 11:24:20','0','更新商品类别ID为  9 成功！','更新商品类别成功'), ('5488','63','更新商品类别','127.0.0.1','2017-10-06 11:24:24','0','更新商品类别ID为  3 成功！','更新商品类别成功'), ('5489','63','登录系统','127.0.0.1','2017-10-06 13:22:31','0','管理用户：jsh 登录系统','jsh 登录系统'), ('5490','63','登录系统','127.0.0.1','2017-10-06 15:08:18','0','管理用户：jsh 登录系统','jsh 登录系统'), ('5491','63','增加功能','127.0.0.1','2017-10-06 15:24:54','0','增加功能名称为  客户对账单 成功！','增加功能成功'), ('5492','63','增加功能','127.0.0.1','2017-10-06 15:26:09','0','增加功能名称为  供应商对账单 成功！','增加功能成功'), ('5493','63','更新UserBusiness','127.0.0.1','2017-10-06 15:27:18','0','更新UserBusiness的ID为  5 成功！','更新UserBusiness成功'), ('5494','63','更新UserBusiness','127.0.0.1','2017-10-06 15:40:27','0','更新UserBusiness的ID为  5 成功！','更新UserBusiness成功'), ('5495','63','删除功能','127.0.0.1','2017-10-06 15:40:41','0','删除功能ID为  236 成功！','删除功能成功'), ('5496','63','更新功能','127.0.0.1','2017-10-06 15:41:12','0','更新功能ID为  235 成功！','更新功能成功'), ('5497','63','更新UserBusiness','127.0.0.1','2017-10-06 15:41:24','0','更新UserBusiness的ID为  5 成功！','更新UserBusiness成功'), ('5498','63','登录系统','127.0.0.1','2017-10-06 15:52:47','0','管理用户：jsh 登录系统','jsh 登录系统'), ('5499','63','登录系统','127.0.0.1','2017-10-06 15:59:10','0','管理用户：jsh 登录系统','jsh 登录系统'), ('5500','63','登录系统','127.0.0.1','2017-10-06 16:02:32','0','管理用户：jsh 登录系统','jsh 登录系统'), ('5501','63','登录系统','127.0.0.1','2017-10-06 16:31:48','0','管理用户：jsh 登录系统','jsh 登录系统'), ('5502','63','登录系统','127.0.0.1','2017-10-06 16:42:03','0','管理用户：jsh 登录系统','jsh 登录系统'), ('5503','63','增加单据','127.0.0.1','2017-10-06 16:59:38','0','增加单据编号为  XSCK2027060001 成功！','增加单据成功'), ('5504','63','保存仓管通明细','127.0.0.1','2017-10-06 16:59:39','0','保存仓管通明细对应主表编号为  91 成功！','保存仓管通明细成功'), ('5505','63','登录系统','127.0.0.1','2017-10-08 11:21:17','0','管理用户：jsh 登录系统','jsh 登录系统'), ('5506','63','登录系统','127.0.0.1','2017-10-08 18:54:36','0','管理用户：jsh 登录系统','jsh 登录系统'), ('5507','63','增加单据','127.0.0.1','2017-10-08 18:56:50','0','增加单据编号为  XSCK2027080001 成功！','增加单据成功'), ('5508','63','保存仓管通明细','127.0.0.1','2017-10-08 18:56:51','0','保存仓管通明细对应主表编号为  92 成功！','保存仓管通明细成功'), ('5509','63','批量删除单据','127.0.0.1','2017-10-08 19:10:27','0','批量删除单据ID为  92,91 成功！','批量删除单据成功'), ('5510','63','更新仓库','127.0.0.1','2017-10-08 19:11:19','0','更新仓库ID为  1 成功！','更新仓库成功'), ('5511','63','更新仓库','127.0.0.1','2017-10-08 19:11:29','0','更新仓库ID为  3 成功！','更新仓库成功'), ('5512','63','增加单据','127.0.0.1','2017-10-08 19:12:23','0','增加单据编号为  XSCK201710080001 成功！','增加单据成功'), ('5513','63','保存仓管通明细','127.0.0.1','2017-10-08 19:12:23','0','保存仓管通明细对应主表编号为  93 成功！','保存仓管通明细成功'), ('5514','63','增加财务','127.0.0.1','2017-10-08 19:14:56','0','增加财务编号为  SK20171008191440 成功！','增加财务成功'), ('5515','63','保存财务明细','127.0.0.1','2017-10-08 19:14:56','0','保存财务明细对应主表编号为  82 成功！','保存财务明细成功'), ('5516','63','增加单据','127.0.0.1','2017-10-08 19:58:55','0','增加单据编号为  XSCK201710080002 成功！','增加单据成功'), ('5517','63','保存仓管通明细','127.0.0.1','2017-10-08 19:58:55','0','保存仓管通明细对应主表编号为  94 成功！','保存仓管通明细成功'), ('5518','63','更新单据','127.0.0.1','2017-10-08 20:03:09','0','更新单据ID为  94 成功！','更新单据成功'), ('5519','63','更新单据','127.0.0.1','2017-10-08 20:05:31','0','更新单据ID为  94 成功！','更新单据成功'), ('5520','63','更新单据','127.0.0.1','2017-10-08 20:05:38','0','更新单据ID为  94 成功！','更新单据成功'), ('5521','63','更新单据','127.0.0.1','2017-10-08 20:05:44','0','更新单据ID为  94 成功！','更新单据成功');
INSERT INTO `jsh_log` VALUES ('5522','63','更新应用','127.0.0.1','2017-10-08 20:47:54','0','更新应用ID为  26 成功！','更新应用成功'), ('5523','63','更新财务','127.0.0.1','2017-10-08 23:27:25','0','更新财务ID为  80 成功！','更新财务成功'), ('5524','63','增加财务','127.0.0.1','2017-10-08 23:28:36','0','增加财务编号为  FK20171008232825 成功！','增加财务成功'), ('5525','63','保存财务明细','127.0.0.1','2017-10-08 23:28:37','0','保存财务明细对应主表编号为  83 成功！','保存财务明细成功'), ('5526','63','登录系统','127.0.0.1','2017-10-09 00:02:52','0','管理用户：jsh 登录系统','jsh 登录系统'), ('5527','63','增加财务','127.0.0.1','2017-10-09 00:03:13','0','增加财务编号为  SR20171009000300 成功！','增加财务成功'), ('5528','63','保存财务明细','127.0.0.1','2017-10-09 00:03:13','0','保存财务明细对应主表编号为  84 成功！','保存财务明细成功'), ('5529','63','登录系统','127.0.0.1','2017-10-09 00:04:44','0','管理用户：jsh 登录系统','jsh 登录系统'), ('5530','63','登录系统','127.0.0.1','2017-10-09 00:06:27','0','管理用户：jsh 登录系统','jsh 登录系统'), ('5531','63','增加财务','127.0.0.1','2017-10-09 00:06:57','0','增加财务编号为  SR20171009000637 成功！','增加财务成功'), ('5532','63','保存财务明细','127.0.0.1','2017-10-09 00:06:57','0','保存财务明细对应主表编号为  85 成功！','保存财务明细成功'), ('5533','63','删除财务','127.0.0.1','2017-10-09 00:07:16','0','删除财务ID为  68 成功！','删除财务成功'), ('5534','63','增加财务','127.0.0.1','2017-10-09 00:07:28','0','增加财务编号为  ZZ20171009000719 成功！','增加财务成功'), ('5535','63','保存财务明细','127.0.0.1','2017-10-09 00:07:28','0','保存财务明细对应主表编号为  86 成功！','保存财务明细成功'), ('5536','63','更新财务','127.0.0.1','2017-10-09 00:07:40','0','更新财务ID为  86 成功！','更新财务成功'), ('5537','63','增加财务','127.0.0.1','2017-10-09 00:08:00','0','增加财务编号为  FK20171009000747 成功！','增加财务成功'), ('5538','63','保存财务明细','127.0.0.1','2017-10-09 00:08:00','0','保存财务明细对应主表编号为  87 成功！','保存财务明细成功'), ('5539','63','更新财务','127.0.0.1','2017-10-09 00:08:13','0','更新财务ID为  82 成功！','更新财务成功'), ('5540','63','登录系统','127.0.0.1','2017-10-11 00:05:55','0','管理用户：jsh 登录系统','jsh 登录系统'), ('5541','63','更新商品','127.0.0.1','2017-10-11 00:06:22','0','更新商品ID为  485 成功！','更新商品成功'), ('5542','63','更新商品','127.0.0.1','2017-10-11 00:06:38','0','更新商品ID为  485 成功！','更新商品成功'), ('5543','63','更新商品','127.0.0.1','2017-10-11 00:09:05','0','更新商品ID为  485 成功！','更新商品成功'), ('5544','63','登录系统','127.0.0.1','2017-10-11 00:14:40','0','管理用户：jsh 登录系统','jsh 登录系统'), ('5545','63','更新商品','127.0.0.1','2017-10-11 00:14:53','0','更新商品ID为  485 成功！','更新商品成功'), ('5546','63','登录系统','127.0.0.1','2017-10-12 00:18:58','0','管理用户：jsh 登录系统','jsh 登录系统'), ('5547','63','登录系统','127.0.0.1','2017-10-16 00:32:46','0','管理用户：jsh 登录系统','jsh 登录系统'), ('5548','63','更新商品','127.0.0.1','2017-10-16 00:33:03','0','更新商品ID为  485 成功！','更新商品成功'), ('5549','63','更新商品','127.0.0.1','2017-10-16 00:33:23','0','更新商品ID为  485 成功！','更新商品成功'), ('5550','63','登录系统','127.0.0.1','2017-10-18 22:24:06','0','管理用户：jsh 登录系统','jsh 登录系统'), ('5551','63','更新UserBusiness','127.0.0.1','2017-10-18 22:37:56','0','更新UserBusiness的ID为  5 成功！','更新UserBusiness成功'), ('5552','63','登录系统','127.0.0.1','2017-10-18 22:43:49','0','管理用户：jsh 登录系统','jsh 登录系统'), ('5553','63','登录系统','127.0.0.1','2017-10-18 23:16:19','0','管理用户：jsh 登录系统','jsh 登录系统'), ('5554','63','更新商品','127.0.0.1','2017-10-18 23:16:41','0','更新商品ID为  485 成功！','更新商品成功'), ('5555','63','更新商品','127.0.0.1','2017-10-18 23:16:55','0','更新商品ID为  518 成功！','更新商品成功'), ('5556','63','更新商品属性','127.0.0.1','2017-10-18 23:17:47','0','更新商品属性ID为  2 成功！','更新商品属性成功'), ('5557','63','更新商品属性','127.0.0.1','2017-10-18 23:17:52','0','更新商品属性ID为  1 成功！','更新商品属性成功'), ('5558','63','增加单据','127.0.0.1','2017-10-18 23:21:24','0','增加单据编号为  CGRK201710180001 成功！','增加单据成功'), ('5559','63','保存仓管通明细','127.0.0.1','2017-10-18 23:21:24','0','保存仓管通明细对应主表编号为  95 成功！','保存仓管通明细成功'), ('5560','63','登录系统','127.0.0.1','2017-10-19 23:48:51','0','管理用户：jsh 登录系统','jsh 登录系统'), ('5561','63','登录系统','127.0.0.1','2017-10-23 20:36:15','0','管理用户：jsh 登录系统','jsh 登录系统'), ('5562','63','更新商品','127.0.0.1','2017-10-23 20:37:15','0','更新商品ID为  485 成功！','更新商品成功'), ('5563','63','删除商品','127.0.0.1','2017-10-23 20:40:02','0','删除商品ID为  560 成功！','删除商品成功'), ('5564','63','登录系统','127.0.0.1','2017-10-23 23:37:21','0','管理用户：jsh 登录系统','jsh 登录系统'), ('5565','63','登录系统','127.0.0.1','2017-10-24 19:46:53','0','管理用户：jsh 登录系统','jsh 登录系统'), ('5566','63','增加商品','127.0.0.1','2017-10-24 19:51:06','0','增加商品名称为  网布 成功！','增加商品成功'), ('5567','63','更新商品','127.0.0.1','2017-10-24 19:51:38','0','更新商品ID为  560 成功！','更新商品成功'), ('5568','63','登录系统','127.0.0.1','2017-10-24 21:01:11','0','管理用户：jsh 登录系统','jsh 登录系统'), ('5569','63','批量删除商品','127.0.0.1','2017-10-24 21:02:08','0','批量删除商品ID为  560 成功！','批量删除商品成功'), ('5570','63','增加商品','127.0.0.1','2017-10-24 21:05:54','0','增加商品名称为  棉线 成功！','增加商品成功'), ('5571','63','更新商品','127.0.0.1','2017-10-24 21:06:06','0','更新商品ID为  561 成功！','更新商品成功'), ('5572','63','更新商品','127.0.0.1','2017-10-24 21:06:36','0','更新商品ID为  561 成功！','更新商品成功'), ('5573','63','更新商品','127.0.0.1','2017-10-24 21:06:43','0','更新商品ID为  561 成功！','更新商品成功'), ('5574','63','删除商品','127.0.0.1','2017-10-24 21:06:57','0','删除商品ID为  561 成功！','删除商品成功'), ('5575','63','增加商品','127.0.0.1','2017-10-24 21:07:25','0','增加商品名称为  奶酪 成功！','增加商品成功'), ('5576','63','更新商品','127.0.0.1','2017-10-24 21:07:43','0','更新商品ID为  562 成功！','更新商品成功'), ('5577','63','更新商品','127.0.0.1','2017-10-24 21:08:24','0','更新商品ID为  562 成功！','更新商品成功'), ('5578','63','更新商品','127.0.0.1','2017-10-24 21:08:39','0','更新商品ID为  562 成功！','更新商品成功'), ('5579','63','更新商品','127.0.0.1','2017-10-24 21:08:48','0','更新商品ID为  562 成功！','更新商品成功'), ('5580','63','更新商品','127.0.0.1','2017-10-24 21:08:53','0','更新商品ID为  562 成功！','更新商品成功'), ('5581','63','更新商品','127.0.0.1','2017-10-24 21:11:46','0','更新商品ID为  562 成功！','更新商品成功'), ('5582','63','增加商品','127.0.0.1','2017-10-24 21:13:22','0','增加商品名称为  红苹果（蛇果） 成功！','增加商品成功'), ('5583','63','更新商品','127.0.0.1','2017-10-24 21:14:11','0','更新商品ID为  563 成功！','更新商品成功'), ('5584','63','删除商品','127.0.0.1','2017-10-24 21:14:24','0','删除商品ID为  563 成功！','删除商品成功'), ('5585','63','删除商品','127.0.0.1','2017-10-24 21:16:56','0','删除商品ID为  559 成功！','删除商品成功'), ('5586','63','批量修改商品状态','127.0.0.1','2017-10-24 21:18:55','0','批量修改状态，商品ID为  562 成功！','批量修改商品状态成功'), ('5587','63','批量修改商品状态','127.0.0.1','2017-10-24 21:18:59','0','批量修改状态，商品ID为  562 成功！','批量修改商品状态成功'), ('5588','63','批量修改商品状态','127.0.0.1','2017-10-24 21:19:04','0','批量修改状态，商品ID为  562 成功！','批量修改商品状态成功'), ('5589','63','登录系统','127.0.0.1','2017-10-24 21:33:34','0','管理用户：jsh 登录系统','jsh 登录系统'), ('5590','63','增加商品类别','127.0.0.1','2017-10-24 21:37:38','0','增加商品类别名称为  111 成功！','增加商品类别成功'), ('5591','63','更新商品类别','127.0.0.1','2017-10-24 21:37:55','0','更新商品类别ID为  11 成功！','更新商品类别成功'), ('5592','63','删除商品类别','127.0.0.1','2017-10-24 21:38:09','0','删除商品类别ID为  11 成功！','删除商品类别成功'), ('5593','63','增加单据','127.0.0.1','2017-10-24 22:04:06','0','增加单据编号为  XSCK201710240001 成功！','增加单据成功'), ('5594','63','保存仓管通明细','127.0.0.1','2017-10-24 22:04:07','0','保存仓管通明细对应主表编号为  96 成功！','保存仓管通明细成功'), ('5595','63','更新单据','127.0.0.1','2017-10-24 22:05:04','0','更新单据ID为  96 成功！','更新单据成功'), ('5596','63','更新单据','127.0.0.1','2017-10-24 22:05:11','0','更新单据ID为  96 成功！','更新单据成功'), ('5597','63','增加财务','127.0.0.1','2017-10-24 22:08:21','0','增加财务编号为  SK20171024220754 成功！','增加财务成功'), ('5598','63','保存财务明细','127.0.0.1','2017-10-24 22:08:22','0','保存财务明细对应主表编号为  88 成功！','保存财务明细成功'), ('5599','63','更新财务','127.0.0.1','2017-10-24 22:48:40','0','更新财务ID为  88 成功！','更新财务成功'), ('5600','63','保存财务明细','127.0.0.1','2017-10-24 22:48:40','0','保存财务明细对应主表编号为  88 成功！','保存财务明细成功'), ('5601','63','更新财务','127.0.0.1','2017-10-24 22:48:47','0','更新财务ID为  88 成功！','更新财务成功'), ('5602','63','保存财务明细','127.0.0.1','2017-10-24 22:48:47','0','保存财务明细对应主表编号为  88 成功！','保存财务明细成功'), ('5603','63','更新单据','127.0.0.1','2017-10-24 23:03:17','0','更新单据ID为  96 成功！','更新单据成功'), ('5604','63','更新单据','127.0.0.1','2017-10-24 23:03:34','0','更新单据ID为  96 成功！','更新单据成功'), ('5605','63','登录系统','127.0.0.1','2017-10-24 23:39:27','0','管理用户：jsh 登录系统','jsh 登录系统'), ('5606','63','登录系统','127.0.0.1','2017-10-24 23:47:01','0','管理用户：jsh 登录系统','jsh 登录系统'), ('5607','63','登录系统','127.0.0.1','2017-10-24 23:48:59','0','管理用户：jsh 登录系统','jsh 登录系统'), ('5608','63','登录系统','127.0.0.1','2017-10-25 00:07:52','0','管理用户：jsh 登录系统','jsh 登录系统'), ('5609','63','登录系统','127.0.0.1','2017-10-25 00:15:04','0','管理用户：jsh 登录系统','jsh 登录系统'), ('5610','63','登录系统','127.0.0.1','2017-10-25 00:21:23','0','管理用户：jsh 登录系统','jsh 登录系统'), ('5611','63','登录系统','127.0.0.1','2017-10-25 20:49:34','0','管理用户：jsh 登录系统','jsh 登录系统'), ('5612','63','登录系统','127.0.0.1','2017-10-25 21:43:16','0','管理用户：jsh 登录系统','jsh 登录系统'), ('5613','63','登录系统','127.0.0.1','2017-10-25 21:57:47','0','管理用户：jsh 登录系统','jsh 登录系统'), ('5614','63','登录系统','127.0.0.1','2017-10-25 22:02:52','0','管理用户：jsh 登录系统','jsh 登录系统'), ('5615','63','登录系统','127.0.0.1','2017-10-25 22:18:55','0','管理用户：jsh 登录系统','jsh 登录系统'), ('5616','63','登录系统','127.0.0.1','2017-10-25 23:58:44','0','管理用户：jsh 登录系统','jsh 登录系统'), ('5617','63','登录系统','127.0.0.1','2017-10-26 00:02:20','0','管理用户：jsh 登录系统','jsh 登录系统'), ('5618','63','登录系统','127.0.0.1','2017-10-26 22:24:27','0','管理用户：jsh 登录系统','jsh 登录系统'), ('5619','63','登录系统','127.0.0.1','2017-10-26 22:47:31','0','管理用户：jsh 登录系统','jsh 登录系统'), ('5620','63','登录系统','127.0.0.1','2017-10-26 23:25:19','0','管理用户：jsh 登录系统','jsh 登录系统'), ('5621','63','登录系统','127.0.0.1','2017-10-26 23:41:57','0','管理用户：jsh 登录系统','jsh 登录系统');
INSERT INTO `jsh_log` VALUES ('5622','63','登录系统','127.0.0.1','2017-10-26 23:49:19','0','管理用户：jsh 登录系统','jsh 登录系统'), ('5623','63','登录系统','127.0.0.1','2017-10-27 00:19:30','0','管理用户：jsh 登录系统','jsh 登录系统'), ('5624','63','登录系统','127.0.0.1','2017-10-27 00:46:10','0','管理用户：jsh 登录系统','jsh 登录系统'), ('5625','63','登录系统','127.0.0.1','2017-10-27 00:52:56','0','管理用户：jsh 登录系统','jsh 登录系统'), ('5626','63','登录系统','127.0.0.1','2017-10-27 22:19:31','0','管理用户：jsh 登录系统','jsh 登录系统'), ('5627','63','更新功能','127.0.0.1','2017-10-27 22:22:20','0','更新功能ID为  235 成功！','更新功能成功'), ('5628','63','登录系统','127.0.0.1','2017-10-27 22:45:08','0','管理用户：jsh 登录系统','jsh 登录系统'), ('5629','63','删除财务','127.0.0.1','2017-10-27 22:48:33','0','删除财务ID为  81 成功！','删除财务成功'), ('5630','63','登录系统','127.0.0.1','2017-10-27 23:05:42','0','管理用户：jsh 登录系统','jsh 登录系统'), ('5631','63','登录系统','127.0.0.1','2017-10-27 23:09:02','0','管理用户：jsh 登录系统','jsh 登录系统'), ('5632','63','登录系统','127.0.0.1','2017-10-27 23:12:10','0','管理用户：jsh 登录系统','jsh 登录系统'), ('5633','63','更新供应商','127.0.0.1','2017-10-27 23:32:39','0','更新供应商ID为  2 成功！','更新供应商成功'), ('5634','63','更新供应商','127.0.0.1','2017-10-27 23:41:02','0','更新供应商ID为  4 成功！','更新供应商成功'), ('5635','63','更新供应商','127.0.0.1','2017-10-27 23:41:14','0','更新供应商ID为  46 成功！','更新供应商成功'), ('5636','63','更新供应商','127.0.0.1','2017-10-27 23:41:20','0','更新供应商ID为  46 成功！','更新供应商成功'), ('5637','63','更新供应商','127.0.0.1','2017-10-27 23:42:46','0','更新供应商ID为  6 成功！','更新供应商成功'), ('5638','63','更新供应商','127.0.0.1','2017-10-27 23:42:58','0','更新供应商ID为  6 成功！','更新供应商成功'), ('5639','63','登录系统','127.0.0.1','2017-10-27 23:51:59','0','管理用户：jsh 登录系统','jsh 登录系统'), ('5640','63','登录系统','127.0.0.1','2017-10-29 19:24:00','0','管理用户：jsh 登录系统','jsh 登录系统'), ('5641','63','登录系统','127.0.0.1','2017-10-29 19:50:24','0','管理用户：jsh 登录系统','jsh 登录系统'), ('5642','63','登录系统','127.0.0.1','2017-10-29 19:53:45','0','管理用户：jsh 登录系统','jsh 登录系统'), ('5643','63','登录系统','127.0.0.1','2017-10-29 20:34:18','0','管理用户：jsh 登录系统','jsh 登录系统'), ('5644','63','登录系统','127.0.0.1','2017-10-29 20:46:31','0','管理用户：jsh 登录系统','jsh 登录系统'), ('5645','63','登录系统','127.0.0.1','2017-10-29 20:48:56','0','管理用户：jsh 登录系统','jsh 登录系统'), ('5646','63','更新单据','127.0.0.1','2017-10-29 21:10:40','0','更新单据ID为  29 成功！','更新单据成功'), ('5647','63','保存仓管通明细','127.0.0.1','2017-10-29 21:10:41','0','保存仓管通明细对应主表编号为  29 成功！','保存仓管通明细成功'), ('5648','63','更新单据','127.0.0.1','2017-10-29 21:11:05','0','更新单据ID为  29 成功！','更新单据成功'), ('5649','63','更新单据','127.0.0.1','2017-10-29 21:11:27','0','更新单据ID为  29 成功！','更新单据成功'), ('5650','63','增加功能','127.0.0.1','2017-10-29 21:38:18','0','增加功能名称为  供应商对账 成功！','增加功能成功'), ('5651','63','更新功能','127.0.0.1','2017-10-29 21:38:33','0','更新功能ID为  235 成功！','更新功能成功'), ('5652','63','更新UserBusiness','127.0.0.1','2017-10-29 21:40:09','0','更新UserBusiness的ID为  5 成功！','更新UserBusiness成功'), ('5653','63','更新UserBusiness','127.0.0.1','2017-10-29 21:43:27','0','更新UserBusiness的ID为  27 成功！','更新UserBusiness成功'), ('5654','63','登录系统','127.0.0.1','2017-10-29 22:28:15','0','管理用户：jsh 登录系统','jsh 登录系统'), ('5655','63','登录系统','127.0.0.1','2017-10-29 22:53:32','0','管理用户：jsh 登录系统','jsh 登录系统'), ('5656','63','增加单据','127.0.0.1','2017-10-29 23:30:47','0','增加单据编号为  CGRK201710290001 成功！','增加单据成功'), ('5657','63','保存仓管通明细','127.0.0.1','2017-10-29 23:30:48','0','保存仓管通明细对应主表编号为  97 成功！','保存仓管通明细成功'), ('5658','63','增加单据','127.0.0.1','2017-10-29 23:32:07','0','增加单据编号为  CGRK201710290002 成功！','增加单据成功'), ('5659','63','保存仓管通明细','127.0.0.1','2017-10-29 23:32:08','0','保存仓管通明细对应主表编号为  98 成功！','保存仓管通明细成功'), ('5660','63','增加单据','127.0.0.1','2017-10-29 23:33:45','0','增加单据编号为  CGRK201710290003 成功！','增加单据成功'), ('5661','63','保存仓管通明细','127.0.0.1','2017-10-29 23:33:45','0','保存仓管通明细对应主表编号为  99 成功！','保存仓管通明细成功'), ('5662','63','登录系统','127.0.0.1','2017-10-30 00:00:46','0','管理用户：jsh 登录系统','jsh 登录系统'), ('5663','63','更新应用','127.0.0.1','2017-10-30 00:01:02','0','更新应用ID为  8 成功！','更新应用成功'), ('5664','63','登录系统','127.0.0.1','2017-10-30 21:46:00','0','管理用户：jsh 登录系统','jsh 登录系统'), ('5665','63','增加财务','127.0.0.1','2017-10-30 23:25:48','0','增加财务编号为  SK20171030232535 成功！','增加财务成功'), ('5666','63','保存财务明细','127.0.0.1','2017-10-30 23:25:48','0','保存财务明细对应主表编号为  89 成功！','保存财务明细成功'), ('5667','63','更新财务','127.0.0.1','2017-10-30 23:26:57','0','更新财务ID为  89 成功！','更新财务成功'), ('5668','63','保存财务明细','127.0.0.1','2017-10-30 23:26:57','0','保存财务明细对应主表编号为  89 成功！','保存财务明细成功'), ('5669','63','登录系统','127.0.0.1','2017-10-31 00:01:08','0','管理用户：jsh 登录系统','jsh 登录系统'), ('5670','63','登录系统','127.0.0.1','2017-10-31 00:11:26','0','管理用户：jsh 登录系统','jsh 登录系统'), ('5671','63','登录系统','127.0.0.1','2017-10-31 21:14:14','0','管理用户：jsh 登录系统','jsh 登录系统'), ('5672','63','登录系统','127.0.0.1','2017-10-31 23:30:48','0','管理用户：jsh 登录系统','jsh 登录系统'), ('5673','63','登录系统','127.0.0.1','2017-10-31 23:50:38','0','管理用户：jsh 登录系统','jsh 登录系统'), ('5674','63','登录系统','127.0.0.1','2017-10-31 23:57:35','0','管理用户：jsh 登录系统','jsh 登录系统'), ('5675','63','登录系统','127.0.0.1','2017-10-31 23:58:52','0','管理用户：jsh 登录系统','jsh 登录系统'), ('5676','63','登录系统','127.0.0.1','2017-11-01 20:46:21','0','管理用户：jsh 登录系统','jsh 登录系统'), ('5677','63','增加单据','127.0.0.1','2017-11-01 23:06:40','0','增加单据编号为  LPXS201711010001 成功！','增加单据成功'), ('5678','63','保存仓管通明细','127.0.0.1','2017-11-01 23:06:41','0','保存仓管通明细对应主表编号为  100 成功！','保存仓管通明细成功'), ('5679','63','登录系统','127.0.0.1','2017-11-01 23:37:58','0','管理用户：jsh 登录系统','jsh 登录系统'), ('5680','63','登录系统','127.0.0.1','2017-11-02 00:06:23','0','管理用户：jsh 登录系统','jsh 登录系统'), ('5681','63','登录系统','127.0.0.1','2017-11-02 00:09:08','0','管理用户：jsh 登录系统','jsh 登录系统'), ('5682','63','登录系统','127.0.0.1','2017-11-02 21:10:57','0','管理用户：jsh 登录系统','jsh 登录系统'), ('5683','63','登录系统','127.0.0.1','2017-11-02 21:50:30','0','管理用户：jsh 登录系统','jsh 登录系统'), ('5684','63','登录系统','127.0.0.1','2017-11-02 22:46:49','0','管理用户：jsh 登录系统','jsh 登录系统'), ('5685','63','增加单据','127.0.0.1','2017-11-02 22:51:17','0','增加单据编号为  DBCK201711020001 成功！','增加单据成功'), ('5686','63','保存仓管通明细','127.0.0.1','2017-11-02 22:51:17','0','保存仓管通明细对应主表编号为  101 成功！','保存仓管通明细成功'), ('5687','63','登录系统','127.0.0.1','2017-11-02 23:02:53','0','管理用户：jsh 登录系统','jsh 登录系统'), ('5688','63','登录系统','127.0.0.1','2017-11-02 23:24:19','0','管理用户：jsh 登录系统','jsh 登录系统'), ('5689','63','登录系统','127.0.0.1','2017-11-02 23:57:52','0','管理用户：jsh 登录系统','jsh 登录系统'), ('5690','63','更新UserBusiness','127.0.0.1','2017-11-02 23:59:48','0','更新UserBusiness的ID为  18 成功！','更新UserBusiness成功'), ('5691','63','更新UserBusiness','127.0.0.1','2017-11-03 00:07:32','0','更新UserBusiness的ID为  18 成功！','更新UserBusiness成功'), ('5692','63','登录系统','127.0.0.1','2017-11-03 00:14:40','0','管理用户：jsh 登录系统','jsh 登录系统'), ('5693','63','登录系统','127.0.0.1','2017-11-03 00:22:23','0','管理用户：jsh 登录系统','jsh 登录系统'), ('5694','63','登录系统','127.0.0.1','2017-11-03 23:13:11','0','管理用户：jsh 登录系统','jsh 登录系统'), ('5695','63','批量修改单据状态','127.0.0.1','2017-11-03 23:33:39','0','批量修改状态，单据ID为  98 成功！','批量修改单据状态成功'), ('5696','63','登录系统','127.0.0.1','2017-11-05 17:51:02','0','管理用户：jsh 登录系统','jsh 登录系统'), ('5697','63','登录系统','127.0.0.1','2017-11-05 19:24:27','0','管理用户：jsh 登录系统','jsh 登录系统'), ('5698','63','退出系统','127.0.0.1','2017-11-05 19:42:30','0','管理用户：jsh 退出系统','jsh 退出系统'), ('5699','63','登录系统','127.0.0.1','2017-11-05 19:42:34','0','管理用户：jsh 登录系统','jsh 登录系统'), ('5700','63','更新单据','127.0.0.1','2017-11-05 21:38:01','0','更新单据ID为  65 成功！','更新单据成功'), ('5701','63','更新单据','127.0.0.1','2017-11-05 21:38:40','0','更新单据ID为  65 成功！','更新单据成功'), ('5702','63','登录系统','127.0.0.1','2017-11-05 21:47:22','0','管理用户：jsh 登录系统','jsh 登录系统'), ('5703','63','登录系统','127.0.0.1','2017-11-05 22:00:16','0','管理用户：jsh 登录系统','jsh 登录系统'), ('5704','63','登录系统','127.0.0.1','2017-11-05 22:56:58','0','管理用户：jsh 登录系统','jsh 登录系统'), ('5705','63','登录系统','127.0.0.1','2017-11-05 23:15:35','0','管理用户：jsh 登录系统','jsh 登录系统'), ('5706','63','登录系统','127.0.0.1','2017-11-05 23:19:20','0','管理用户：jsh 登录系统','jsh 登录系统'), ('5707','63','登录系统','127.0.0.1','2017-11-05 23:25:49','0','管理用户：jsh 登录系统','jsh 登录系统'), ('5708','63','登录系统','127.0.0.1','2017-11-06 20:24:34','0','管理用户：jsh 登录系统','jsh 登录系统'), ('5709','63','增加单据','127.0.0.1','2017-11-06 20:38:46','0','增加单据编号为  LSCK201711060001 成功！','增加单据成功'), ('5710','63','保存仓管通明细','127.0.0.1','2017-11-06 20:38:46','0','保存仓管通明细对应主表编号为  102 成功！','保存仓管通明细成功'), ('5711','63','更新单据','127.0.0.1','2017-11-06 20:39:00','0','更新单据ID为  102 成功！','更新单据成功'), ('5712','63','登录系统','127.0.0.1','2017-11-07 21:00:48','0','管理用户：jsh 登录系统','jsh 登录系统'), ('5713','63','增加单据','127.0.0.1','2017-11-07 21:07:05','0','增加单据编号为  CGRK201711070001 成功！','增加单据成功'), ('5714','63','保存仓管通明细','127.0.0.1','2017-11-07 21:07:06','0','保存仓管通明细对应主表编号为  103 成功！','保存仓管通明细成功'), ('5715','63','增加单据','127.0.0.1','2017-11-07 21:07:40','0','增加单据编号为  CGRK201711070002 成功！','增加单据成功'), ('5716','63','保存仓管通明细','127.0.0.1','2017-11-07 21:07:40','0','保存仓管通明细对应主表编号为  104 成功！','保存仓管通明细成功'), ('5717','63','增加单据','127.0.0.1','2017-11-07 21:08:48','0','增加单据编号为  XSCK201711070001 成功！','增加单据成功'), ('5718','63','保存仓管通明细','127.0.0.1','2017-11-07 21:08:48','0','保存仓管通明细对应主表编号为  105 成功！','保存仓管通明细成功'), ('5719','63','增加单据','127.0.0.1','2017-11-07 21:09:20','0','增加单据编号为  XSCK201711070002 成功！','增加单据成功'), ('5720','63','保存仓管通明细','127.0.0.1','2017-11-07 21:09:20','0','保存仓管通明细对应主表编号为  106 成功！','保存仓管通明细成功'), ('5721','63','更新单据','127.0.0.1','2017-11-19 23:09:26','0','更新单据ID为  82 成功！','更新单据成功');
INSERT INTO `jsh_log` VALUES ('5722','63','更新单据','127.0.0.1','2017-11-19 23:10:00','0','更新单据ID为  90 成功！','更新单据成功'), ('5723','63','更新单据','127.0.0.1','2017-11-19 23:11:11','0','更新单据ID为  70 成功！','更新单据成功'), ('5724','63','更新单据','127.0.0.1','2017-11-19 23:12:07','0','更新单据ID为  19 成功！','更新单据成功'), ('5725','63','增加财务','127.0.0.1','2017-11-19 23:15:02','0','增加财务编号为  SK20171119231440 成功！','增加财务成功'), ('5726','63','保存财务明细','127.0.0.1','2017-11-19 23:15:02','0','保存财务明细对应主表编号为  90 成功！','保存财务明细成功');
INSERT INTO `jsh_material` VALUES ('485','2','棉线','a1',NULL,'100','A21-4321','5g','白色','码','','1','1','1','1',NULL,'','','[{\"basic\":{\"Unit\":\"\",\"RetailPrice\":\"\",\"LowPrice\":\"\",\"PresetPriceOne\":\"\",\"PresetPriceTwo\":\"\"}},{\"other\":{\"Unit\":\"\",\"RetailPrice\":\"\",\"LowPrice\":\"\",\"PresetPriceOne\":\"\",\"PresetPriceTwo\":\"\"}}]','','b2','c3','d4'), ('487','1','网布','制造商b',NULL,'100','12343','10g','','码','','1','1','1','1',NULL,'','','[{\"basic\":{\"Unit\":\"kg\",\"RetailPrice\":\"\",\"LowPrice\":\"\",\"PresetPriceOne\":\"\",\"PresetPriceTwo\":\"\"}},{\"other\":{\"Unit\":\"包\",\"RetailPrice\":\"\",\"LowPrice\":\"\",\"PresetPriceOne\":\"\",\"PresetPriceTwo\":\"\"}}]','',NULL,NULL,NULL), ('498','1','蕾丝','制造商c',NULL,NULL,'B123a','6g','','码','','1.2','1','1.3','1.4',NULL,'','','[{\"basic\":{\"Unit\":\"kg\",\"RetailPrice\":\"\",\"LowPrice\":\"\",\"PresetPriceOne\":\"\",\"PresetPriceTwo\":\"\"}},{\"other\":{\"Unit\":\"包\",\"RetailPrice\":\"\",\"LowPrice\":\"\",\"PresetPriceOne\":\"\",\"PresetPriceTwo\":\"\"}}]','',NULL,NULL,NULL), ('499','1','棉线','制造商d',NULL,NULL,'A21-1234','7g','','码','','2.2','2','2.4','2.6',NULL,'','','[{\"basic\":{\"Unit\":\"kg\",\"RetailPrice\":\"\",\"LowPrice\":\"\",\"PresetPriceOne\":\"\",\"PresetPriceTwo\":\"\"}},{\"other\":{\"Unit\":\"包\",\"RetailPrice\":\"\",\"LowPrice\":\"\",\"PresetPriceOne\":\"\",\"PresetPriceTwo\":\"\"}}]','',NULL,NULL,NULL), ('500','1','纯棉线','制造商e',NULL,NULL,'AAA666','11g','','码','','1.1','1','1.2','1.3',NULL,'','','[{\"basic\":{\"Unit\":\"kg\",\"RetailPrice\":\"\",\"LowPrice\":\"\",\"PresetPriceOne\":\"\",\"PresetPriceTwo\":\"\"}},{\"other\":{\"Unit\":\"包\",\"RetailPrice\":\"\",\"LowPrice\":\"\",\"PresetPriceOne\":\"\",\"PresetPriceTwo\":\"\"}}]','',NULL,NULL,NULL), ('517','1','奶酪','制造商',NULL,NULL,'AAAA','12ml','','','',NULL,NULL,NULL,NULL,'8','瓶','箱','[{\"basic\":{\"Unit\":\"瓶\",\"RetailPrice\":\"1.5\",\"LowPrice\":\"2\",\"PresetPriceOne\":\"3\",\"PresetPriceTwo\":\"4\"}},{\"other\":{\"Unit\":\"箱\",\"RetailPrice\":\"18\",\"LowPrice\":\"24\",\"PresetPriceOne\":\"36\",\"PresetPriceTwo\":\"48\"}}]','',NULL,NULL,NULL), ('518','1','安慕希','伊利',NULL,NULL,'abcd','350ml','银白色','','',NULL,NULL,NULL,NULL,'2','kg','包','[{\"basic\":{\"Unit\":\"kg\",\"RetailPrice\":\"2\",\"LowPrice\":\"1\",\"PresetPriceOne\":\"3\",\"PresetPriceTwo\":\"4\"}},{\"other\":{\"Unit\":\"包\",\"RetailPrice\":\"50\",\"LowPrice\":\"25\",\"PresetPriceOne\":\"75\",\"PresetPriceTwo\":\"100\"}}]','','','',''), ('562','1','红苹果（蛇果）','',NULL,NULL,'60#','大铁筐','','','',NULL,NULL,NULL,NULL,NULL,'','','[{\"basic\":{\"Unit\":\"\",\"RetailPrice\":\"\",\"LowPrice\":\"\",\"PresetPriceOne\":\"\",\"PresetPriceTwo\":\"\"}},{\"other\":{\"Unit\":\"\",\"RetailPrice\":\"\",\"LowPrice\":\"\",\"PresetPriceOne\":\"\",\"PresetPriceTwo\":\"\"}}]','','','','');
INSERT INTO `jsh_materialcategory` VALUES ('1','根目录','1','1'), ('2','花边一级A','1','1'), ('3','花边一级B','1','1'), ('4','其他','2','3'), ('5','其他','3','4'), ('6','花边二级A','2','2'), ('7','花边三级A','3','6'), ('8','花边二级B','2','2'), ('9','花边一级C','1','1'), ('10','花边三级B','3','6');
INSERT INTO `jsh_materialproperty` VALUES ('1','规格','','02','规格'), ('2','颜色','','01','颜色'), ('3','制造商','\0','03','制造商'), ('4','自定义1','\0','04','自定义1'), ('5','自定义2','\0','05','自定义2'), ('6','自定义3','\0','06','自定义3');
INSERT INTO `jsh_person` VALUES ('3','财务员','王五-财务'), ('4','财务员','赵六-财务'), ('5','业务员','小李'), ('6','业务员','小军'), ('7','业务员','小曹');
INSERT INTO `jsh_role` VALUES ('4','管理员',NULL,NULL,NULL), ('5','仓管员',NULL,NULL,NULL), ('6','aaaa',NULL,NULL,NULL);
INSERT INTO `jsh_supplier` VALUES ('1','上海某某花边工厂','乔治','','','','1','供应商','','0',NULL,'20',NULL,NULL,'','','','','','','10'), ('2','客户AAAA','佩琪','','','','1','客户','','24','10',NULL,NULL,NULL,'','','','','','',NULL), ('4','苏州新源布料厂','龙哥','13000000000','312341@qq.com','55','1','供应商','','0',NULL,'44',NULL,NULL,'','','','','','','17'), ('5','客户BBBB','彪哥','13000000000','666@qq.com','','1','客户','','36','20',NULL,NULL,NULL,NULL,NULL,NULL,NULL,NULL,NULL,NULL), ('6','南通宝贝家纺','姗姗','1231','31243@qq.com','备注备注备注','1','客户','','0','5',NULL,NULL,NULL,'2134','15678903','地址地址地址','纳税人识别号','开户行','31234124312','0.17'), ('7','非会员','宋江','13000000000','123456@qq.com','','1','会员','','76.6',NULL,NULL,NULL,NULL,NULL,NULL,NULL,NULL,NULL,NULL,NULL), ('8','hy00001','宋江','13000000000','','','1','会员','','956',NULL,NULL,NULL,NULL,'','','','','','',NULL), ('9','hy00002','吴用','13000000000','','','1','会员','','344',NULL,NULL,NULL,NULL,'','','','','','',NULL), ('10','1268787965','李逵','82567384','423@qq.com','','1','会员','','2122',NULL,NULL,NULL,NULL,'','13000000001','','','','',NULL), ('45','666666666','武松','82567384','423@qq.com','','1','会员','','2100','0','0','0','0','','13000000001','','','','','0'), ('46','南通居梦莱家纺','曹操','','','','1','供应商','','0',NULL,NULL,'0','0','','13000000000','','','','',NULL);
INSERT INTO `jsh_systemconfig` VALUES ('1','basic','company_name','南通jshERP公司','公司名称'), ('2','basic','company_contacts','张三','公司联系人'), ('3','basic','company_address','南通市通州区某某路','公司地址'), ('4','basic','company_tel','0513-10101010','公司电话'), ('5','basic','company_fax','0513-18181818','公司传真'), ('6','basic','company_post_code','226300','公司邮编');
INSERT INTO `jsh_unit` VALUES ('2','kg,包(1:25)'), ('8','瓶,箱(1:12)'), ('11','qwe,sed(1:33)');
INSERT INTO `jsh_user` VALUES ('63','季圣华','jsh','e10adc3949ba59abbe56e057f20f883e','','','','','0','1','-1','',NULL), ('64','张三','zs','e10adc3949ba59abbe56e057f20f883e','','销售','','','0','1',NULL,'',NULL), ('65','李四','ls','e10adc3949ba59abbe56e057f20f883e','','销售','','','0','1',NULL,'',NULL);
INSERT INTO `jsh_userbusiness` VALUES ('1','RoleAPP','4','[23][24][25][8][26][22][7][3][6]',NULL), ('2','RoleAPP','5','[8][7][6]',NULL), ('3','RoleAPP','6','[21][1][8]',NULL), ('4','RoleAPP','7','[21][1][8][11]',NULL), ('5','RoleFunctions','4','[13][12][16][14][15][234][236][22][23][220][25][217][218][26][194][195][31][213][232][233][59][207][208][209][216][226][227][228][229][235][237][210][211][214][215][33][200][201][41][199][202][40][197][203][204][205][206][212]','[{\"funId\":\"25\",\"btnStr\":\"1\"},{\"funId\":\"217\",\"btnStr\":\"1\"},{\"funId\":\"218\",\"btnStr\":\"1\"},{\"funId\":\"232\",\"btnStr\":\"3\"},{\"funId\":\"233\",\"btnStr\":\"3\"},{\"funId\":\"33\",\"btnStr\":\"3\"},{\"funId\":\"200\",\"btnStr\":\"3\"},{\"funId\":\"201\",\"btnStr\":\"3\"},{\"funId\":\"210\",\"btnStr\":\"3\"},{\"funId\":\"211\",\"btnStr\":\"3\"},{\"funId\":\"214\",\"btnStr\":\"3\"},{\"funId\":\"215\",\"btnStr\":\"3\"},{\"funId\":\"41\",\"btnStr\":\"3\"},{\"funId\":\"199\",\"btnStr\":\"3\"},{\"funId\":\"202\",\"btnStr\":\"3\"},{\"funId\":\"40\",\"btnStr\":\"3\"}]'), ('6','RoleFunctions','5','[22][23][25][26][194][195][31][33][200][201][41][199][202]',NULL), ('7','RoleFunctions','6','[13][12][16][33]','[{\"funId\":\"33\",\"btnStr\":\"4\"}]'), ('8','RoleAPP','8','[21][1][8][11][10]',NULL), ('9','RoleFunctions','7','[168][13][12][16][14][15][189][18][19][132]',NULL), ('10','RoleFunctions','8','[168][13][12][16][14][15][189][18][19][132][22][23][25][26][27][157][158][155][156][125][31][127][126][128][33][34][35][36][37][39][40][41][42][43][46][47][48][49][50][51][52][53][54][55][56][57][192][59][60][61][62][63][65][66][68][69][70][71][73][74][76][77][79][191][81][82][83][85][89][161][86][176][165][160][28][134][91][92][29][94][95][97][104][99][100][101][102][105][107][108][110][111][113][114][116][117][118][120][121][131][135][123][122][20][130][146][147][138][148][149][153][140][145][184][152][143][170][171][169][166][167][163][164][172][173][179][178][181][182][183][186][187]',NULL), ('11','RoleFunctions','9','[168][13][12][16][14][15][189][18][19][132][22][23][25][26][27][157][158][155][156][125][31][127][126][128][33][34][35][36][37][39][40][41][42][43][46][47][48][49][50][51][52][53][54][55][56][57][192][59][60][61][62][63][65][66][68][69][70][71][73][74][76][77][79][191][81][82][83][85][89][161][86][176][165][160][28][134][91][92][29][94][95][97][104][99][100][101][102][105][107][108][110][111][113][114][116][117][118][120][121][131][135][123][122][20][130][146][147][138][148][149][153][140][145][184][152][143][170][171][169][166][167][163][164][172][173][179][178][181][182][183][186][187][188]',NULL), ('12','UserRole','1','[5]',NULL), ('13','UserRole','2','[6][7]',NULL), ('14','UserDepot','2','[1][2][6][7]',NULL), ('15','UserDepot','1','[1][2][5][6][7][10][12][14][15][17]',NULL), ('16','UserRole','63','[4]',NULL), ('17','RoleFunctions','13','[46][47][48][49]',NULL), ('18','UserDepot','63','[1][3]',NULL), ('19','UserDepot','5','[6][45][46][50]',NULL), ('20','UserRole','5','[5]',NULL), ('21','UserRole','64','[5]',NULL), ('22','UserDepot','64','[1]',NULL), ('23','UserRole','65','[5]',NULL), ('24','UserDepot','65','[1]',NULL), ('25','UserCustomer','64','[5][2]',NULL), ('26','UserCustomer','65','[6]',NULL), ('27','UserCustomer','63','[5][2]',NULL);
